,GPS LATITUDE (degrees), GPS LONGITUDE (degrees), GPS ALTITUDE (m), GPS SPEED (Kmh), GPS ACCURACY (m), GPS ORIENTATION (Â°),GPS SATELLITES IN RANGE, TIME SINCE START (ms), DATE (YYYY-MO-DD HH-MI-SS_SSS), ACCELEROMETER X (m/s²) , ACCELEROMETER Y (m/s²), ACCELEROMETER Z (m/s²), GRAVITY X (m/s²), GRAVITY Y (m/s²), GRAVITY Z (m/s²), GYROSCOPE X (rad/s), GYROSCOPE Y (rad/s), GYROSCOPE Z (rad/s), MAGNETIC FIELD X (Î¼T), MAGNETIC FIELD Y (Î¼T), MAGNETIC FIELD Z (Î¼T), ORIENTATION (Azimuth) (Â°), ORIENTATION (Pitch) (Â°), ORIENTATION (Roll ) (Â°)
6107,52.37697,-1.2586389999999998,157.1,2.38,3,244.17,18 / 18,406408,2019-09-04 20:13:18:521,-0.2535,-0.1607,9.6949,-0.0127,-0.0023,9.8066,0.0101,-0.3251,-0.0309,10.69,-28.87,-7.69,267.73,-86.94,-31.75
6108,52.37697,-1.2586389999999998,157.1,2.38,3,244.17,18 / 18,406507,2019-09-04 20:13:18:620,-0.1587,-0.1455,10.4523,-0.0066,0.0035,9.8066,0.0099,-0.2844,-0.01,10.25,-28.75,-8.06,269.79,-87.03,-32.12
6109,52.37697,-1.2586389999999998,157.1,2.38,3,244.17,18 / 18,406607,2019-09-04 20:13:18:720,-0.304,-0.0654,9.9318,-0.0055,0.0145,9.8065,0.0243,-0.2554,0.0073,9.44,-28.87,-8.56,274.45,-87.12,-33.99
6110,52.37697,-1.2586389999999998,157.1,2.38,3,244.17,18 / 18,406708,2019-09-04 20:13:18:821,0.1748,0.025,9.9153,-0.0095,0.0048,9.8066,0.0145,-0.2027,-0.0197,9.38,-28.94,-7.87,267.38,-87.25,-37.62
6111,52.37697,-1.2586389999999998,157.1,2.38,3,244.17,18 / 18,406808,2019-09-04 20:13:18:921,0.0659,0.1528,10.0059,-0.0071,0.0021,9.8066,0.0146,-0.1756,-0.012,9.63,-29.12,-8.75,268.21,-87.37,-38.09
6112,52.37697,-1.2586389999999998,157.1,2.38,3,244.17,18 / 18,406908,2019-09-04 20:13:19:021,-0.1878,0.095,9.5341,-0.0124,0.0018,9.8066,0.0189,-0.1627,-0.0392,9.06,-29.5,-8.56,270.13,-87.53,-39.22
6113,52.37697,-1.2586389999999998,157.1,2.38,3,244.17,18 / 18,407008,2019-09-04 20:13:19:121,-0.8001,0.0306,9.945,-0.0142,-0.0051,9.8066,0.0191,-0.1148,-0.0356,9.63,-29.5,-9.0,271.16,-87.79,-36.05
6114,52.37697,-1.2586389999999998,157.1,2.38,3,244.17,18 / 18,407108,2019-09-04 20:13:19:221,-0.7583,-0.4431,9.4094,-0.0101,-0.0086,9.8066,-0.0024,-0.0783,-0.026,10.31,-28.75,-9.19,273.68,-87.93,-33.84
6115,52.37697,-1.2586389999999998,157.1,2.38,3,244.17,18 / 18,407207,2019-09-04 20:13:19:320,-0.7689,0.0637,9.8692,-0.0042,-0.0049,9.8066,-0.0044,-0.0492,-0.015,10.44,-28.31,-9.37,276.2,-87.94,-31.52
6116,52.37697,-1.2586389999999998,157.1,2.38,3,244.17,17 / 18,407307,2019-09-04 20:13:19:420,-0.9599,-0.4147,10.1913,0.0036,-0.0004,9.8066,-0.0031,-0.023,0.0145,9.25,-28.25,-9.06,280.61,-87.94,-29.93
6117,52.37697,-1.2586389999999998,157.1,2.38,3,244.17,17 / 18,407408,2019-09-04 20:13:19:521,-0.7048,-0.1701,10.1481,0.0008,0.006,9.8066,0.0035,0.0016,0.0021,9.88,-28.94,-8.81,274.06,-87.94,-33.49
6118,52.37697,-1.2586389999999998,157.1,2.38,3,244.17,17 / 18,407507,2019-09-04 20:13:19:620,-0.4528,-0.2697,9.9049,-0.0021,-0.0034,9.8066,-0.0078,0.038,-0.0163,10.5,-28.81,-8.62,272.02,-87.96,-33.11
6119,52.37697,-1.2586389999999998,157.1,2.38,3,244.17,17 / 18,407607,2019-09-04 20:13:19:720,-0.4634,-0.4094,9.9547,-0.0029,-0.0072,9.8066,0.0007,0.0608,-0.0309,10.75,-28.31,-8.94,274.38,-87.95,-30.87
6120,52.37697,-1.2586389999999998,157.1,2.38,3,244.17,17 / 18,407708,2019-09-04 20:13:19:821,-0.5484,-0.6363,9.7369,-0.0139,-0.012,9.8066,0.0088,0.0783,-0.0467,10.81,-28.31,-9.25,280.42,-88.08,-25.15
6121,52.37697,-1.2586389999999998,157.1,2.38,3,244.17,17 / 18,407808,2019-09-04 20:13:19:921,-0.6642,-0.9919,9.7296,-0.011,-0.0063,9.8066,0.0138,0.1322,-0.0191,10.81,-27.37,-9.0,285.99,-88.18,-19.96
6122,52.37697,-1.2586389999999998,157.1,2.38,3,244.17,17 / 18,407908,2019-09-04 20:13:20:021,-1.1922,-0.82,9.9506,-0.0129,-0.0056,9.8066,0.0228,0.1442,-0.0249,10.88,-28.06,-7.94,287.69,-88.35,-15.08
6123,52.37697,-1.2586389999999998,157.1,2.38,3,244.17,17 / 18,408007,2019-09-04 20:13:20:120,-1.4844,-0.7425,9.8737,-0.0073,-0.0025,9.8066,0.0119,0.1713,-0.0079,12.25,-27.5,-8.06,290.8,-88.51,-10.27
6124,52.37697,-1.2586389999999998,157.1,2.38,3,244.17,17 / 18,408108,2019-09-04 20:13:20:221,-0.2401,-0.5822,10.7045,-0.0046,0.0009,9.8066,0.0138,0.1761,-0.0081,12.63,-27.12,-8.31,289.99,-88.56,-9.22
6125,52.37697,-1.2586389999999998,157.1,2.38,3,244.17,17 / 18,408208,2019-09-04 20:13:20:321,0.1342,-1.2738,12.4566,-0.0285,-0.0051,9.8065,0.08,0.1674,-0.0162,12.69,-27.62,-7.75,294.18,-88.66,-5.17
6126,52.37697,-1.2586389999999998,157.1,2.38,3,244.17,17 / 17,408308,2019-09-04 20:13:20:421,-0.7146,-0.6373,9.8481,-0.0472,0.0127,9.8065,0.1353,0.1769,-0.0299,12.0,-28.81,-7.06,306.08,-89.27,7.06
6127,52.37697,-1.2586389999999998,157.1,2.38,3,244.17,17 / 17,408407,2019-09-04 20:13:20:520,-1.2891,-0.345,8.6919,-0.0365,0.0213,9.8065,0.0951,0.1439,0.01,11.81,-28.37,-5.69,357.99,-89.79,61.44
6128,52.37697,-1.2586389999999998,157.1,2.38,3,244.17,17 / 17,408508,2019-09-04 20:13:20:621,-1.0908,-0.0874,8.0599,-0.0153,0.0165,9.8066,0.0304,0.1508,0.0353,11.63,-28.56,-5.25,103.4,-89.52,169.75
6129,52.37697,-1.2586389999999998,157.1,2.38,3,244.17,17 / 17,408608,2019-09-04 20:13:20:721,-0.9272,0.151,9.0067,0.0176,-0.0002,9.8066,-0.0557,0.1302,0.019,10.56,-27.87,-4.44,121.4,-89.6,-169.41
6130,52.37697,-1.2586389999999998,157.1,2.38,3,244.17,17 / 17,408707,2019-09-04 20:13:20:820,-0.1985,-0.4534,9.4791,0.0286,-0.0071,9.8066,-0.065,0.1099,0.0127,9.75,-28.31,-4.37,172.07,-89.83,-119.79
6131,52.37697,-1.2586389999999998,157.1,2.38,3,244.17,17 / 17,408808,2019-09-04 20:13:20:921,0.1575,0.0553,10.2404,0.0664,-0.0306,9.8063,-0.2351,0.1108,-0.0249,9.56,-27.56,-4.37,270.85,-89.57,-19.84
6132,52.37697,-1.2586389999999998,157.1,2.38,3,244.17,17 / 17,408908,2019-09-04 20:13:21:021,-0.4471,-0.7769,10.0352,0.0814,-0.0546,9.8061,-0.2556,0.0969999999999999,-0.0082,9.94,-27.37,-6.25,297.36,-88.03,0.46
6133,52.37697,-1.2586389999999998,157.1,2.38,3,244.17,17 / 17,409008,2019-09-04 20:13:21:121,0.3669,-0.4896,10.2013,0.0748,-0.0199,9.8063,-0.1625,0.0892,0.0196,10.31,-26.56,-6.69,298.08,-86.96,-0.94
6134,52.37697,-1.2586389999999998,157.1,2.38,3,244.17,17 / 17,409107,2019-09-04 20:13:21:220,-0.0066,-0.2306,11.1943,0.0297,-0.0171,9.8065,-0.0231,0.0734,0.0214,10.31,-26.94,-7.06,294.66,-85.98,-2.17
6135,52.37697,-1.2586389999999998,157.1,2.38,3,244.17,17 / 17,409208,2019-09-04 20:13:21:321,-0.0881,0.0542,10.2486,-0.0253,0.0303,9.8066,0.1087,0.0617,0.0161,9.88,-26.94,-7.81,296.1,-86.31,-5.5
6136,52.37697,-1.2586389999999998,157.1,2.38,3,244.17,17 / 17,409308,2019-09-04 20:13:21:421,-1.0221,0.5639,9.6941,-0.0412,0.0152,9.8065,0.11,0.0563,-0.0184,11.0,-27.19,-7.5,289.85,-86.83,-6.41
6137,52.37697,-1.2586389999999998,157.1,2.38,3,244.17,17 / 17,409407,2019-09-04 20:13:21:520,-1.0884,0.4971,9.6214,-0.0386,0.0184,9.8066,0.1067,0.0363,-0.0075,10.56,-27.12,-7.31,291.42,-87.3,-5.82
6138,52.37697,-1.2586389999999998,157.1,2.38,3,244.17,17 / 17,409508,2019-09-04 20:13:21:621,-0.3734,0.6785,9.129,-0.0448,0.0236,9.8065,0.1554,0.0305,0.0163,10.75,-27.94,-6.06,286.67,-88.08,-7.82
6139,52.37697,-1.2586389999999998,157.1,2.38,3,244.17,17 / 17,409607,2019-09-04 20:13:21:720,-1.5054,0.4594,10.3766,-0.0224,0.0093,9.8066,0.0221,0.0299,0.0061,10.81,-27.44,-5.94,285.37,-88.71,-10.55
6140,52.37697,-1.2586389999999998,157.1,2.38,3,244.17,17 / 17,409707,2019-09-04 20:13:21:820,-1.3581,0.6276,10.5772,0.0153,-0.0029,9.8066,-0.0706,0.0109,-0.0053,10.88,-26.56,-4.62,279.38,-88.79,-12.39
6141,52.37697,-1.2586389999999998,157.1,2.38,3,244.17,17 / 17,409807,2019-09-04 20:13:21:920,-0.5556,-0.0453,10.4039,0.0265,-0.0036,9.8065,-0.0521,0.0125,0.0111,11.5,-26.69,-3.81,275.67,-88.31,-9.17
6142,52.37697,-1.2586389999999998,157.1,2.38,3,244.17,17 / 17,409908,2019-09-04 20:13:22:021,-0.5435,0.0293,9.7893,0.0093,-0.0007,9.8066,-0.0006,0.0027,-0.0131,12.44,-27.0,-3.5,270.3,-88.16,-9.71
6143,52.37697,-1.2586389999999998,157.1,2.38,3,244.17,17 / 17,410007,2019-09-04 20:13:22:120,-1.0607,0.1568,9.0799,-0.0096,0.0051,9.8066,0.0183,-0.0003,0.0035,13.63,-25.87,-3.06,268.56,-88.21,-10.29
6144,52.37697,-1.2586389999999998,157.1,2.38,3,244.17,17 / 17,410108,2019-09-04 20:13:22:221,-0.922,0.0404,9.745,-0.004,0.0043,9.8066,-0.0039,0.0006,0.0047,14.5,-24.87,-2.62,265.68,-88.33,-12.91
6145,52.37697,-1.2586389999999998,157.1,2.38,3,244.17,17 / 17,410208,2019-09-04 20:13:22:321,-0.7099,0.3339,10.6773,0.0,0.0039,9.8066,0.0038,-0.009,0.0144,15.13,-25.37,-2.44,261.25,-88.31,-13.59
6146,52.37697,-1.2586389999999998,157.1,2.38,3,244.17,18 / 18,410308,2019-09-04 20:13:22:421,-0.6131,0.0523,10.0294,-0.0073,-0.0017,9.8066,0.0254,-0.0413,-0.0075,14.81,-24.69,-3.19,263.79,-88.37,-14.87
6147,52.37697,-1.2586389999999998,157.1,2.38,3,244.17,18 / 18,410407,2019-09-04 20:13:22:520,-0.5376,-0.1722,9.4997,-0.0107,-0.0024,9.8065,0.0304,-0.0117,-0.0066,13.0,-23.94,-2.37,261.88,-88.55,-14.24
6148,52.37697,-1.2586389999999998,157.1,2.38,3,244.17,18 / 18,410508,2019-09-04 20:13:22:621,-0.8939,0.1506,9.5185,-0.0119,-0.0018,9.8066,0.0297,-0.0123,-0.0176,11.69,-24.31,-2.0,261.99,-88.69,-14.92
6149,52.37697,-1.2586389999999998,157.1,2.38,3,244.17,18 / 18,410608,2019-09-04 20:13:22:721,-1.2428,0.0824,9.852,-0.0004,-0.0002,9.8066,-0.0192,-0.0085,0.0094,10.94,-23.56,-3.62,274.51,-88.81,-13.03
6150,52.37697,-1.2586389999999998,157.1,2.38,3,244.17,18 / 18,410708,2019-09-04 20:13:22:821,-0.5295,0.1162,10.0595,0.0086,-0.0028,9.8066,-0.0265,-0.0119,0.001,10.06,-23.12,-3.94,275.93,-88.72,-13.15
6151,52.37697,-1.2586389999999998,157.1,2.38,3,244.17,18 / 18,410808,2019-09-04 20:13:22:921,-0.4527,-0.1755,9.8438,0.0067,-0.0045,9.8066,-0.0227,-0.0106,-0.0024,10.25,-23.12,-5.44,281.77,-88.59,-11.94
6152,52.37697,-1.2586389999999998,157.1,2.38,3,244.17,18 / 18,410907,2019-09-04 20:13:23:020,-0.1928,0.2534,9.1578,0.0048,-0.0008,9.8066,-0.0243,-0.0006,0.0,10.44,-22.75,-5.44,282.12,-88.48,-11.37
6153,52.37697,-1.2586389999999998,157.1,2.38,3,244.17,18 / 18,411007,2019-09-04 20:13:23:120,-0.1723,0.3411,9.8182,0.0098,0.0041,9.8066,-0.0021,-0.0246,0.012,11.44,-23.69,-6.56,286.11,-88.34,-13.41
6154,52.37697,-1.2586389999999998,157.1,2.38,3,244.17,18 / 18,411107,2019-09-04 20:13:23:220,0.0785,0.2547,9.8125,0.0019,0.0022,9.8066,-0.0051,-0.0177,0.0056,12.5,-23.5,-7.0,281.02,-88.31,-14.7
6155,52.37697,-1.2586389999999998,157.1,2.38,3,244.17,18 / 18,411207,2019-09-04 20:13:23:320,0.1469,0.1793,9.6433,0.0065,-0.005,9.8066,-0.017,-0.0108,-0.0107,12.19,-24.0,-5.56,279.12,-88.27,-14.38
6156,52.37697,-1.2586389999999998,157.1,2.38,3,244.17,18 / 18,411307,2019-09-04 20:13:23:420,0.3994,0.2868,9.6988,0.0008,0.0023,9.8066,-0.0012,-0.0133,0.0105,12.38,-25.37,-5.19,275.56,-88.19,-13.59
6157,52.37697,-1.2586389999999998,157.1,2.38,3,244.17,16 / 17,411408,2019-09-04 20:13:23:521,-0.3682,-0.4045,9.7166,-0.0029,0.0014,9.8066,-0.0066,-0.0119,0.015,12.31,-24.87,-5.12,274.86,-88.22,-14.34
6158,52.37697,-1.2586389999999998,157.1,2.38,3,244.17,16 / 17,411507,2019-09-04 20:13:23:620,-0.4766,-0.1166,10.0227,0.0021,0.0055,9.8066,-0.0034,-0.0173,0.0134,11.75,-24.75,-5.25,272.69,-88.21,-16.48
6159,52.37697,-1.2586389999999998,157.1,2.38,3,244.17,16 / 17,411608,2019-09-04 20:13:23:721,0.3453,0.1894,10.1012,-0.0029,-0.009,9.8066,-0.006,0.0242,-0.0396,12.25,-25.44,-6.19,278.1,-88.21,-15.16
6160,52.37697,-1.2586389999999998,157.1,2.38,3,244.17,16 / 17,411708,2019-09-04 20:13:23:821,-0.153,0.0106,10.0045,-0.0035,0.0007,9.8066,0.0119,-0.0446,0.0088,11.25,-24.94,-7.12,286.51,-88.25,-12.74
6161,52.37697,-1.2586389999999998,157.1,2.38,3,244.17,16 / 17,411808,2019-09-04 20:13:23:921,-0.1541,-0.1272,10.0622,0.0022,0.0021,9.8066,0.0038,-0.0233,0.0163,11.44,-25.87,-7.75,289.77,-88.28,-13.14
6162,52.37697,-1.2586389999999998,157.1,2.38,3,244.17,16 / 17,411908,2019-09-04 20:13:24:021,-0.1518,0.1353,9.9663,0.0033,0.0097,9.8066,0.0073,-0.0201,0.012,11.44,-25.75,-7.62,285.52,-88.26,-17.3
6163,52.37697,-1.2586389999999998,157.1,2.38,3,244.17,16 / 17,412007,2019-09-04 20:13:24:120,-0.6704,0.249,9.7644,-0.0036,0.0009,9.8066,0.0,-0.0257,0.0204,11.69,-26.12,-7.12,278.0,-88.3,-19.09
6164,52.37697,-1.2586389999999998,157.1,2.38,3,244.17,16 / 17,412108,2019-09-04 20:13:24:221,-0.0346,0.0744,9.5287,-0.0002,0.0079,9.8066,0.0121,-0.0185,0.0013,11.75,-26.56,-7.81,278.35,-88.32,-22.21
6165,52.37697,-1.2586389999999998,157.1,2.38,3,244.17,16 / 17,412208,2019-09-04 20:13:24:321,0.2019999999999999,0.1859,9.8382,0.0057,-0.0009,9.8066,-0.0104,-0.0141,-0.0028,11.81,-26.12,-7.06,273.77,-88.33,-23.37
6166,52.37697,-1.2586389999999998,157.1,2.38,3,244.17,16 / 17,412307,2019-09-04 20:13:24:420,0.244,0.1994,10.0611,0.0017,-0.0025,9.8066,-0.0024,-0.0209,0.0057,12.75,-25.94,-4.06,261.9,-88.29,-21.96
6167,52.37697,-1.2586389999999998,157.1,2.38,3,244.17,16 / 17,412408,2019-09-04 20:13:24:521,0.3299,-0.1921,9.9185,-0.0077,0.0051,9.8066,0.0257,-0.0202,0.0059,13.13,-24.87,-3.69,261.46,-88.3,-22.56
6168,52.37697,-1.2586389999999998,157.1,2.38,3,244.17,16 / 17,412507,2019-09-04 20:13:24:620,-0.1102,0.3119,9.8794,-0.008,0.0038,9.8066,0.0151,-0.0169,0.0008,13.31,-25.19,-3.44,253.63,-88.43,-26.56
6169,52.37697,-1.2586389999999998,157.1,2.38,3,244.17,16 / 17,412608,2019-09-04 20:13:24:721,-0.2476,0.1571,9.4545,-0.0038,-0.0001,9.8066,-0.0056,-0.0003,-0.0019,13.25,-25.0,-4.19,256.85,-88.5,-27.57
6170,52.37697,-1.2586389999999998,157.1,2.38,3,244.17,16 / 17,412708,2019-09-04 20:13:24:821,-0.3561,0.0076,9.7535,0.0036,-0.0069999999999999,9.8066,-0.0273,-0.0241,-0.0169,13.31,-24.62,-3.69,259.19,-88.48,-25.17
6171,52.37697,-1.2586389999999998,157.1,2.38,3,244.17,16 / 17,412808,2019-09-04 20:13:24:921,-0.3845,0.1316,10.0516,0.0135,-0.0098,9.8066,-0.0412,-0.0177,-0.0197,13.56,-25.19,-3.44,258.21,-88.37,-21.1
6172,52.37697,-1.2586389999999998,157.1,2.38,3,244.17,16 / 17,412908,2019-09-04 20:13:25:021,0.1875,-0.1197,10.219,0.0088,-0.0026,9.8066,-0.011,-0.0202,0.0103,13.0,-24.12,-4.06,267.8,-88.19,-16.11
6173,52.37697,-1.2586389999999998,157.1,2.38,3,244.17,16 / 17,413007,2019-09-04 20:13:25:120,-0.0499,0.1266,10.0854,-0.0081,0.0027,9.8066,0.0252,-0.0472,-0.0004,12.5,-23.5,-4.56,270.8,-88.2,-17.26
6174,52.37697,-1.2586389999999998,157.1,2.38,3,244.17,16 / 17,413108,2019-09-04 20:13:25:221,-0.2907,-0.3351,9.5864,-0.0126,0.0031,9.8066,0.0333,-0.0062,-0.0151,12.38,-24.06,-6.94,278.74,-88.38,-18.74
6175,52.37697,-1.2586389999999998,157.1,2.38,3,244.17,16 / 17,413208,2019-09-04 20:13:25:321,-0.6072,-0.1153,9.9685,-0.0088,0.0001,9.8066,-0.0004,-0.0074,-0.0037,9.88,-23.94,-8.56,290.77,-88.6,-18.88
6176,52.37697,-1.2586389999999998,157.1,2.38,3,244.17,16 / 17,413308,2019-09-04 20:13:25:421,-0.1605,-0.0384,10.0524,0.0076,0.0032,9.8066,-0.017,-0.018,0.0233,9.38,-26.06,-7.81,288.39,-88.56,-20.28
6177,52.377136,-1.259178,157.78,7.59,4,298.73,16 / 17,413407,2019-09-04 20:13:25:520,0.593,-0.1144,9.8297,0.009,0.0026,9.8066,-0.0122,-0.0133,0.0158,9.25,-26.31,-8.37,286.39,-88.52,-22.16
6178,52.377136,-1.259178,157.78,7.59,4,298.73,16 / 17,413508,2019-09-04 20:13:25:621,0.4997,-0.5327,10.1408,-0.0019,-0.0038,9.8066,0.0012,-0.0125,-0.0116,9.75,-27.31,-7.81,282.18,-88.43,-23.23
6179,52.377136,-1.259178,157.78,7.59,4,298.73,16 / 17,413607,2019-09-04 20:13:25:720,0.7294,-0.2972,9.7356,-0.0036,0.002,9.8066,0.0201,-0.0343,-0.0012,11.06,-27.62,-7.0,276.28,-88.47,-22.91
6180,52.377136,-1.259178,157.78,7.59,4,298.73,16 / 17,413708,2019-09-04 20:13:25:821,0.8199,-0.4818,9.558,-0.0081,0.0098,9.8066,0.0151,-0.008,0.0118,11.63,-27.12,-7.0,272.67,-88.58,-24.82
6181,52.377136,-1.259178,157.78,7.59,4,298.73,16 / 17,413807,2019-09-04 20:13:25:920,0.053,0.1248,9.8192,0.0035,0.0055,9.8066,-0.0035,-0.0098,0.0193,12.81,-27.12,-6.94,265.76,-88.61,-30.01
6182,52.377136,-1.259178,157.78,7.59,4,298.73,16 / 17,413908,2019-09-04 20:13:26:021,0.5346,-0.3764,9.7392,0.011,0.001,9.8065,-0.038,-0.0184,0.0148,12.44,-26.62,-6.56,265.97,-88.54,-31.47
6183,52.377136,-1.259178,157.78,7.59,4,298.73,16 / 17,414008,2019-09-04 20:13:26:121,0.765,0.0981,9.4568,0.0145,-0.0028,9.8066,-0.0453,-0.0163,-0.0022,12.06,-26.19,-6.62,265.91,-88.48,-31.51
6184,52.377136,-1.259178,157.78,7.59,4,298.73,16 / 17,414107,2019-09-04 20:13:26:220,-0.347,-0.8115,9.6407,0.0569,-0.0119,9.8065,-0.0242,-0.009,0.0171,11.38,-26.44,-6.0,265.51,-88.35,-29.69
6185,52.377136,-1.259178,157.78,7.59,4,298.73,16 / 17,414208,2019-09-04 20:13:26:321,1.1394,-0.4803,10.8129,0.0102,0.0008,9.8066,-0.0131,-0.005,-0.0162,9.94,-26.75,-5.81,268.5,-87.9,-27.6
6186,52.377136,-1.259178,157.78,7.59,4,298.73,17 / 18,414308,2019-09-04 20:13:26:421,0.3854,-0.0849,8.8202,-0.0017,0.0033,9.8066,0.0009,0.019,0.0159,8.88,-27.06,-5.69,273.33,-87.97,-25.3
6187,52.377136,-1.259178,157.78,7.59,4,298.73,17 / 18,414408,2019-09-04 20:13:26:521,0.7543,-0.3115,9.7022,-0.0002,0.0023,9.8066,-0.0026,-0.0119,-0.0176,8.56,-27.06,-5.44,267.1,-87.99,-26.67
6188,52.377136,-1.259178,157.78,7.59,4,298.73,17 / 18,414508,2019-09-04 20:13:26:621,0.3906,0.0091,10.4938,-0.0023,-0.0049,9.8066,0.0004,-0.0108,-0.0187,9.94,-27.44,-6.56,277.23,-88.07,-23.51
6189,52.377136,-1.259178,157.78,7.59,4,298.73,17 / 18,414607,2019-09-04 20:13:26:720,0.365,-0.5456,9.281,-0.005,-0.0097,9.8066,0.0272,0.0141,-0.0042,10.13,-26.62,-6.5,276.27,-88.09,-20.3
6190,52.377136,-1.259178,157.78,7.59,4,298.73,17 / 18,414708,2019-09-04 20:13:26:821,0.5011,-0.4537,9.9721,-0.0074,0.0031,9.8066,0.0113,0.0118,-0.0045,10.69,-27.44,-6.31,275.02,-88.18,-19.68
6191,52.377136,-1.259178,157.78,7.59,4,298.73,17 / 18,414807,2019-09-04 20:13:26:920,0.8835,0.0715,10.0514,-0.002,0.0037,9.8066,0.0073,-0.0095,0.0045,10.5,-26.94,-6.25,274.0,-88.27,-20.88
6192,52.377136,-1.259178,157.78,7.59,4,298.73,17 / 18,414907,2019-09-04 20:13:27:020,0.5338,-0.1421,9.8196,-0.0021,-0.0053,9.8066,-0.0071,-0.0064,-0.0123,10.13,-27.0,-5.62,276.24,-88.33,-20.87
6193,52.377136,-1.259178,157.78,7.59,4,298.73,17 / 18,415007,2019-09-04 20:13:27:120,0.784,0.0418,9.7439,-0.0013,-0.0065,9.8066,-0.0069,-0.006,-0.0303,9.63,-27.75,-6.25,279.68,-88.33,-17.33
6194,52.377136,-1.259178,157.78,7.59,4,298.73,17 / 18,415107,2019-09-04 20:13:27:220,0.5579,-0.3806,10.1946,0.0103,0.0128,9.8066,-0.0125,-0.0088,0.0421,9.44,-26.81,-5.81,280.68,-88.28,-18.79
6195,52.377136,-1.259178,157.78,7.59,4,298.73,17 / 18,415208,2019-09-04 20:13:27:321,0.8335,0.0813,10.1802,-0.0036,0.0036,9.8066,0.0281,-0.021,-0.0144,9.69,-27.0,-5.31,270.43,-88.26,-21.92
6196,52.377136,-1.259178,157.78,7.59,4,298.73,17 / 18,415308,2019-09-04 20:13:27:421,0.3742,0.2709,9.8378,-0.0107,0.0006,9.8066,0.0193,-0.0257,-0.0247,10.13,-27.12,-6.37,275.11,-88.4,-22.16
6197,52.377136,-1.259178,157.78,7.59,4,298.73,16 / 18,415408,2019-09-04 20:13:27:521,0.1441,0.2317,9.5849,-0.0048,-0.0024,9.8066,0.0012,-0.0139,-0.0019,10.69,-26.75,-6.31,275.45,-88.55,-20.05
6198,52.377136,-1.259178,157.78,7.59,4,298.73,16 / 18,415507,2019-09-04 20:13:27:620,0.1855,-0.083,9.7255,0.0046,-0.0139,9.8066,-0.0418,-0.0223,-0.0177,10.75,-27.25,-7.19,281.51,-88.56,-18.02
6199,52.377136,-1.259178,157.78,7.59,4,298.73,16 / 18,415607,2019-09-04 20:13:27:720,0.6602,-0.6498,10.0737,0.0175,-0.0123,9.8065,-0.0475,-0.0223,0.0001,11.69,-26.94,-7.69,288.46,-88.29,-12.18
6200,52.377136,-1.259178,157.78,7.59,4,298.73,16 / 18,415708,2019-09-04 20:13:27:821,0.6118,-0.4039999999999999,10.4107,0.002,0.0025,9.8066,0.0076,-0.0153,0.0088,10.31,-27.12,-7.69,293.04,-88.15,-12.02
6201,52.377136,-1.259178,157.78,7.59,4,298.73,16 / 18,415807,2019-09-04 20:13:27:920,0.0809,0.055,9.6126,-0.0085,0.0029,9.8066,0.0289,-0.0079,-0.0186,10.0,-27.5,-8.62,295.99,-88.23,-12.79
6202,52.377136,-1.259178,157.78,7.59,4,298.73,16 / 18,415909,2019-09-04 20:13:28:022,0.1066,0.1917,9.434,-0.0101,0.0065,9.8066,0.0177,0.0043,0.0024,8.81,-26.5,-8.31,296.6,-88.39,-11.91
6203,52.377136,-1.259178,157.78,7.59,4,298.73,16 / 18,416008,2019-09-04 20:13:28:121,0.2822,0.3164,9.5937,-0.0019,-0.0006,9.8066,-0.0059,-0.0102,0.0014,7.5,-26.19,-7.75,300.41,-88.52,-11.65
6204,52.377136,-1.259178,157.78,7.59,4,298.73,16 / 18,416108,2019-09-04 20:13:28:221,-0.2315,-0.2972,9.9188,0.0058,-0.009,9.8066,-0.0205,-0.0183,0.0204,6.75,-25.12,-6.81,301.32,-88.46,-10.35
6205,52.377136,-1.259178,157.78,7.59,4,298.73,16 / 18,416208,2019-09-04 20:13:28:321,-0.0531,-0.213,9.7596,0.0057,0.0026,9.8066,0.0018,-0.0147,0.0066,6.44,-23.75,-5.19,293.16,-88.33,-11.92
6206,52.377136,-1.259178,157.78,7.59,4,298.73,17 / 19,416308,2019-09-04 20:13:28:421,0.1002,-0.0857,9.3176,-0.0029,-0.0012,9.8066,0.0138,0.0211,0.0046,8.63,-23.87,-4.06,277.3,-88.34,-12.65
6207,52.377136,-1.259178,157.78,7.59,4,298.73,17 / 19,416407,2019-09-04 20:13:28:520,0.0157,0.042,9.4683,0.0001,0.0015,9.8066,-0.0135,0.0063,-0.006,9.63,-23.81,-4.06,273.87,-88.34,-14.24
6208,52.377136,-1.259178,157.78,7.59,4,298.73,17 / 19,416507,2019-09-04 20:13:28:620,-0.1116,0.2386,9.8706,0.0123,0.0016,9.8066,-0.027,-0.0121,-0.0029,10.88,-24.0,-4.75,276.57,-88.23,-14.38
6209,52.377136,-1.259178,157.78,7.59,4,298.73,17 / 19,416608,2019-09-04 20:13:28:721,-0.035,-0.3768,9.9697,0.0007,-0.0078,9.8066,0.0054,-0.0012,-0.0292,11.56,-24.5,-6.75,284.25,-88.1,-12.82
6210,52.377136,-1.259178,157.78,7.59,4,298.73,17 / 19,416707,2019-09-04 20:13:28:820,-0.17,-0.3006,9.7865,-0.017,0.0001,9.8066,0.0404,0.0226,-0.0264,12.25,-25.06,-7.06,287.51,-88.17,-9.6
6211,52.377136,-1.259178,157.78,7.59,4,298.73,17 / 19,416808,2019-09-04 20:13:28:921,-0.9077,-0.3579,9.9072,-0.0226,0.004,9.8066,0.0413,0.0349,-0.0153,12.75,-25.06,-9.75,300.12,-88.51,-5.48
6212,52.377136,-1.259178,157.78,7.59,4,298.73,17 / 19,416908,2019-09-04 20:13:29:021,-1.0496,0.2876,9.8457,-0.0032,0.0053,9.8066,-0.0065,0.0328,0.0051,9.69,-26.06,-10.44,306.5,-88.69,-6.55
6213,52.377136,-1.259178,157.78,7.59,4,298.73,17 / 19,417007,2019-09-04 20:13:29:120,-0.1962,-0.1803,10.1609,0.0077,-0.001,9.8066,-0.0217,0.059,0.0053,8.81,-27.12,-9.12,304.62,-88.63,-7.97
6214,52.377136,-1.259178,157.78,7.59,4,298.73,17 / 19,417108,2019-09-04 20:13:29:221,-0.5039,-0.2057,10.1086,0.0014,-0.0088,9.8066,-0.0131,0.0892,-0.0118,7.31,-27.94,-6.62,304.7,-88.53,-6.86
6215,52.377136,-1.259178,157.78,7.59,4,298.73,17 / 19,417207,2019-09-04 20:13:29:320,-0.8146,-1.2884,10.5587,0.0026,0.0044,9.8066,0.0105,0.0701,0.0347,8.69,-28.5,-4.5,284.38,-88.46,-5.34
6216,52.377136,-1.259178,157.78,7.59,4,298.73,17 / 18,417307,2019-09-04 20:13:29:420,-0.3594,-0.6325,9.6297,0.0037,0.0168,9.8066,-0.0007,0.0694,0.0422,11.19,-28.31,-5.12,279.7,-88.47,-11.24
6217,52.377136,-1.259178,157.78,7.59,4,298.73,17 / 18,417407,2019-09-04 20:13:29:520,-0.3746,-0.1643,9.5111,0.0093,0.0076,9.8066,-0.0124,0.0702,0.0195,11.31,-28.12,-4.25,266.36,-88.38,-19.75
6218,52.377136,-1.259178,157.78,7.59,4,298.73,17 / 18,417508,2019-09-04 20:13:29:621,-0.4014,-0.5689,9.7778,0.0122,0.0006,9.8066,-0.0376,0.0837,0.0147,11.81,-28.12,-5.69,272.11,-88.2,-20.7
6219,52.377136,-1.259178,157.78,7.59,4,298.73,17 / 18,417607,2019-09-04 20:13:29:720,-0.8894,-0.6685,10.0633,0.0085,0.0026,9.8066,-0.0056,0.0613,0.0166,11.69,-27.44,-5.19,267.54,-88.07,-21.07
6220,52.377136,-1.259178,157.78,7.59,4,298.73,17 / 18,417708,2019-09-04 20:13:29:821,0.4729,-0.4187,9.8467,0.0063,0.0107,9.8066,0.0015,0.0595,0.0153,11.19,-27.75,-5.19,265.17,-87.96,-24.57
6221,52.377136,-1.259178,157.78,7.59,4,298.73,17 / 18,417807,2019-09-04 20:13:29:920,0.2919,-0.5965,9.5512,0.0031,0.0068,9.8066,0.0023,0.0476,0.0245,10.94,-27.37,-5.81,265.91,-87.88,-28.15
6222,52.377136,-1.259178,157.78,7.59,4,298.73,17 / 18,417907,2019-09-04 20:13:30:020,0.4826,-0.1049,10.052,0.0057,0.0042,9.8066,-0.0064,0.0306,0.0134,10.13,-28.06,-5.56,265.66,-87.82,-30.08
6223,52.377136,-1.259178,157.78,7.59,4,298.73,17 / 18,418007,2019-09-04 20:13:30:120,0.4806,-0.1807,10.3525,0.0038,0.0028,9.8066,-0.0069999999999999,0.0397,0.0089,10.88,-28.31,-5.31,258.08,-87.74,-31.23
6224,52.377136,-1.259178,157.78,7.59,4,298.73,17 / 18,418107,2019-09-04 20:13:30:220,0.1557,-0.7709999999999999,9.9115,-0.0034,-0.0003,9.8066,0.0124,0.0234,0.015,10.75,-28.19,-5.44,258.57,-87.75,-30.75
6225,52.377136,-1.259178,157.78,7.59,4,298.73,17 / 18,418208,2019-09-04 20:13:30:321,0.0991,0.0766,9.8474,0.0007,0.0023,9.8066,0.0043,0.0158,0.0108,10.63,-29.0,-6.12,261.25,-87.73,-32.17
6226,52.377136,-1.259178,157.78,7.59,4,298.73,16 / 16,418308,2019-09-04 20:13:30:421,0.1429,0.0757,9.8228,0.0032,-0.0003,9.8066,-0.0004,-0.0053,0.0076,10.38,-29.5,-5.87,262.82,-87.71,-32.5
6227,52.377136,-1.259178,157.78,7.59,4,298.73,16 / 16,418407,2019-09-04 20:13:30:520,0.4038,-0.3662,9.9419,0.0021,0.0039,9.8066,0.003,-0.0093,0.002,10.25,-29.62,-5.44,257.29,-87.67,-33.18
6228,52.377136,-1.259178,157.78,7.59,4,298.73,16 / 16,418508,2019-09-04 20:13:30:621,0.5337,-0.3133,9.6873,0.0006,0.0049,9.8066,-0.0062,-0.0064,0.0101,10.25,-29.25,-5.87,260.99,-87.65,-34.19
6229,52.377136,-1.259178,157.78,7.59,4,298.73,16 / 16,418607,2019-09-04 20:13:30:720,0.6944,0.1242,9.8296,0.0059,0.0081,9.8066,-0.0062,-0.0072,0.032,10.25,-29.94,-5.56,258.89,-87.55,-35.89
6230,52.377136,-1.259178,157.78,7.59,4,298.73,16 / 16,418707,2019-09-04 20:13:30:820,0.6143,0.1467,9.5367,0.0053,0.0042,9.8065,-0.0029,-0.0255,0.0174,11.0,-29.19,-6.19,254.65,-87.42,-38.2
6231,52.377136,-1.259178,157.78,7.59,4,298.73,16 / 16,418808,2019-09-04 20:13:30:921,0.8015,-0.2058,9.5468,0.0075,0.0037,9.8066,-0.0041,-0.0367,0.0123,10.56,-29.5,-5.75,253.67,-87.33,-39.01
6232,52.377136,-1.259178,157.78,7.59,4,298.73,16 / 16,418907,2019-09-04 20:13:31:020,0.4429,0.1962,9.9986,0.0056,0.0041,9.8066,-0.0253,-0.0225,0.009,10.5,-29.0,-5.75,253.54,-87.25,-38.98
6233,52.377136,-1.259178,157.78,7.59,4,298.73,16 / 16,419008,2019-09-04 20:13:31:121,0.6781,-0.1329,10.2348,0.0084,-0.0001,9.8066,-0.0264,-0.0223,-0.004,10.25,-29.06,-5.37,250.93,-87.11,-38.55
6234,52.377136,-1.259178,157.78,7.59,4,298.73,16 / 16,419110,2019-09-04 20:13:31:223,0.6145,-0.1202,10.0253,0.0069,0.0024,9.8066,0.0074,-0.0296,0.0145,9.88,-28.69,-5.87,256.56,-87.03,-37.23
6235,52.377136,-1.259178,157.78,7.59,4,298.73,16 / 16,419207,2019-09-04 20:13:31:320,0.8390000000000001,-0.3446,9.9139,-0.0023,0.0069999999999999,9.8066,0.0142,-0.0171,0.0112,10.13,-29.06,-5.87,254.88,-86.99,-38.84
6236,52.377136,-1.259178,157.78,7.59,4,298.73,18 / 20,419308,2019-09-04 20:13:31:421,0.4698,0.3268,9.6138,0.0023,0.0001,9.8066,-0.0094,-0.0087,-0.0061,10.0,-30.25,-5.87,253.4,-86.97,-40.09
6237,52.377136,-1.259178,157.78,7.59,4,298.73,18 / 20,419408,2019-09-04 20:13:31:521,1.0617,-0.0709,9.8664,0.0041,-0.0124,9.8066,-0.0273,-0.0179,-0.0221,10.25,-29.19,-5.69,255.57,-86.96,-38.07
6238,52.377136,-1.259178,157.78,7.59,4,298.73,18 / 20,419507,2019-09-04 20:13:31:620,1.1467,-0.5454,10.2614,0.0113,-0.0088,9.8065,-0.0279999999999999,-0.0253,-0.003,9.5,-29.31,-5.25,253.41,-86.9,-35.43
6239,52.377136,-1.259178,157.78,7.59,4,298.73,18 / 20,419607,2019-09-04 20:13:31:720,1.4574,-0.5225,9.7626,0.0074,-0.0048,9.8066,-0.0092,-0.0085,-0.0025,10.0,-29.5,-5.94,260.13,-86.76,-32.87
6240,52.377136,-1.259178,157.78,7.59,4,298.73,18 / 20,419708,2019-09-04 20:13:31:821,1.8768,0.1264,9.4964,-0.0036,-0.0089,9.8066,-0.0045,-0.0175,-0.0354,10.13,-28.56,-6.12,260.86,-86.75,-32.1
6241,52.377136,-1.259178,157.78,7.59,4,298.73,18 / 20,419808,2019-09-04 20:13:31:921,1.8512,-0.5481,9.7307,-0.0001,-0.0186,9.8065,-0.0281,-0.0223,-0.0428,9.63,-29.06,-6.06,265.26,-86.82,-27.79
6242,52.377136,-1.259178,157.78,7.59,4,298.73,18 / 20,419907,2019-09-04 20:13:32:020,1.5343,-0.8475,9.8713,0.004,-0.0057,9.8066,-0.0121,-0.015,-0.0106,9.69,-27.87,-6.81,273.4,-86.74,-24.08
6243,52.377136,-1.259178,157.78,7.59,4,298.73,18 / 20,420008,2019-09-04 20:13:32:121,1.5849,-0.9054,10.2642,-0.0026,-0.004,9.8066,0.0202,-0.0362,-0.0155,10.06,-27.75,-6.06,269.91,-86.74,-23.19
6244,52.377136,-1.259178,157.78,7.59,4,298.73,18 / 20,420107,2019-09-04 20:13:32:220,1.5299,-0.7217,9.6751,-0.0171,0.0092,9.8066,0.0659,-0.0198,0.0036,9.94,-28.94,-6.81,274.14,-86.86,-23.37
6245,52.377136,-1.259178,157.78,7.59,4,298.73,18 / 20,420208,2019-09-04 20:13:32:321,1.444,-0.444,9.2612,-0.0187,0.0125,9.8066,0.0544,-0.0261,0.0091,10.5,-28.37,-6.25,265.09,-87.18,-27.23
6246,52.377136,-1.259178,157.78,7.59,4,298.73,18 / 20,420308,2019-09-04 20:13:32:421,1.6225,-0.1705,9.6339,-0.0028,0.0006,9.8065,0.004,-0.0251,-0.0071,9.81,-29.5,-6.0,264.9,-87.3,-29.36
6247,52.377136,-1.259178,157.78,7.59,4,298.73,17 / 18,420408,2019-09-04 20:13:32:521,1.2435,-0.2322,9.7739,0.0036,-0.0034,9.8066,-0.0179,-0.0237,0.0055,10.13,-29.25,-6.06,265.64,-87.3,-28.63
6248,52.377136,-1.259178,157.78,7.59,4,298.73,17 / 18,420508,2019-09-04 20:13:32:621,2.4317,-0.7006,9.8656,0.0205,0.0049,9.8066,-0.0378,-0.0367,0.0191,10.13,-28.0,-6.62,268.99,-87.03,-29.17
6249,52.377136,-1.259178,157.78,7.59,4,298.73,17 / 18,420608,2019-09-04 20:13:32:721,2.4282,-0.8892,10.1127,0.0109,0.0017,9.8066,-0.0273,-0.0077,0.0126,9.56,-28.44,-6.06,264.27,-86.87,-29.19
6250,52.377136,-1.259178,157.78,7.59,4,298.73,17 / 18,420708,2019-09-04 20:13:32:821,1.9399,-0.3429,9.6288,0.0056,0.0019,9.8066,-0.0041,-0.0299,0.0076,9.63,-28.56,-6.56,268.15,-86.77,-29.14
6251,52.377136,-1.259178,157.78,7.59,4,298.73,17 / 18,420808,2019-09-04 20:13:32:921,1.8722,-0.8932,9.5563,0.0038,-0.0029,9.8066,-0.0044,-0.048,-0.004,9.69,-27.87,-7.12,268.28,-86.69,-29.09
6252,52.377136,-1.259178,157.78,7.59,4,298.73,17 / 18,420908,2019-09-04 20:13:33:021,1.9974,-0.7332,9.9623,0.0036,-0.0002,9.8066,-0.0077,-0.0282,-0.0086,9.5,-28.5,-6.69,268.44,-86.65,-28.85
6253,52.377136,-1.259178,157.78,7.59,4,298.73,17 / 18,421007,2019-09-04 20:13:33:120,1.3128,-0.6222,10.0685,0.0012,-0.0055,9.8066,-0.0053,-0.0141,-0.012,8.94,-29.25,-7.56,275.81,-86.61,-27.66
6254,52.377136,-1.259178,157.78,7.59,4,298.73,17 / 18,421108,2019-09-04 20:13:33:221,1.5162,-0.9327,9.5913,0.0055,-0.0024,9.8066,-0.013,-0.0291,-0.0106,9.38,-28.06,-7.06,272.49,-86.56,-26.9
6255,52.377136,-1.259178,157.78,7.59,4,298.73,17 / 18,421207,2019-09-04 20:13:33:320,1.6351,-0.7599,9.9077,0.0059,-0.0016,9.8066,-0.0089,-0.0277,0.0075,9.38,-28.56,-7.12,272.55,-86.49,-26.37
6256,52.377136,-1.259178,157.78,7.59,4,298.73,19 / 19,421308,2019-09-04 20:13:33:421,1.9804,-1.0613,9.9897,0.0042,-0.0012,9.8066,0.004,-0.0206,0.0043,9.0,-28.5,-6.5,267.86,-86.43,-26.55
6257,52.377136,-1.259178,157.78,7.59,4,298.73,19 / 19,421408,2019-09-04 20:13:33:521,1.5318,-0.6595,9.6994,0.0046,0.0045,9.8066,-0.0037,-0.0193,0.0138,9.56,-28.0,-7.31,269.51,-86.36,-27.09
6258,52.377136,-1.259178,157.78,7.59,4,298.73,19 / 19,421507,2019-09-04 20:13:33:620,2.0917,-0.9646,10.5795,0.0038,0.0011,9.8066,0.0134,-0.0143,0.0034,10.0,-28.0,-7.69,272.87,-86.28,-27.63
6259,52.377136,-1.259178,157.78,7.59,4,298.73,19 / 19,421608,2019-09-04 20:13:33:721,1.7848,-0.6558,10.029,-0.006,0.01,9.8066,0.0364,-0.0272,0.0202,9.25,-28.25,-6.94,269.78,-86.31,-28.98
6260,52.377136,-1.259178,157.78,7.59,4,298.73,19 / 19,421708,2019-09-04 20:13:33:821,1.5594,-0.7146,9.9005,-0.0112,0.0153,9.8065,0.0384,-0.0123,0.0194,8.81,-29.62,-6.12,260.95,-86.45,-32.97
6261,52.377136,-1.259178,157.78,7.59,4,298.73,19 / 19,421807,2019-09-04 20:13:33:920,1.2764,-0.7927,9.6002,-0.0032,0.0114,9.8066,0.0243,-0.0069,0.0337,8.56,-29.87,-6.37,258.85,-86.49,-35.25
6262,52.377136,-1.259178,157.78,7.59,4,298.73,19 / 19,421907,2019-09-04 20:13:34:020,1.8426,-0.6977,9.5583,0.0156,0.0084,9.8066,-0.0294,-0.0171,0.0311,9.13,-30.12,-6.31,256.23,-86.41,-37.77
6263,52.377136,-1.259178,157.78,7.59,4,298.73,19 / 19,422008,2019-09-04 20:13:34:121,1.8824,-0.768,9.8113,0.0154,0.0058,9.8066,-0.0079,-0.0326,0.0399,9.31,-29.0,-6.5,255.1,-86.12,-38.5
6264,52.377136,-1.259178,157.78,7.59,4,298.73,19 / 19,422107,2019-09-04 20:13:34:220,2.0528,-0.0652,10.5845,-0.0051,-0.0085,9.8066,0.0184,-0.0016,-0.0435,8.94,-28.94,-6.31,253.49,-86.01,-39.91
6265,52.377136,-1.259178,157.78,7.59,4,298.73,19 / 19,422207,2019-09-04 20:13:34:320,2.0613,-0.3568,9.5118,-0.006,-0.0075,9.8066,-0.0043,-0.0138,-0.0276,8.56,-29.06,-6.06,255.61,-86.18,-38.14
6266,52.377136,-1.259178,157.78,7.59,4,298.73,19 / 19,422308,2019-09-04 20:13:34:421,1.7191,-1.272,10.3186,0.0044,-0.0242,9.8065,-0.0304,-0.0213,-0.0507,8.94,-29.81,-7.31,262.53,-86.17,-35.31
6267,52.37742,-1.259989,158.0,3.35,4,302.35,18 / 18,422408,2019-09-04 20:13:34:521,1.1952,-1.198,9.3799,0.0082,-0.0124,9.8065,-0.0204,0.0058,0.0076,8.63,-29.19,-6.94,266.43,-86.15,-31.62
6268,52.37742,-1.259989,158.0,3.35,4,302.35,18 / 18,422507,2019-09-04 20:13:34:620,1.473,-1.3216,9.3088,0.0156,0.0016,9.8066,-0.0275,-0.0102,0.0394,9.63,-30.0,-7.06,264.69,-85.95,-30.34
6269,52.37742,-1.259989,158.0,3.35,4,302.35,18 / 18,422608,2019-09-04 20:13:34:721,1.9013,-0.4338,9.3824,0.0279999999999999,0.0095,9.8065,-0.0437,0.0126,0.0346,9.13,-29.25,-7.62,268.92,-85.67,-32.22
6270,52.37742,-1.259989,158.0,3.35,4,302.35,18 / 18,422707,2019-09-04 20:13:34:820,2.1044,-0.3506,9.9472,0.0153,-0.005,9.8066,-0.0159,-0.0256,-0.0023,9.19,-29.25,-7.37,263.45,-85.28,-32.42
6271,52.37742,-1.259989,158.0,3.35,4,302.35,18 / 18,422807,2019-09-04 20:13:34:920,1.8271,-0.7762,10.4653,-0.0051,0.0002,9.8066,0.0143,-0.0142,-0.0137,8.38,-29.56,-7.25,265.29,-85.32,-32.61
6272,52.37742,-1.259989,158.0,3.35,4,302.35,18 / 18,422908,2019-09-04 20:13:35:021,1.7287,-0.9834,10.7018,-0.004,-0.0081,9.8066,0.0084,-0.0108,-0.0305,8.94,-29.19,-7.31,264.33,-85.38,-31.76
6273,52.37742,-1.259989,158.0,3.35,4,302.35,18 / 18,423007,2019-09-04 20:13:35:120,1.913,-0.8204,10.0646,-0.0132,-0.0176,9.8066,0.0121,0.0106,-0.0641,8.44,-29.19,-7.06,268.67,-85.48,-30.08
6274,52.37742,-1.259989,158.0,3.35,4,302.35,18 / 18,423108,2019-09-04 20:13:35:221,1.625,-0.6333,9.3714,-0.0102,-0.0239,9.8066,-0.0019,0.0164,-0.0602,8.88,-29.25,-7.0,271.49,-85.7,-25.35
6275,52.37742,-1.259989,158.0,3.35,4,302.35,18 / 18,423208,2019-09-04 20:13:35:321,1.2316,-0.9106,9.2557,-0.0009,-0.0209,9.8066,-0.0144,-0.0332,-0.0416,9.0,-29.5,-7.69,279.64,-85.73,-21.76
6276,52.37742,-1.259989,158.0,3.35,4,302.35,18 / 18,423307,2019-09-04 20:13:35:420,1.0531,-1.1456,9.4216,0.0001,-0.0138,9.8065,-0.0079,-0.0229,-0.0198,9.13,-30.19,-8.0,283.27,-85.69,-17.79
6277,52.37742,-1.259989,158.0,3.35,4,302.35,18 / 18,423408,2019-09-04 20:13:35:521,1.0437,-0.9264,9.8438,-0.0054,0.002,9.8066,0.0187,0.0134,0.0073,9.63,-29.56,-7.94,281.74,-85.73,-17.03
6278,52.37742,-1.259989,158.0,3.35,4,302.35,18 / 18,423508,2019-09-04 20:13:35:621,1.2163,-0.2717,10.3557,-0.0064,0.0094,9.8066,0.0318,-0.0058,0.015,10.0,-30.12,-6.81,276.56,-85.8,-18.1
6279,52.37742,-1.259989,158.0,3.35,4,302.35,18 / 18,423608,2019-09-04 20:13:35:721,1.2671,-0.2894,10.1398,-0.0009,0.003,9.8066,-0.0022,-0.0012,-0.0029,9.31,-29.37,-7.62,282.5,-85.85,-19.29
6280,52.37742,-1.259989,158.0,3.35,4,302.35,18 / 18,423708,2019-09-04 20:13:35:821,0.6443,-0.1449,9.9004,0.003,-0.0074,9.8066,-0.0069999999999999,-0.006,-0.0202,9.31,-29.25,-7.75,282.97,-85.82,-18.75
6281,52.37742,-1.259989,158.0,3.35,4,302.35,18 / 18,423808,2019-09-04 20:13:35:921,0.283,-0.1113,9.7291,-0.0041,-0.0095,9.8066,0.0069999999999999,0.0008,-0.0266,10.06,-28.5,-7.5,278.03,-85.8,-17.33
6282,52.37742,-1.259989,158.0,3.35,4,302.35,18 / 18,423907,2019-09-04 20:13:36:020,0.1303,-0.2969,9.7379,-0.0051,-0.0057,9.8066,0.0184,-0.0195,-0.0163,9.13,-28.87,-7.5,282.18,-85.86,-15.29
6283,52.37742,-1.259989,158.0,3.35,4,302.35,18 / 18,424007,2019-09-04 20:13:36:120,-0.0016,-0.0335,9.7993,-0.0038,-0.0019,9.8066,0.0205,-0.0102,-0.0068,9.88,-28.0,-7.12,281.07,-85.92,-14.66
6284,52.37742,-1.259989,158.0,3.35,4,302.35,18 / 18,424108,2019-09-04 20:13:36:221,-0.2109,0.2858,9.9145,-0.0017,0.0018,9.8066,0.0184,-0.0023,0.0052,9.19,-28.69,-6.62,282.99,-85.96,-14.77
6285,52.37742,-1.259989,158.0,3.35,4,302.35,18 / 18,424208,2019-09-04 20:13:36:321,-0.3692,0.3824,9.8429,-0.0023,0.0004,9.8066,0.0188,-0.034,-0.0025,9.38,-28.56,-6.37,277.85,-86.01,-15.14
6286,52.37742,-1.259989,158.0,3.35,4,302.35,17 / 18,424308,2019-09-04 20:13:36:421,-0.3768,0.3084,9.715,-0.002,-0.0017,9.8066,0.0113,-0.0231,-0.0131,9.25,-28.75,-6.62,282.78,-86.04,-15.18
6287,52.37742,-1.259989,158.0,3.35,4,302.35,17 / 18,424407,2019-09-04 20:13:36:520,-0.6033,0.1918,9.8601,-0.0009,-0.0018,9.8066,0.0107,-0.0298,-0.0133,9.31,-28.81,-6.5,279.06,-86.08,-14.15
6288,52.37742,-1.259989,158.0,3.35,4,302.35,17 / 18,424508,2019-09-04 20:13:36:621,-0.5308,0.1633,10.0957,-0.0004,-0.002,9.8066,0.0084,-0.0363,-0.0034,8.94,-28.5,-6.69,284.83,-86.08,-13.66
6289,52.37742,-1.259989,158.0,3.35,4,302.35,17 / 18,424608,2019-09-04 20:13:36:721,-0.381,0.3572,9.9242,0.0021,0.0015,9.8066,0.0162,-0.0528,0.0127,9.19,-28.94,-7.31,284.25,-86.06,-13.82
6290,52.37742,-1.259989,158.0,3.35,4,302.35,17 / 18,424707,2019-09-04 20:13:36:820,-0.5863,0.5931,9.8736,-0.0013,0.0059,9.8066,0.03,-0.047,0.0072,9.0,-28.75,-7.81,287.6,-86.08,-14.94
6291,52.37742,-1.259989,158.0,3.35,4,302.35,17 / 18,424808,2019-09-04 20:13:36:921,-0.5859,0.7508,9.5869,-0.0064,0.0025,9.8066,0.0282,-0.0266,-0.0133,9.06,-28.81,-7.19,282.34,-86.17,-15.92
6292,52.37742,-1.259989,158.0,3.35,4,302.35,17 / 18,424908,2019-09-04 20:13:37:021,-0.6066,0.789,9.8551,-0.0054,-0.0051,9.8066,0.012,-0.0382,-0.0242,8.88,-29.94,-6.87,283.01,-86.27,-15.23
6293,52.37742,-1.259989,158.0,3.35,4,302.35,17 / 18,425007,2019-09-04 20:13:37:120,-0.7449,0.4665,9.973,0.002,-0.0074,9.8066,0.0021,-0.0665,-0.0157,8.81,-29.06,-6.5,280.45,-86.25,-13.26
6294,52.37742,-1.259989,158.0,3.35,4,302.35,17 / 18,425108,2019-09-04 20:13:37:221,-0.5563,-0.0436,10.1356,0.0033,-0.0007,9.8066,0.0087,-0.0819,0.0066,8.75,-29.5,-6.37,280.67,-86.2,-12.92
6295,52.37742,-1.259989,158.0,3.35,4,302.35,17 / 18,425208,2019-09-04 20:13:37:321,-0.601,0.7486,10.0784,0.0033,0.0117,9.8066,0.0169,-0.079,0.0251,8.13,-29.25,-5.87,281.72,-86.2,-14.27
6296,52.37742,-1.259989,158.0,3.35,4,302.35,18 / 19,425308,2019-09-04 20:13:37:421,-0.0769,1.0151,9.6418,0.0058,0.0089,9.8066,0.0024,-0.0946,0.0134,8.5,-28.81,-6.87,280.71,-86.17,-17.5
6297,52.37742,-1.259989,158.0,3.35,4,302.35,18 / 19,425407,2019-09-04 20:13:37:520,-0.0046,0.9019,9.6496,0.0087,-0.0077,9.8066,-0.0259,-0.0948,-0.0328,8.31,-29.0,-7.06,282.19,-86.08,-18.44
6298,52.37742,-1.259989,158.0,3.35,4,302.35,18 / 19,425508,2019-09-04 20:13:37:621,0.0152,0.6999,9.895,0.0038,-0.0234,9.8066,-0.0302,-0.0889,-0.0666,8.75,-28.81,-6.87,282.76,-85.92,-14.89
6299,52.37742,-1.259989,158.0,3.35,4,302.35,18 / 19,425607,2019-09-04 20:13:37:720,0.0027,0.4533,9.9997,-0.0052,-0.027,9.8065,-0.0134,-0.1133,-0.0726,8.63,-28.87,-8.19,293.8,-85.8,-8.47
6300,52.37742,-1.259989,158.0,3.35,4,302.35,18 / 19,425707,2019-09-04 20:13:37:820,-0.2182,0.0426,9.745,-0.004,-0.0144,9.8066,0.0031,-0.1403,-0.042,8.56,-28.44,-7.87,297.31,-85.75,-5.43
6301,52.37742,-1.259989,158.0,3.35,4,302.35,18 / 19,425808,2019-09-04 20:13:37:921,-0.3962,0.4541,9.8576,-0.0048,0.0032,9.8066,0.0287,-0.1518,-0.0084,8.44,-28.81,-7.56,301.63,-85.77,-4.02
6302,52.37742,-1.259989,158.0,3.35,4,302.35,18 / 19,425908,2019-09-04 20:13:38:021,-0.0135,0.784,9.8417,-0.0037,0.0072,9.8066,0.0161,-0.1648,-0.0071,8.25,-28.56,-7.5,296.34,-85.89,-4.66
6303,52.37742,-1.259989,158.0,3.35,4,302.35,18 / 19,426008,2019-09-04 20:13:38:121,0.2797,0.5091,9.9248,0.0039,-0.0037,9.8066,-0.0103,-0.1832,-0.0277,7.63,-28.69,-7.75,300.95,-85.9,-4.92
6304,52.37742,-1.259989,158.0,3.35,4,302.35,18 / 19,426107,2019-09-04 20:13:38:220,0.2205,0.3189,9.8687,0.0062,-0.0117,9.8066,-0.0353,-0.1839,-0.0367,7.75,-28.44,-7.87,302.09,-85.75,-3.87
6305,52.37742,-1.259989,158.0,3.35,4,302.35,18 / 19,426208,2019-09-04 20:13:38:321,-0.0128,0.2918,9.8764,0.0003,-0.0132,9.8066,-0.0115,-0.1789,-0.0379,7.13,-28.5,-8.56,311.37,-85.58,-2.49
6306,52.37742,-1.259989,158.0,3.35,4,302.35,16 / 17,426307,2019-09-04 20:13:38:420,-0.2363,0.368,9.9128,-0.0001,0.0002,9.8066,0.0159,-0.1926,-0.0027,7.25,-28.19,-8.81,312.49,-85.49,-1.35
6307,52.37742,-1.259989,158.0,3.35,4,302.35,16 / 17,426408,2019-09-04 20:13:38:521,-0.6396,1.2351,9.9032,0.0027,0.0167,9.8065,0.0316,-0.2309,0.018,6.88,-28.94,-8.44,305.87,-85.55,-2.97
6308,52.37742,-1.259989,158.0,3.35,4,302.35,16 / 17,426508,2019-09-04 20:13:38:621,-0.171,1.3185,9.2924,0.0017,0.0149,9.8066,0.0307,-0.2405,-0.0008,6.75,-29.37,-8.62,306.85,-85.69,-6.37
6309,52.37742,-1.259989,158.0,3.35,4,302.35,16 / 17,426607,2019-09-04 20:13:38:720,-0.1586,1.7367,9.356,0.0073,0.0083,9.8066,-0.0011,-0.2793,0.0009,5.69,-29.37,-9.5,308.63,-85.75,-8.66
6310,52.37742,-1.259989,158.0,3.35,4,302.35,16 / 17,426707,2019-09-04 20:13:38:820,-0.2016,1.4467,9.3967,0.0101,0.0056,9.8066,-0.0056,-0.3399,-0.0066,6.06,-29.56,-9.37,306.34,-85.7,-10.23
6311,52.37742,-1.259989,158.0,3.35,4,302.35,16 / 17,426808,2019-09-04 20:13:38:921,-0.1402,1.7508,9.8929,0.0082,0.0048,9.8066,-0.0054,-0.3454,-0.0043,5.94,-28.81,-10.0,308.82,-85.65,-11.67
6312,52.37742,-1.259989,158.0,3.35,4,302.35,16 / 17,426907,2019-09-04 20:13:39:020,0.3983,1.6972,10.0189,0.0094,0.0007,9.8066,-0.0201,-0.3848,-0.0072,5.31,-28.81,-10.31,311.08,-85.57,-13.56
6313,52.37742,-1.259989,158.0,3.35,4,302.35,16 / 17,427008,2019-09-04 20:13:39:121,0.7774,1.4619,10.1207,0.0234,-0.0122,9.8066,-0.0742,-0.4396,0.0015,4.06,-28.06,-10.75,317.35,-85.37,-15.05
6314,52.37742,-1.259989,158.0,3.35,4,302.35,16 / 17,427108,2019-09-04 20:13:39:221,1.5678,0.1845,10.2903,0.0152,-0.0184,9.8065,-0.0654,-0.4195,-0.0492,3.31,-28.25,-11.81,322.91,-84.93,-16.01
6315,52.37742,-1.259989,158.0,3.35,4,302.35,16 / 17,427208,2019-09-04 20:13:39:321,0.7671,-0.2096,9.6201,-0.0011,-0.0149,9.8065,-0.0432,-0.4436,-0.0363,2.25,-28.44,-12.5,330.0,-84.73,-14.35
6316,52.37742,-1.259989,158.0,3.35,4,302.35,16 / 17,427308,2019-09-04 20:13:39:421,0.6351,-0.139,9.7535,0.016,-0.0047,9.8065,-0.0262,-0.4532,-0.0054,2.06,-28.5,-12.94,330.63,-84.5,-14.76
6317,52.37742,-1.259989,158.0,3.35,4,302.35,18 / 18,427407,2019-09-04 20:13:39:520,0.8326,-0.0481,9.9277,0.0136,0.0136,9.8066,0.0173,-0.4659,-0.0073,1.94,-28.56,-13.0,327.94,-84.43,-16.66
6318,52.37742,-1.259989,158.0,3.35,4,302.35,18 / 18,427508,2019-09-04 20:13:39:621,0.9558,-0.0549,9.7446,0.0089,0.018,9.8065,0.0258,-0.4569,-0.0032,1.19,-28.5,-13.31,329.64,-84.55,-19.92
6319,52.37742,-1.259989,158.0,3.35,4,302.35,18 / 18,427608,2019-09-04 20:13:39:721,1.2018,0.0259,9.7743,0.021,0.0102,9.8066,0.0022,-0.5015,0.0109,0.56,-28.12,-13.5,324.43,-84.58,-24.27
6320,52.37742,-1.259989,158.0,3.35,4,302.35,18 / 18,427708,2019-09-04 20:13:39:821,1.6114,-0.0021,9.9347,0.0117,0.0067,9.8066,-0.0069999999999999,-0.5068,-0.0254,0.0,-28.44,-14.25,327.47,-84.56,-26.56
6321,52.37742,-1.259989,158.0,3.35,4,302.35,18 / 18,427807,2019-09-04 20:13:39:920,1.5165,0.1959,9.9575,-0.0025,0.0059,9.8066,0.0064,-0.5286,-0.07,-1.44,-28.0,-14.69,331.54,-84.59,-27.36
6322,52.37742,-1.259989,158.0,3.35,4,302.35,18 / 18,427908,2019-09-04 20:13:40:021,1.5162,0.5901,9.9471,-0.0118,0.0133,9.8065,0.015,-0.54,-0.0846,-2.31,-27.81,-14.94,337.01,-84.81,-26.75
6323,52.37742,-1.259989,158.0,3.35,4,302.35,18 / 18,428008,2019-09-04 20:13:40:121,1.1048,0.4737,9.4052,-0.0093,0.0014,9.8066,-0.0262,-0.5701,-0.0613,-3.12,-28.56,-15.81,342.11,-85.0,-25.72
6324,52.37742,-1.259989,158.0,3.35,4,302.35,18 / 18,428107,2019-09-04 20:13:40:220,0.8398,0.4506,9.8724,0.0047,-0.0057,9.8066,-0.0387,-0.5894,-0.0212,-3.56,-28.69,-15.06,347.8,-84.98,-25.1
6325,52.37742,-1.259989,158.0,3.35,4,302.35,18 / 18,428207,2019-09-04 20:13:40:320,0.7604,0.1309,9.9799,0.0306,-0.0132,9.8065,-0.0432,-0.5896,0.0408,-4.06,-28.94,-15.75,344.87,-84.81,-26.72
6326,52.37742,-1.259989,158.0,3.35,4,302.35,17 / 18,428307,2019-09-04 20:13:40:420,1.2498,-0.5188,10.174,0.0346,-0.0123,9.8065,-0.0276,-0.5861,0.0331,-5.81,-29.69,-16.12,346.01,-84.43,-32.13
6327,52.37742,-1.259989,158.0,3.35,4,302.35,17 / 18,428408,2019-09-04 20:13:40:521,1.2343,-0.8745,9.8981,0.0227,-0.0026,9.8066,-0.022,-0.5817,-0.0025,-7.44,-28.56,-16.44,345.84,-84.26,-35.39
6328,52.37742,-1.259989,158.0,3.35,4,302.35,17 / 18,428507,2019-09-04 20:13:40:620,1.3219,-0.6941,10.554,0.0158,0.0002,9.8066,-0.0184,-0.5664,-0.0323,-8.5,-28.06,-16.25,345.64,-84.15,-38.59
6329,52.37742,-1.259989,158.0,3.35,4,302.35,17 / 18,428607,2019-09-04 20:13:40:720,0.6791,-0.3675,9.923,-0.0137,0.0181,9.8066,-0.0009,-0.5216,-0.1112,-9.94,-28.44,-15.44,354.57,-84.37,-38.27
6330,52.37742,-1.259989,158.0,3.35,4,302.35,17 / 18,428707,2019-09-04 20:13:40:820,0.3033,0.36,9.5851,-0.0246,0.0267,9.8066,-0.0032,-0.4806,-0.1314,-10.0,-28.44,-14.37,359.47,-84.69,-35.98
6331,52.37742,-1.259989,158.0,3.35,4,302.35,17 / 18,428807,2019-09-04 20:13:40:920,-0.4135,0.5118,9.4943,-0.0091,0.0259,9.8065,0.0144,-0.4118,-0.0753,-10.37,-28.12,-13.56,2.85,-85.01,-33.1
6332,52.37742,-1.259989,158.0,3.35,4,302.35,17 / 18,428908,2019-09-04 20:13:41:021,0.0529,1.128,9.8464,0.0107,0.018,9.8065,0.0307,-0.4184,-0.0153,-10.75,-28.69,-13.75,6.13,-85.39,-32.85
6333,52.37742,-1.259989,158.0,3.35,4,302.35,17 / 18,429007,2019-09-04 20:13:41:120,0.2268,1.1217,9.9532,0.0343,0.0034,9.8066,0.0252,-0.3935,0.0449,-11.44,-28.56,-13.75,2.3,-85.51,-36.15
6334,52.37742,-1.259989,158.0,3.35,4,302.35,17 / 18,429107,2019-09-04 20:13:41:220,0.6752,0.8659,9.9009,0.0351,-0.0077,9.8066,0.0064,-0.3495,0.059,-12.19,-28.19,-13.62,356.4,-85.46,-43.76
6335,52.37742,-1.259989,158.0,3.35,4,302.35,17 / 18,429208,2019-09-04 20:13:41:321,0.9204,0.7571,9.8103,0.0179,-0.0141,9.8066,-0.0253,-0.2802,0.0364,-13.31,-27.62,-13.25,355.82,-85.19,-48.64
6336,52.37742,-1.259989,158.0,3.35,4,302.35,16 / 17,429308,2019-09-04 20:13:41:421,0.9597,0.4356,9.9372,0.005,-0.0129,9.8066,-0.0396,-0.2521,0.0122,-14.06,-27.94,-12.5,359.73,-85.01,-49.63
6337,52.37742,-1.259989,158.0,3.35,4,302.35,16 / 17,429407,2019-09-04 20:13:41:520,0.8428,0.6738,9.4121,-0.0039,0.0013,9.8066,-0.0172,-0.1761,-0.0405,-14.69,-28.0,-12.69,359.28,-84.9,-49.71
6338,52.37742,-1.259989,158.0,3.35,4,302.35,16 / 17,429508,2019-09-04 20:13:41:621,0.9506,0.7478,10.0558,-0.0166,0.0153,9.8066,0.0009,-0.178,-0.078,-13.37,-28.06,-12.62,356.7,-85.06,-47.85
6339,52.37742,-1.259989,158.0,3.35,4,302.35,16 / 17,429607,2019-09-04 20:13:41:720,0.3567,1.5743,10.0352,-0.0166,0.0356,9.8065,0.0308,-0.1406,-0.1003,-13.5,-28.25,-12.94,358.84,-85.39,-46.01
6340,52.37742,-1.259989,158.0,3.35,4,302.35,16 / 17,429708,2019-09-04 20:13:41:821,0.5663,2.1233,10.0223,0.0002,0.0247,9.8066,0.033,-0.1196,-0.0367,-13.87,-28.12,-12.19,6.28,-85.95,-43.81
6341,52.37742,-1.259989,158.0,3.35,4,302.35,16 / 17,429808,2019-09-04 20:13:41:921,0.5649,1.9922,9.7511,0.0003,0.0038,9.8066,-0.0046,-0.0852,0.0022,-14.19,-28.19,-11.62,5.55,-86.14,-44.43
6342,52.37742,-1.259989,158.0,3.35,4,302.35,16 / 17,429907,2019-09-04 20:13:42:020,0.5443,1.5196,9.9585,0.006,-0.0147,9.8066,-0.0224,-0.0627,0.0514,-14.19,-28.12,-12.19,4.5,-86.04,-45.38
6343,52.37742,-1.259989,158.0,3.35,4,302.35,16 / 17,430008,2019-09-04 20:13:42:121,0.6287,0.4253,9.4769,0.0133,-0.0154,9.8066,0.0044,-0.0532,0.0242,-14.56,-27.94,-12.25,4.29,-85.81,-47.52
6344,52.37742,-1.259989,158.0,3.35,4,302.35,16 / 17,430108,2019-09-04 20:13:42:221,0.7605,0.4868,10.1116,0.0055,0.0055,9.8066,0.0159,-0.0099,-0.0151,-14.44,-27.75,-12.12,359.54,-85.73,-49.81
6345,52.37742,-1.259989,158.0,3.35,4,302.35,16 / 17,430208,2019-09-04 20:13:42:321,0.4932,1.5076,9.8538,-0.0133,0.0262,9.8066,0.0059,0.0126,-0.0659,-15.0,-28.25,-11.31,6.55,-86.06,-47.89
6346,52.37742,-1.259989,158.0,3.35,4,302.35,16 / 17,430307,2019-09-04 20:13:42:420,0.2161,1.6432,9.5224,-0.0124,0.0068,9.8065,-0.0267,0.0031,-0.0255,-14.0,-28.19,-12.12,4.63,-86.18,-45.25
6347,52.37742,-1.259989,158.0,3.35,4,302.35,16 / 17,430407,2019-09-04 20:13:42:520,-0.2318,1.664,9.1893,-0.0124,-0.0014,9.8066,-0.0314,0.0127,0.0052,-13.5,-28.25,-12.06,4.77,-86.18,-43.03
6348,52.37742,-1.259989,158.0,3.35,4,302.35,16 / 17,430508,2019-09-04 20:13:42:621,-0.0652,0.3483,10.2205,0.0014,-0.016,9.8066,-0.0238,0.0248,0.0397,-15.0,-27.75,-12.62,7.86,-86.01,-42.01
6349,52.37742,-1.259989,158.0,3.35,4,302.35,16 / 17,430607,2019-09-04 20:13:42:720,0.218,0.9473,10.2751,-0.0014,-0.0028,9.8066,-0.0085,0.0249,-0.0058,-15.31,-27.69,-12.25,10.16,-85.91,-42.26
6350,52.37742,-1.259989,158.0,3.35,4,302.35,16 / 17,430708,2019-09-04 20:13:42:821,0.4086,0.8711,9.9753,-0.0018,0.0004,9.8066,0.0047,0.0129,0.0,-15.44,-27.62,-12.44,10.32,-85.91,-42.11
6351,52.37742,-1.259989,158.0,3.35,4,302.35,16 / 17,430807,2019-09-04 20:13:42:920,0.6276,1.0249,9.2142,0.0035,0.0081,9.8066,0.012,0.016,-0.0138,-16.0,-26.94,-11.75,11.48,-86.08,-42.73
6352,52.37742,-1.259989,158.0,3.35,4,302.35,16 / 17,430908,2019-09-04 20:13:43:021,0.2644,0.9604,9.8305,0.0006,0.0014,9.8066,0.0009,0.0297,0.0163,-17.25,-26.94,-10.62,15.96,-86.13,-42.59
6353,52.37742,-1.259989,158.0,3.35,4,302.35,16 / 17,431008,2019-09-04 20:13:43:121,0.5361,1.0707,10.3563,0.0,-0.0048,9.8066,-0.0061,0.0073,0.0206,-17.19,-26.37,-10.12,18.13,-86.08,-43.05
6354,52.37742,-1.259989,158.0,3.35,4,302.35,16 / 17,431107,2019-09-04 20:13:43:220,0.7534,0.3556,10.2345,0.0012,-0.0101,9.8066,-0.0064,0.0069,0.0145,-16.81,-25.56,-9.62,17.15,-85.96,-43.99
6355,52.37742,-1.259989,158.0,3.35,4,302.35,16 / 17,431208,2019-09-04 20:13:43:321,0.2921,0.3576,10.2187,-0.0076,0.001,9.8066,-0.0108,0.0027,-0.0061,-17.25,-23.81,-8.94,20.4,-85.92,-43.52
6356,52.37758,-1.26,158.02,5.35,3,36.1,16 / 17,431308,2019-09-04 20:13:43:421,0.0679,0.7973,10.0056,0.0054,0.0049,9.8066,0.0297,0.0088,0.0062,-16.56,-23.06,-9.25,21.06,-85.96,-42.83
6357,52.37758,-1.26,158.02,5.35,3,36.1,16 / 17,431407,2019-09-04 20:13:43:520,0.1713,1.0136,9.4913,0.0199,0.0131,9.8066,0.0419,-0.0101,0.0134,-14.87,-22.37,-11.5,9.26,-86.12,-45.25
6358,52.37758,-1.26,158.02,5.35,3,36.1,16 / 17,431507,2019-09-04 20:13:43:620,0.7131,0.6457,10.0047,0.0042,0.0016,9.8066,-0.002,-0.0034,-0.0113,-14.56,-22.19,-12.75,1.75,-86.17,-47.47
6359,52.37758,-1.26,158.02,5.35,3,36.1,16 / 17,431608,2019-09-04 20:13:43:721,0.1854,1.0118,9.5795,-0.0023,0.0111,9.8066,0.0173,-0.0055,-0.0064,-12.87,-23.62,-14.19,355.03,-86.28,-47.44
6360,52.37758,-1.26,158.02,5.35,3,36.1,16 / 17,431708,2019-09-04 20:13:43:821,-0.2324,0.7417,10.4007,-0.0012,-0.005,9.8066,-0.0213,-0.0094,-0.0071,-10.69,-24.31,-14.31,349.41,-86.26,-47.8
6361,52.37758,-1.26,158.02,5.35,3,36.1,16 / 17,431808,2019-09-04 20:13:43:921,0.0753,0.9447,9.7739,-0.0047,-0.0022,9.8066,-0.0135,-0.0017,-0.0039,-11.62,-25.69,-13.12,355.4,-86.24,-46.85
6362,52.37758,-1.26,158.02,5.35,3,36.1,16 / 17,431908,2019-09-04 20:13:44:021,0.3194,0.5343,9.7274,0.0031,-0.003,9.8066,-0.0183,0.0188,-0.0028,-10.87,-25.56,-12.94,352.75,-86.21,-46.74
6363,52.37758,-1.26,158.02,5.35,3,36.1,16 / 17,432007,2019-09-04 20:13:44:120,0.0171,0.5812,9.1529,-0.008,0.003,9.8066,-0.0089,-0.0097,-0.0296,-10.75,-25.69,-12.56,353.65,-86.22,-45.93
6364,52.37758,-1.26,158.02,5.35,3,36.1,16 / 17,432107,2019-09-04 20:13:44:220,-0.4608,0.5349,9.8435,-0.0067,0.0045,9.8066,0.0,-0.0007,-0.0052,-11.06,-26.12,-11.69,358.0,-86.27,-44.3
6365,52.37758,-1.26,158.02,5.35,3,36.1,16 / 17,432207,2019-09-04 20:13:44:320,-0.5252,0.6261,9.8441,0.0082,0.0018,9.8065,0.0086,-0.0051,0.0231,-10.62,-25.87,-11.31,0.72,-86.33,-44.36
6366,52.37758,-1.26,158.02,5.35,3,36.1,16 / 16,432307,2019-09-04 20:13:44:420,0.0445,0.3398,9.9,0.0069999999999999,0.0002,9.8066,0.0117,-0.0057,0.0108,-11.12,-26.0,-10.75,357.7,-86.3,-47.05
6367,52.37758,-1.26,158.02,5.35,3,36.1,16 / 16,432408,2019-09-04 20:13:44:521,0.0644,0.6222,9.7152,0.0009,0.0114,9.8066,0.0098,0.0185,-0.0149,-11.37,-25.94,-10.12,0.08,-86.39,-47.65
6368,52.37758,-1.26,158.02,5.35,3,36.1,16 / 16,432507,2019-09-04 20:13:44:620,-0.1496,1.1643,9.8006,-0.004,-0.0014,9.8066,-0.0225,-0.0093,0.0194,-11.31,-25.31,-10.94,357.81,-86.45,-46.97
6369,52.37758,-1.26,158.02,5.35,3,36.1,16 / 16,432608,2019-09-04 20:13:44:721,-0.3753,0.2146,10.7244,0.0011,-0.0098,9.8066,-0.0152,0.005,0.0124,-12.37,-25.75,-11.44,0.77,-86.32,-46.8
6370,52.37758,-1.26,158.02,5.35,3,36.1,16 / 16,432707,2019-09-04 20:13:44:820,0.2459,0.2911,9.9659,-0.0009,0.0095,9.8066,0.0051,0.0069999999999999,-0.0128,-12.19,-25.5,-13.5,355.54,-86.34,-46.76
6371,52.37758,-1.26,158.02,5.35,3,36.1,16 / 16,432807,2019-09-04 20:13:44:920,-0.1241,0.8140000000000001,9.4404,0.0006,0.0016,9.8066,-0.0167,-0.0096,0.0012,-12.94,-25.44,-14.44,355.85,-86.43,-46.68
6372,52.37758,-1.26,158.02,5.35,3,36.1,16 / 16,432908,2019-09-04 20:13:45:021,0.084,0.4653,9.7673,-0.0013,-0.0009,9.8066,-0.0166,-0.0035,-0.004,-15.19,-26.19,-13.19,3.17,-86.39,-46.19
6373,52.37758,-1.26,158.02,5.35,3,36.1,16 / 16,433008,2019-09-04 20:13:45:121,0.3829,0.5017,10.3486,-0.0077,-0.0041,9.8066,-0.0173,-0.0024,0.0001,-16.25,-26.31,-12.31,8.76,-86.36,-45.11
6374,52.37758,-1.26,158.02,5.35,3,36.1,16 / 16,433107,2019-09-04 20:13:45:220,0.214,0.5298,10.3636,-0.0015,0.0049,9.8066,0.0001,-0.0001,-0.0176,-16.19,-26.0,-10.56,12.27,-86.33,-44.29
6375,52.37758,-1.26,158.02,5.35,3,36.1,16 / 16,433208,2019-09-04 20:13:45:321,-0.3318,0.7181,10.0312,0.0012,0.0092,9.8066,0.0233,-0.0116,-0.0114,-15.0,-26.19,-10.75,11.02,-86.46,-43.7
6376,52.37758,-1.26,158.02,5.35,3,36.1,16 / 17,433308,2019-09-04 20:13:45:421,-0.1195,0.5795,9.7474,0.0066,0.0,9.8066,0.0011,0.0058,0.009,-14.31,-26.19,-10.81,6.7,-86.54,-45.75
6377,52.37758,-1.26,158.02,5.35,3,36.1,16 / 17,433407,2019-09-04 20:13:45:520,0.3006,-0.0691,9.5086,-0.0007,0.0,9.8066,-0.0104,0.0078,-0.0121,-14.81,-26.56,-11.0,8.28,-86.53,-46.2
6378,52.37758,-1.26,158.02,5.35,3,36.1,16 / 17,433508,2019-09-04 20:13:45:621,-0.3978,0.1865,9.8796,-0.0119,0.0074,9.8065,-0.0237,0.0012,-0.0381,-13.19,-26.25,-12.25,3.12,-86.58,-44.45
6379,52.37758,-1.26,158.02,5.35,3,36.1,16 / 17,433607,2019-09-04 20:13:45:720,-0.7368,1.008,9.7264,-0.01,-0.0072,9.8066,-0.0543,0.0085,0.0162,-13.56,-25.75,-11.94,9.21,-86.6,-40.97
6380,52.37758,-1.26,158.02,5.35,3,36.1,16 / 17,433708,2019-09-04 20:13:45:821,-0.7829,-0.1465,10.2724,0.0029,-0.0141,9.8066,0.0067,0.0064,0.0168,-13.87,-25.69,-11.12,12.11,-86.31,-40.89
6381,52.37758,-1.26,158.02,5.35,3,36.1,16 / 17,433808,2019-09-04 20:13:45:921,-0.0569,-0.3988,10.0506,0.0159,0.0103,9.8066,0.0349,0.0084,-0.0142,-13.37,-24.69,-10.44,10.02,-86.32,-43.4
6382,52.37758,-1.26,158.02,5.35,3,36.1,16 / 17,433908,2019-09-04 20:13:46:021,-0.4513,-0.2542,8.965,0.0044,0.0137,9.8066,0.0438,-0.0027,-0.0237,-13.5,-25.31,-9.44,12.71,-86.55,-43.82
6383,52.37758,-1.26,158.02,5.35,3,36.1,16 / 17,434008,2019-09-04 20:13:46:121,-0.2384,0.0435,9.9749,0.0083,0.0074,9.8066,0.0013,-0.0167,-0.0018,-13.5,-25.31,-10.25,8.09,-86.71,-45.06
6384,52.37758,-1.26,158.02,5.35,3,36.1,16 / 17,434108,2019-09-04 20:13:46:221,-0.2689,0.6359,9.7509,-0.001,-0.0104,9.8066,-0.0308,-0.0195,0.0245,-14.5,-25.69,-10.62,7.83,-86.67,-44.69
6385,52.37758,-1.26,158.02,5.35,3,36.1,16 / 17,434207,2019-09-04 20:13:46:320,-0.8943,-0.5394,9.676,-0.0068,-0.0152,9.8066,-0.0291,-0.011,0.0159,-15.25,-25.37,-13.62,3.11,-86.43,-44.1
6386,52.37758,-1.26,158.02,5.35,3,36.1,19 / 19,434307,2019-09-04 20:13:46:420,-0.327,-0.1486,10.3377,-0.0048,0.0023,9.8066,-0.0051,-0.0134,-0.0127,-17.62,-26.12,-13.44,11.47,-86.34,-43.56
6387,52.37758,-1.26,158.02,5.35,3,36.1,19 / 19,434408,2019-09-04 20:13:46:521,-1.0112,-0.218,10.1584,-0.0052,0.0065,9.8066,0.0023,-0.0254,-0.0148,-19.56,-25.81,-12.69,16.04,-86.41,-42.05
6388,52.37758,-1.26,158.02,5.35,3,36.1,19 / 19,434508,2019-09-04 20:13:46:621,-0.5913,-0.8063,10.2273,0.0106,0.0021,9.8066,0.0223,-0.0151,0.0016,-19.0,-26.12,-11.5,18.34,-86.53,-42.91
6389,52.37758,-1.26,158.02,5.35,3,36.1,19 / 19,434607,2019-09-04 20:13:46:720,-0.3705,0.5824,9.636,-0.0039,0.0175,9.8066,0.0155,-0.0083,-0.0359,-17.62,-25.81,-11.75,14.97,-86.67,-42.39
6390,52.37758,-1.26,158.02,5.35,3,36.1,19 / 19,434707,2019-09-04 20:13:46:820,-0.7253,0.2289999999999999,10.3085,-0.0011,-0.0044,9.8066,-0.0117,-0.017,0.0226,-15.37,-26.25,-12.37,10.44,-86.74,-41.72
6391,52.37758,-1.26,158.02,5.35,3,36.1,19 / 19,434808,2019-09-04 20:13:46:921,-1.4952,-0.6267,9.4633,0.0014,-0.0108,9.8066,-0.004,0.0017,0.0311,-14.87,-26.56,-12.69,7.39,-86.59,-42.31
6392,52.37758,-1.26,158.02,5.35,3,36.1,19 / 19,434908,2019-09-04 20:13:47:021,-0.0687,0.03,9.4081,-0.0072,0.0036,9.8066,-0.0095,-0.0015,-0.0389,-14.0,-26.75,-13.37,3.89,-86.53,-43.57
6393,52.37758,-1.26,158.02,5.35,3,36.1,19 / 19,435007,2019-09-04 20:13:47:120,-1.0254,-0.8103,9.5078,-0.0126,0.0055,9.8066,-0.0185,-0.01,-0.0146,-13.62,-26.87,-13.44,7.3,-86.63,-40.44
6394,52.37758,-1.26,158.02,5.35,3,36.1,19 / 19,435108,2019-09-04 20:13:47:221,-0.9793,-0.2334,10.3117,-0.0052,-0.0039,9.8066,-0.0218,0.004,-0.004,-15.56,-27.0,-13.06,13.19,-86.54,-38.77
6395,52.37758,-1.26,158.02,5.35,3,36.1,19 / 19,435208,2019-09-04 20:13:47:321,-1.6095,-0.5756,10.237,-0.0013,-0.0008,9.8066,-0.0044,-0.0183,0.0098,-15.44,-27.0,-12.19,14.32,-86.52,-38.25
6396,52.37758,-1.26,158.02,5.35,3,36.1,19 / 19,435307,2019-09-04 20:13:47:420,-1.1531,-0.787,9.4031,0.0076,0.0067,9.8066,0.0286,-0.0095,-0.0041,-15.19,-26.81,-11.87,13.69,-86.55,-38.83
6397,52.37758,-1.26,158.02,5.35,3,36.1,17 / 17,435407,2019-09-04 20:13:47:520,-1.6758,-0.0166,9.3586,-0.004,0.012,9.8066,0.0067,0.0001,-0.0256,-15.0,-27.12,-10.44,18.83,-86.72,-39.09
6398,52.37758,-1.26,158.02,5.35,3,36.1,17 / 17,435507,2019-09-04 20:13:47:620,-0.911,0.245,10.4597,-0.0153,0.0038,9.8066,-0.025,-0.0008,-0.0316,-13.87,-27.12,-10.44,18.33,-86.74,-37.77
6399,52.37758,-1.26,158.02,5.35,3,36.1,17 / 17,435608,2019-09-04 20:13:47:721,-1.9826,-0.0731,10.0589,-0.015,-0.0044,9.8066,-0.0382,0.0011,-0.0024,-13.94,-27.0,-11.44,20.33,-86.66,-33.31
6400,52.37758,-1.26,158.02,5.35,3,36.1,17 / 17,435707,2019-09-04 20:13:47:820,-1.0696,-0.8516,10.0331,0.0041,-0.0061,9.8066,0.0094,-0.0195,0.0117,-13.31,-27.25,-11.94,14.56,-86.51,-34.09
6401,52.37758,-1.26,158.02,5.35,3,36.1,17 / 17,435807,2019-09-04 20:13:47:920,-0.9025,-0.6529,9.7362,0.0126,-0.0009,9.8066,0.0115,-0.0087,0.033,-13.31,-27.12,-12.56,9.8,-86.53,-36.08
6402,52.37758,-1.26,158.02,5.35,3,36.1,17 / 17,435908,2019-09-04 20:13:48:021,-1.3874,-0.5752,9.6908,-0.0007,0.0073,9.8066,0.0083,0.0102,-0.0162,-13.69,-27.06,-12.44,13.28,-86.53,-37.31
6403,52.37758,-1.26,158.02,5.35,3,36.1,17 / 17,436008,2019-09-04 20:13:48:121,-1.1348,-0.4184,10.2859,0.0024,0.0013,9.8066,0.0058,-0.0039,0.0112,-13.37,-26.62,-12.06,11.57,-86.61,-36.78
6404,52.37758,-1.26,158.02,5.35,3,36.1,17 / 17,436108,2019-09-04 20:13:48:221,-2.1252,-0.9754,13.7107,0.0264,0.0116,9.8066,0.1502,-0.0089,0.0252,-13.81,-26.06,-11.06,14.5,-86.64,-38.59
6405,52.37758,-1.26,158.02,5.35,3,36.1,17 / 17,436207,2019-09-04 20:13:48:320,-0.5159,-0.2937,10.7034,0.0703,0.054,9.8062,0.2581,-0.0082,-0.0175,-14.19,-26.69,-10.56,357.28,-87.32,-54.37
6406,52.37758,-1.26,158.02,5.35,3,36.1,17 / 17,436308,2019-09-04 20:13:48:421,1.0974,0.7718,7.1806,0.0545,0.0452,9.8064,0.1163,0.0245,-0.0082,-13.62,-26.62,-9.75,322.47,-87.86,-89.92
6407,52.37758,-1.26,158.02,5.35,3,36.1,18 / 19,436407,2019-09-04 20:13:48:520,0.5956,0.7212,6.971,0.0068,0.0102,9.8065,-0.036,-0.0055,-0.0138,-14.5,-26.75,-10.19,313.92,-87.89,-98.13
6408,52.37758,-1.26,158.02,5.35,3,36.1,18 / 19,436508,2019-09-04 20:13:48:621,-0.4344,0.0921,7.3705,-0.0908,-0.0628,9.806,-0.3564,-0.0029,0.0195,-15.19,-26.62,-10.44,329.57,-87.96,-85.18
6409,52.37758,-1.26,158.02,5.35,3,36.1,18 / 19,436607,2019-09-04 20:13:48:720,-0.9568,-0.155,8.6564,-0.1255,-0.1171,9.8051,-0.4443,-0.0022,0.0135,-14.06,-25.81,-12.25,12.44,-86.57,-38.02
6410,52.37758,-1.26,158.02,5.35,3,36.1,18 / 19,436707,2019-09-04 20:13:48:820,-2.0914,-1.3315,10.928,-0.0985,-0.0894,9.8057,-0.2473,0.0216,0.0027,-14.81,-25.62,-14.25,24.95,-84.88,-24.85
6411,52.37758,-1.26,158.02,5.35,3,36.1,18 / 19,436808,2019-09-04 20:13:48:921,-2.1308,-1.2305,13.3917,-0.0354,-0.013,9.8066,0.0156,0.0272,-0.0205,-14.31,-25.12,-14.56,28.2,-83.52,-18.71
6412,52.37758,-1.26,158.02,5.35,3,36.1,18 / 19,436908,2019-09-04 20:13:49:021,-1.2679,-0.3653,10.724,0.0741,0.0771,9.806,0.3119,0.0086,-0.019,-13.75,-25.81,-14.0,27.99,-84.65,-20.41
6413,52.37758,-1.26,158.02,5.35,3,36.1,18 / 19,437008,2019-09-04 20:13:49:121,0.0527,0.432,8.7636,0.1028,0.0879,9.8057,0.3358,0.022,-0.0206,-14.56,-26.87,-13.0,24.25,-86.08,-27.07
6414,52.37758,-1.26,158.02,5.35,3,36.1,18 / 19,437107,2019-09-04 20:13:49:220,1.4665,1.1373,8.2956,0.0503,0.0549,9.8063,0.1188,-0.0045,-0.0261,-13.81,-27.94,-12.75,8.35,-87.3,-39.36
6415,52.37758,-1.26,158.02,5.35,3,36.1,18 / 19,437208,2019-09-04 20:13:49:321,-0.1396,0.8114,9.5011,-0.0053,-0.0062,9.8066,-0.0849,0.0158,0.0078,-13.31,-27.75,-12.25,359.81,-87.78,-47.47
6416,52.37758,-1.26,158.02,5.35,3,36.1,18 / 19,437308,2019-09-04 20:13:49:421,-0.2977,-0.1816,10.0879,-0.0447,-0.0459,9.8064,-0.1501,0.0086,0.0049,-13.5,-28.37,-12.19,9.12,-87.34,-38.85
6417,52.37758,-1.26,158.02,5.35,3,36.1,18 / 19,437408,2019-09-04 20:13:49:521,-0.6422,0.1126,11.1701,-0.0289,-0.03,9.8065,-0.0663,0.0101,0.0059,-12.69,-27.94,-13.19,17.22,-86.52,-29.38
6418,52.37758,-1.26,158.02,5.35,3,36.1,18 / 19,437507,2019-09-04 20:13:49:620,-0.5378,0.5163,9.7148,0.0096,0.0121,9.8066,0.0546,0.0123,-0.0064,-13.56,-27.87,-13.0,20.37,-86.36,-28.64
6419,52.37758,-1.26,158.02,5.35,3,36.1,18 / 19,437608,2019-09-04 20:13:49:721,0.1879,0.4781,9.668,0.0193,0.0155,9.8066,0.0629,-0.0083,-0.0008,-13.75,-27.87,-13.31,17.07,-86.7,-31.5
6420,52.37758,-1.26,158.02,5.35,3,36.1,18 / 19,437707,2019-09-04 20:13:49:820,0.3052,0.7372,9.4916,0.0158,0.0075,9.8066,0.0224,0.0159,0.004,-13.5,-27.5,-13.12,11.47,-86.88,-34.46
6421,52.37758,-1.26,158.02,5.35,3,36.1,18 / 19,437808,2019-09-04 20:13:49:921,0.3486,0.7152,10.2175,-0.0023,-0.002,9.8066,-0.0303,0.0209,0.0081,-13.75,-27.12,-13.06,11.8,-86.96,-36.21
6422,52.37758,-1.26,158.02,5.35,3,36.1,18 / 19,437907,2019-09-04 20:13:50:020,0.1647,0.7113,10.1224,-0.0056,-0.0092,9.8066,-0.005,-0.02,0.0082,-14.25,-28.0,-12.87,13.48,-86.75,-34.77
6423,52.37758,-1.26,158.02,5.35,3,36.1,18 / 19,438008,2019-09-04 20:13:50:121,0.1192,0.9536,10.1182,0.0055,0.0025,9.8066,0.0162,-0.0119,0.0191,-14.37,-27.0,-13.06,12.65,-86.76,-35.49
6424,52.37758,-1.26,158.02,5.35,3,36.1,18 / 19,438107,2019-09-04 20:13:50:220,0.7977,0.8632,10.3795,0.012,0.0051,9.8066,0.0351,-0.0056,0.0039,-15.81,-27.0,-11.75,16.56,-86.77,-37.83
6425,52.37758,-1.26,158.02,5.35,3,36.1,18 / 19,438207,2019-09-04 20:13:50:320,0.0656,0.8139,9.5238,0.0094,0.0037,9.8066,0.0212,0.0107,0.0151,-15.37,-26.75,-11.75,11.48,-86.91,-40.75
6426,52.37758,-1.26,158.02,5.35,3,36.1,16 / 18,438308,2019-09-04 20:13:50:421,0.5144,1.1265,10.3261,0.0044,-0.0001,9.8066,-0.0087,0.0296,0.0014,-15.0,-26.81,-11.75,9.85,-86.92,-42.25
6427,52.37758,-1.26,158.02,5.35,3,36.1,16 / 18,438407,2019-09-04 20:13:50:520,0.3277,0.8013,9.9699,-0.0017,0.0017,9.8066,0.0066,-0.0032,-0.0106,-14.25,-27.44,-11.44,10.41,-86.92,-42.29
6428,52.37758,-1.26,158.02,5.35,3,36.1,16 / 18,438507,2019-09-04 20:13:50:620,0.5957,1.018,9.6546,-0.0032,-0.0025,9.8066,-0.0162,-0.0171,0.0086,-12.81,-27.19,-12.0,6.61,-86.93,-41.23
6429,52.37758,-1.26,158.02,5.35,3,36.1,16 / 18,438608,2019-09-04 20:13:50:721,0.332,0.7154,9.7681,-0.0059,-0.0048,9.8066,-0.013,0.0135,0.0059,-13.31,-27.31,-11.94,7.34,-86.87,-40.57
6430,52.37758,-1.26,158.02,5.35,3,36.1,16 / 18,438708,2019-09-04 20:13:50:821,-0.2063,1.1205,9.7122,-0.0119,0.0003,9.8066,-0.0054,-0.0039,-0.0018,-12.06,-27.5,-12.5,6.57,-86.85,-39.01
6431,52.37758,-1.26,158.02,5.35,3,36.1,16 / 18,438808,2019-09-04 20:13:50:921,0.2171,0.3205,10.2624,0.0082,-0.0092,9.8066,0.0039,-0.0195,0.0217,-11.12,-27.44,-13.19,1.73,-86.76,-38.66
6432,52.37758,-1.26,158.02,5.35,3,36.1,16 / 18,438908,2019-09-04 20:13:51:021,-0.016,0.4534,9.0268,-0.0029,0.0071,9.8066,0.0313,-0.0085,-0.0133,-9.87,-27.94,-14.69,353.85,-86.75,-39.29
6433,52.37758,-1.26,158.02,5.35,3,36.1,16 / 18,439007,2019-09-04 20:13:51:120,0.1667,1.0407,10.2635,0.0091,0.0028,9.8066,0.0219,0.0031,-0.0025,-9.5,-27.37,-15.25,349.61,-86.86,-40.47
6434,52.37758,-1.26,158.02,5.35,3,36.1,16 / 18,439107,2019-09-04 20:13:51:220,0.272,0.2728,9.1038,0.0035,0.003,9.8066,-0.0123,-0.0033,-0.017,-10.81,-27.75,-12.62,358.3,-86.99,-41.78
6435,52.37758,-1.26,158.02,5.35,3,36.1,16 / 18,439208,2019-09-04 20:13:51:321,-0.8799,1.4319,10.8865,0.006,-0.0079,9.8066,-0.03,0.0256,-0.002,-12.5,-26.44,-7.94,16.01,-86.94,-41.84
6436,52.37758,-1.26,158.02,5.35,3,36.1,16 / 18,439308,2019-09-04 20:13:51:421,-0.0202,0.3052,9.8041,-0.0329,0.0074,9.8065,-0.0679,-0.0072,-0.0325,-16.94,-25.81,-4.56,36.78,-86.86,-39.63
6437,52.37758,-1.26,158.02,5.35,3,36.1,16 / 17,439408,2019-09-04 20:13:51:521,-0.0629,0.2328,10.3854,-0.0218,0.0029,9.8066,-0.0279,-0.0051,-0.0035,-20.94,-24.44,-5.62,44.19,-86.62,-32.5
6438,52.37758,-1.26,158.02,5.35,3,36.1,16 / 17,439508,2019-09-04 20:13:51:621,-0.9966,-0.5305,9.4992,0.0022,-0.0055,9.8066,0.0128,0.0265,0.0098,-23.12,-23.44,-8.44,41.01,-86.54,-32.01
6439,52.37758,-1.26,158.02,5.35,3,36.1,16 / 17,439607,2019-09-04 20:13:51:720,-0.2655,0.8292,9.6342,0.0116,0.0066,9.8066,0.0351,-0.0003,-0.0063,-21.44,-24.06,-11.19,30.39,-86.59,-33.76
6440,52.37758,-1.26,158.02,5.35,3,36.1,16 / 17,439708,2019-09-04 20:13:51:821,-0.0454,0.1278,9.5517,-0.0026,0.0082,9.8065,-0.0035,-0.0074,-0.0267,-19.19,-23.5,-11.87,24.87,-86.71,-34.31
6441,52.37758,-1.26,158.02,5.35,3,36.1,16 / 17,439808,2019-09-04 20:13:51:921,0.0089,0.0427,10.56,-0.0105,-0.0025,9.8066,-0.0234,-0.0138,-0.0174,-16.0,-22.81,-11.5,24.65,-86.69,-32.52
6442,52.37758,-1.26,158.02,5.35,3,36.1,16 / 17,439908,2019-09-04 20:13:52:021,-0.9677,0.6182,9.6064,-0.0065,-0.0032,9.8066,-0.0183,0.001,0.0102,-14.56,-21.19,-13.0,19.9,-86.63,-30.43
6443,52.37758,-1.26,158.02,5.35,3,36.1,16 / 17,440008,2019-09-04 20:13:52:121,-0.4675,-0.585,8.9001,0.0002,-0.0116,9.8066,-0.0076,-0.0231,-0.012,-14.0,-21.69,-13.75,15.56,-86.48,-30.52
6444,52.37758,-1.26,158.02,5.35,3,36.1,16 / 17,440108,2019-09-04 20:13:52:221,-0.523,-1.0691,10.4033,-0.0098,0.0053,9.8065,-0.0116,0.0019,-0.0501,-13.69,-22.69,-13.87,17.29,-86.43,-28.97
6445,52.37758,-1.26,158.02,5.35,3,36.1,16 / 17,440208,2019-09-04 20:13:52:321,-0.7505,-0.1146,9.8211,-0.0047,0.0063,9.8066,0.0155,0.0134,-0.008,-13.31,-23.94,-13.62,18.56,-86.49,-25.75
6446,52.37758,-1.26,158.02,5.35,3,36.1,18 / 19,440308,2019-09-04 20:13:52:421,-0.1142,-0.2038,7.933,0.0086,0.0073,9.8066,0.0138,0.0354,-0.0214,-13.12,-25.69,-12.56,19.6,-86.66,-27.01
6447,52.378036,-1.25944,158.01,8.12,3,37.37,18 / 19,440407,2019-09-04 20:13:52:520,-0.2789999999999999,-0.2418,10.0708,-0.0022,0.0092,9.8066,-0.0307,0.0092,-0.0008,-14.5,-26.31,-12.19,24.7,-86.68,-26.69
6448,52.378036,-1.25944,158.01,8.12,3,37.37,18 / 19,440508,2019-09-04 20:13:52:621,-0.1657,-0.4306,10.4383,-0.0012,-0.0086,9.8066,-0.02,-0.0126,0.0198,-14.12,-25.87,-12.56,22.93,-86.63,-26.01
6449,52.378036,-1.25944,158.01,8.12,3,37.37,18 / 19,440608,2019-09-04 20:13:52:721,-0.2792,-0.6044,9.4186,0.0002,-0.0044,9.8066,0.0238,0.0152,-0.0254,-14.62,-25.87,-11.37,30.4,-86.56,-25.83
6450,52.378036,-1.25944,158.01,8.12,3,37.37,18 / 19,440708,2019-09-04 20:13:52:821,-0.0664,0.0466,8.9676,0.0065,-0.0008,9.8066,0.0169,-0.0142,0.0152,-13.69,-26.0,-10.94,27.93,-86.6,-26.28
6451,52.378036,-1.25944,158.01,8.12,3,37.37,18 / 19,440807,2019-09-04 20:13:52:920,-0.429,0.7581,10.7152,-0.017,-0.0006,9.8066,-0.0414,-0.0124,-0.0273,-13.75,-27.12,-10.25,33.17,-86.5,-24.34
6452,52.378036,-1.25944,158.01,8.12,3,37.37,18 / 19,440908,2019-09-04 20:13:53:021,-0.0825,0.76,10.3863,-0.0026,-0.006,9.8066,-0.001,0.0177,0.0192,-13.81,-26.62,-10.94,31.67,-86.41,-23.08
6453,52.378036,-1.25944,158.01,8.12,3,37.37,18 / 19,441008,2019-09-04 20:13:53:121,0.1555,0.1893,9.8978,0.0105,-0.0043,9.8066,0.0284,0.0102,0.0117,-15.19,-26.5,-11.44,32.24,-86.36,-24.27
6454,52.378036,-1.25944,158.01,8.12,3,37.37,18 / 19,441108,2019-09-04 20:13:53:221,0.9096,1.5767,9.2185,0.0077,0.0059,9.8066,0.0161,0.008,-0.0311,-15.12,-26.0,-11.69,27.47,-86.49,-26.11
6455,52.378036,-1.25944,158.01,8.12,3,37.37,18 / 19,441207,2019-09-04 20:13:53:320,-1.6415,0.4919,8.9517,0.0017,0.0052,9.8066,0.0157,0.0039,-0.0168,-15.69,-25.25,-12.25,30.64,-86.55,-24.73
6456,52.378036,-1.25944,158.01,8.12,3,37.37,18 / 19,441307,2019-09-04 20:13:53:420,0.1979,-0.2418,10.0283,0.0046,0.0167,9.8066,0.048,0.0137,-0.0095,-14.69,-25.06,-12.5,29.44,-86.74,-24.03
6457,52.378036,-1.25944,158.01,8.12,3,37.37,17 / 18,441407,2019-09-04 20:13:53:520,1.5152,0.6625,10.3194,0.0151,0.0126,9.8066,0.022,-0.0155,-0.0318,-15.62,-24.94,-14.12,24.31,-87.04,-25.96
6458,52.378036,-1.25944,158.01,8.12,3,37.37,17 / 18,441508,2019-09-04 20:13:53:621,-2.5973,1.0598,8.2145,-0.0203,0.0194,9.8065,-0.0619,0.0554,-0.0483,-14.12,-25.31,-13.75,22.88,-87.23,-23.5
6459,52.378036,-1.25944,158.01,8.12,3,37.37,17 / 18,441608,2019-09-04 20:13:53:721,0.0931,0.9264,10.2886,-0.0166,-0.0189,9.8066,-0.0554,0.021,0.0198,-13.37,-25.56,-13.56,24.63,-87.08,-19.94
6460,52.378036,-1.25944,158.01,8.12,3,37.37,17 / 18,441707,2019-09-04 20:13:53:820,-1.8089,-0.6823,9.4414,-0.0047,-0.0102,9.8066,-0.0066,0.0183,0.0256,-14.06,-26.75,-12.87,30.12,-86.75,-19.34
6461,52.378036,-1.25944,158.01,8.12,3,37.37,17 / 18,441808,2019-09-04 20:13:53:921,-0.9117,-0.0412,9.6012,0.0065,-0.013,9.8065,0.0225,-0.023,0.0597,-14.5,-27.0,-12.62,28.9,-86.61,-20.58
6462,52.378036,-1.25944,158.01,8.12,3,37.37,17 / 18,441908,2019-09-04 20:13:54:021,-0.1469,0.287,9.6433,0.0174,-0.0133,9.8066,0.0132,-0.0041,0.084,-16.0,-26.75,-11.81,29.59,-86.52,-25.91
6463,52.378036,-1.25944,158.01,8.12,3,37.37,17 / 18,442008,2019-09-04 20:13:54:121,0.0981,-0.9598,10.154,0.0075,-0.0163,9.8066,-0.0099,-0.0049,0.0172,-14.31,-26.69,-10.94,22.42,-86.28,-31.62
6464,52.378036,-1.25944,158.01,8.12,3,37.37,17 / 18,442107,2019-09-04 20:13:54:220,0.1684,-0.7143,10.1796,-0.0006,0.0039,9.8066,0.0076,0.0005,-0.0417,-14.31,-26.12,-10.44,25.13,-86.27,-31.78
6465,52.378036,-1.25944,158.01,8.12,3,37.37,17 / 18,442208,2019-09-04 20:13:54:321,0.4416,0.0785,9.3834,0.0018,0.0019,9.8066,0.0096,-0.008,-0.024,-13.12,-25.87,-11.44,23.1,-86.43,-28.84
6466,52.378036,-1.25944,158.01,8.12,3,37.37,17 / 18,442308,2019-09-04 20:13:54:421,0.0623,0.7296,9.7111,-0.0021,0.0023,9.8066,-0.0007,-0.0033,-0.0078,-13.62,-25.75,-11.56,23.57,-86.48,-27.85
6467,52.378036,-1.25944,158.01,8.12,3,37.37,16 / 18,442407,2019-09-04 20:13:54:520,-0.1327,-0.1373,9.6531,-0.0255,-0.0026,9.8066,-0.0469,0.0222,-0.0478,-12.31,-25.62,-12.44,23.08,-86.31,-24.18
6468,52.378036,-1.25944,158.01,8.12,3,37.37,16 / 18,442508,2019-09-04 20:13:54:621,0.0154,0.246,10.0664,-0.0166,0.0013,9.8066,-0.0386,0.039,-0.0279,-14.37,-25.44,-12.56,28.92,-86.25,-20.63
6469,52.378036,-1.25944,158.01,8.12,3,37.37,16 / 18,442607,2019-09-04 20:13:54:720,-0.4819,0.442,9.0228,-0.0105,0.0029,9.8066,-0.0187,0.0292,-0.0112,-13.56,-24.87,-13.31,32.19,-86.19,-17.64
6470,52.378036,-1.25944,158.01,8.12,3,37.37,16 / 18,442708,2019-09-04 20:13:54:821,-0.6721,0.0003,10.3549,-0.0028,-0.0176,9.8066,-0.0206,0.0323,0.0233,-15.75,-24.81,-14.0,34.5,-86.02,-17.03
6471,52.378036,-1.25944,158.01,8.12,3,37.37,16 / 18,442807,2019-09-04 20:13:54:920,-0.7146,0.2767,9.8377,-0.0035,0.0018,9.8066,0.0003,0.043,0.0099,-16.44,-25.5,-13.87,35.24,-85.92,-16.41
6472,52.378036,-1.25944,158.01,8.12,3,37.37,16 / 18,442908,2019-09-04 20:13:55:021,-0.5025,1.0308,10.378,0.0038,-0.0047,9.8066,0.0208,0.0524,0.0129,-17.19,-25.44,-12.75,38.85,-85.9,-16.82
6473,52.378036,-1.25944,158.01,8.12,3,37.37,16 / 18,443008,2019-09-04 20:13:55:121,-0.386,0.1084,9.9069,0.0051,0.0048,9.8065,0.0112,0.0522,-0.01,-15.44,-26.81,-11.69,37.21,-86.06,-17.54
6474,52.378036,-1.25944,158.01,8.12,3,37.37,16 / 18,443108,2019-09-04 20:13:55:221,-0.7344,0.9384,10.0916,-0.0043,0.0065,9.8066,0.0037,0.0453,-0.0142,-15.69,-26.31,-11.81,39.94,-86.1,-16.51
6475,52.378036,-1.25944,158.01,8.12,3,37.37,16 / 18,443208,2019-09-04 20:13:55:321,-0.6811,1.1706,10.1406,-0.0058,0.0057,9.8066,-0.0072,0.0578,0.0013,-15.56,-26.69,-11.44,43.88,-86.12,-15.42
6476,52.378036,-1.25944,158.01,8.12,3,37.37,18 / 18,443308,2019-09-04 20:13:55:421,-0.5802,-0.2201,9.4148,0.0002,-0.0059,9.8066,-0.0062,0.0586,0.0227,-14.0,-26.25,-11.37,40.67,-86.08,-14.97
6477,52.378036,-1.25944,158.01,8.12,3,37.37,18 / 18,443407,2019-09-04 20:13:55:520,-0.8902,0.5777,9.2274,-0.0072,0.0023,9.8066,-0.0162,0.0645,0.0164,-13.31,-26.56,-10.94,38.47,-86.04,-15.27
6478,52.378036,-1.25944,158.01,8.12,3,37.37,18 / 18,443508,2019-09-04 20:13:55:621,-1.121,0.1884,10.4349,-0.0039,-0.0116,9.8066,-0.0174,0.0648,0.0191,-12.19,-26.12,-11.94,33.24,-85.91,-15.26
6479,52.378036,-1.25944,158.01,8.12,3,37.37,18 / 18,443608,2019-09-04 20:13:55:721,0.0913,0.4225,8.906,0.0036,-0.0071,9.8066,-0.0197,0.0508,0.0096,-11.94,-26.19,-12.56,28.96,-85.82,-16.79
6480,52.378036,-1.25944,158.01,8.12,3,37.37,18 / 18,443707,2019-09-04 20:13:55:820,-0.7317,0.039,8.8308,-0.0143,-0.0059,9.8065,-0.0424,0.053,-0.0026,-11.25,-26.75,-12.69,27.85,-85.69,-15.65
6481,52.378036,-1.25944,158.01,8.12,3,37.37,18 / 18,443808,2019-09-04 20:13:55:921,-0.5937,0.0139999999999999,11.5346,-0.0186,-0.0172,9.8066,-0.0806,0.0535,-0.0072,-12.56,-26.87,-13.25,34.16,-85.45,-14.68
6482,52.378036,-1.25944,158.01,8.12,3,37.37,18 / 18,443908,2019-09-04 20:13:56:021,-1.4461,-0.4465,10.5767,-0.0135,-0.0046,9.8066,-0.0168,0.0683,-0.0107,-12.94,-26.19,-13.44,36.47,-85.1,-12.75
6483,52.378036,-1.25944,158.01,8.12,3,37.37,18 / 18,444008,2019-09-04 20:13:56:121,-1.1345,0.5222,11.0261,0.0077,0.0332,9.8065,0.0859,0.0634,-0.0283,-13.69,-26.06,-13.5,40.33,-85.22,-11.1
6484,52.378036,-1.25944,158.01,8.12,3,37.37,18 / 18,444108,2019-09-04 20:13:56:221,-0.3751,1.6194,9.8245,0.0188,0.0369,9.8065,0.0985,0.0475,-0.0236,-12.62,-26.56,-14.19,37.65,-85.86,-8.88
6485,52.378036,-1.25944,158.01,8.12,3,37.37,18 / 18,444208,2019-09-04 20:13:56:321,0.0185,1.5301,9.6503,0.006,0.0107,9.8065,-0.0066,0.055,0.0084,-12.19,-26.62,-14.19,36.16,-86.27,-7.72
6486,52.378036,-1.25944,158.01,8.12,3,37.37,18 / 18,444307,2019-09-04 20:13:56:420,-0.3502,0.9444,10.003,-0.0126,-0.02,9.8066,-0.0753,0.0698,0.0259,-12.0,-26.19,-13.81,36.06,-86.09,-7.85
6487,52.378036,-1.25944,158.01,8.12,3,37.37,18 / 18,444408,2019-09-04 20:13:56:521,-1.0508,1.345,9.6015,-0.0141,-0.0104,9.8066,-0.0384,0.0844,0.0083,-11.87,-26.19,-12.0,41.26,-85.78,-8.09
6488,52.378036,-1.25944,158.01,8.12,3,37.37,18 / 18,444508,2019-09-04 20:13:56:621,-1.6348,0.5243,9.8363,-0.006,-0.0024,9.8066,0.0067,0.0843,0.0064,-11.12,-24.44,-12.0,39.25,-85.57,-7.48
6489,52.378036,-1.25944,158.01,8.12,3,37.37,18 / 18,444608,2019-09-04 20:13:56:721,-0.4908,0.2823,10.2279,0.0122,0.0162,9.8066,0.0446,0.0511,-0.0128,-12.44,-24.56,-11.25,44.2,-85.67,-8.02
6490,52.378036,-1.25944,158.01,8.12,3,37.37,18 / 18,444708,2019-09-04 20:13:56:821,-0.4515,1.4879,8.7562,0.0093,0.0164,9.8066,0.0284,0.0562,-0.0015,-13.44,-24.69,-12.06,44.31,-86.0,-7.0
6491,52.378036,-1.25944,158.01,8.12,3,37.37,18 / 18,444807,2019-09-04 20:13:56:920,-0.6869,0.7309,9.7879,0.005,-0.0051,9.8066,-0.0207,0.0517,0.0251,-14.19,-24.69,-12.94,40.95,-86.12,-9.56
6492,52.378036,-1.25944,158.01,8.12,3,37.37,18 / 18,444907,2019-09-04 20:13:57:020,-0.9633,0.5659,10.6899,-0.0089,-0.0183,9.8066,-0.0579999999999999,0.0452,0.0255,-13.87,-25.25,-14.19,37.41,-85.96,-10.76
6493,52.378036,-1.25944,158.01,8.12,3,37.37,18 / 18,445008,2019-09-04 20:13:57:121,-1.1414,0.4183,9.5851,-0.0089,-0.0045,9.8066,-0.006,0.0733,0.0212,-13.31,-24.37,-13.81,34.28,-85.74,-11.69
6494,52.378036,-1.25944,158.01,8.12,3,37.37,18 / 18,445108,2019-09-04 20:13:57:221,-1.2029,-1.0661,11.2757,0.0069,-0.0005,9.8066,0.0417,0.0468,0.0531,-11.81,-23.44,-13.87,31.4,-85.69,-12.08
6495,52.378036,-1.25944,158.01,8.12,3,37.37,18 / 18,445208,2019-09-04 20:13:57:321,-0.3345,0.7666,9.6289,0.0331,0.0263,9.8065,0.0752,0.0449,0.0538,-11.12,-23.56,-14.87,23.17,-85.97,-15.18
6496,52.378036,-1.25944,158.01,8.12,3,37.37,18 / 18,445307,2019-09-04 20:13:57:420,0.1601,-0.1587,8.7864,0.0154,0.0051,9.8066,-0.0031,0.0593,-0.0023,-12.06,-24.81,-14.31,21.8,-86.36,-20.67
6497,52.378036,-1.25944,158.01,8.12,3,37.37,19 / 19,445407,2019-09-04 20:13:57:520,-0.3647,-0.1698,10.102,-0.0205,-0.0327,9.8065,-0.0977,0.0375,0.0234,-12.31,-24.37,-13.69,23.49,-86.02,-19.23
6498,52.378036,-1.25944,158.01,8.12,3,37.37,19 / 19,445508,2019-09-04 20:13:57:621,-1.4696,-1.0228,9.5839,-0.0346,-0.0422,9.8065,-0.1135,0.033,0.0323,-12.12,-25.62,-13.62,25.9,-85.46,-17.56
6499,52.378036,-1.25944,158.01,8.12,3,37.37,19 / 19,445608,2019-09-04 20:13:57:721,-1.8529,-0.9277,10.1409,0.0018,-0.0085,9.8066,0.0213,0.0321,0.0224,-11.94,-24.87,-14.5,26.12,-85.05,-17.52
6500,52.378036,-1.25944,158.01,8.12,3,37.37,19 / 19,445707,2019-09-04 20:13:57:820,-0.508,-1.0014,10.351,0.026,0.0051,9.8065,0.0737,0.0272,0.0335,-12.81,-25.81,-14.25,25.59,-85.15,-20.22
6501,52.378036,-1.25944,158.01,8.12,3,37.37,19 / 19,445808,2019-09-04 20:13:57:921,-0.6584,-0.0595,9.4469,0.0062,0.0134,9.8066,0.0195,0.0193,0.0032,-12.31,-26.0,-14.62,18.81,-85.43,-21.89
6502,52.378036,-1.25944,158.01,8.12,3,37.37,19 / 19,445908,2019-09-04 20:13:58:021,-0.7996,-0.8096,9.073,-0.0094,-0.0116,9.8065,-0.0524,0.0045,-0.0053,-12.87,-26.0,-13.75,23.71,-85.45,-21.72
6503,52.378036,-1.25944,158.01,8.12,3,37.37,19 / 19,446007,2019-09-04 20:13:58:120,-1.1094,-1.3253,10.1103,-0.0222,-0.0312,9.8065,-0.0861,0.0144,0.0144,-13.0,-26.44,-14.31,26.25,-84.9,-19.79
6504,52.378036,-1.25944,158.01,8.12,3,37.37,19 / 19,446108,2019-09-04 20:13:58:221,-1.073,-0.8792,10.8586,-0.0169,-0.0143,9.8066,-0.049,0.0145,-0.0112,-12.69,-26.19,-13.81,27.57,-84.58,-18.83
6505,52.378036,-1.25944,158.01,8.12,3,37.37,19 / 19,446208,2019-09-04 20:13:58:321,-0.1849,-0.3627,9.5103,-0.0037,0.0166,9.8066,0.0314,0.0143,-0.0403,-12.81,-26.81,-14.44,28.88,-84.5,-17.86
6506,52.378036,-1.25944,158.01,8.12,3,37.37,19 / 19,446308,2019-09-04 20:13:58:421,-1.5257,-0.551,9.8893,-0.0048,0.0209,9.8066,0.0397,-0.0066,-0.023,-11.75,-27.0,-14.62,26.74,-84.77,-15.33
6507,52.378036,-1.25944,158.01,8.12,3,37.37,18 / 18,446408,2019-09-04 20:13:58:521,-1.0983,-1.2104,10.5973,0.0281,-0.006,9.8065,0.0457,0.0012,0.0538,-12.62,-26.94,-14.0,30.16,-84.9,-16.44
6508,52.378036,-1.25944,158.01,8.12,3,37.37,18 / 18,446507,2019-09-04 20:13:58:620,-0.1347,-0.6458,9.85,0.0096,0.0061,9.8066,0.0391,-0.001,0.0095,-12.37,-27.0,-14.06,23.46,-85.07,-20.1
6509,52.378036,-1.25944,158.01,8.12,3,37.37,18 / 18,446608,2019-09-04 20:13:58:721,-0.1386,-0.6673,9.535,0.003,0.017,9.8065,0.0252,0.0015,-0.0368,-12.56,-26.69,-13.75,25.08,-85.31,-20.68
6510,52.378036,-1.25944,158.01,8.12,3,37.37,18 / 18,446707,2019-09-04 20:13:58:820,-0.6757,0.0166,9.9582,-0.0073,0.0064,9.8066,-0.0264,-0.0165,0.0011,-12.94,-26.87,-13.94,26.64,-85.38,-19.24
6511,52.378036,-1.25944,158.01,8.12,3,37.37,18 / 18,446808,2019-09-04 20:13:58:921,-0.6011,-1.0503,9.5612,-0.0074,-0.0115,9.8066,-0.0258,-0.015,0.0143,-12.06,-27.06,-14.0,24.73,-85.25,-18.86
6512,52.378036,-1.25944,158.01,8.12,3,37.37,18 / 18,446907,2019-09-04 20:13:59:020,-0.648,-1.7193,9.4673,-0.0089,-0.0106,9.8066,-0.0445,-0.0059,-0.0007,-13.31,-27.0,-13.94,27.66,-85.0,-18.59
6513,52.378036,-1.25944,158.01,8.12,3,37.37,18 / 18,447007,2019-09-04 20:13:59:120,-0.4243,-0.5889,9.8885,0.005,-0.0246,9.8065,-0.0383,-0.018,0.054,-13.81,-27.31,-14.62,28.1,-84.81,-18.24
6514,52.378036,-1.25944,158.01,8.12,3,37.37,18 / 18,447108,2019-09-04 20:13:59:221,-0.1059,-1.945,10.6074,-0.0149,-0.0054,9.8066,-0.0294,-0.012,-0.0793,-12.37,-27.62,-14.94,22.6,-84.51,-19.23
6515,52.378036,-1.25944,158.01,8.12,3,37.37,18 / 18,447207,2019-09-04 20:13:59:320,-1.1576,-0.9188,10.1116,-0.0226,0.0132,9.8066,-0.0036,-0.0053,-0.0161,-12.62,-27.31,-14.94,27.39,-84.5,-17.08
6516,52.378036,-1.25944,158.01,8.12,3,37.37,18 / 18,447308,2019-09-04 20:13:59:421,-1.6677,-1.4987,9.9426,-0.0215,0.0266,9.8065,0.0112,-0.0193,-0.016,-11.94,-27.5,-14.94,28.94,-84.58,-13.51
6517,52.378036,-1.25944,158.01,8.12,3,37.37,18 / 18,447407,2019-09-04 20:13:59:520,-0.6607,-1.3042,9.692,0.0097,-0.0072,9.8066,0.0136,-0.0516,0.0325,-12.12,-27.37,-15.12,28.2,-84.58,-14.17
6518,52.378036,-1.25944,158.01,8.12,3,37.37,18 / 18,447508,2019-09-04 20:13:59:621,-1.1022,-1.8296,10.2587,-0.0161,0.0103,9.8066,-0.0107,0.0055,-0.054,-12.62,-27.56,-14.12,32.57,-84.58,-14.71
6519,52.378036,-1.25944,158.01,8.12,3,37.37,18 / 18,447608,2019-09-04 20:13:59:721,-1.2156,-0.7464,10.1258,-0.0147,0.0068,9.8066,-0.0183,0.0007,-0.0231,-12.37,-27.94,-14.87,31.73,-84.56,-11.22
6520,52.378036,-1.25944,158.01,8.12,3,37.37,18 / 18,447708,2019-09-04 20:13:59:821,-1.3115,-1.0268,9.9713,-0.0054,-0.0022,9.8066,-0.0025,-0.0136,-0.017,-12.62,-27.12,-14.81,35.32,-84.46,-10.08
6521,52.378036,-1.25944,158.01,8.12,3,37.37,18 / 18,447808,2019-09-04 20:13:59:921,-0.8279,-0.7711,10.5015,0.0006,-0.0052,9.8066,0.0057,-0.0253,0.0172,-12.56,-27.5,-14.37,38.17,-84.4,-9.74
6522,52.378036,-1.25944,158.01,8.12,3,37.37,18 / 18,447908,2019-09-04 20:14:00:021,-0.5720000000000001,-1.7064,9.8059,-0.0005,0.0051,9.8066,0.0151,0.0012,-0.0204,-12.75,-27.69,-14.31,37.66,-84.43,-10.35
6523,52.378036,-1.25944,158.01,8.12,3,37.37,18 / 18,448008,2019-09-04 20:14:00:121,-0.6185,-0.6921,9.9959,-0.0015,0.0076,9.8066,0.0094,-0.0092,-0.0026,-12.31,-27.75,-14.75,33.72,-84.49,-9.53
6524,52.378036,-1.25944,158.01,8.12,3,37.37,18 / 18,448108,2019-09-04 20:14:00:221,-1.4733,-1.3904,9.8706,-0.0019,-0.0006,9.8066,0.0075,-0.0195,0.0041,-13.19,-27.62,-14.31,38.59,-84.49,-9.46
6525,52.378036,-1.25944,158.01,8.12,3,37.37,18 / 18,448207,2019-09-04 20:14:00:320,-1.3152,-0.9861,9.9046,0.0078,-0.0022,9.8065,0.0199,-0.0077,0.0181,-13.62,-28.0,-14.19,40.12,-84.51,-10.03
6526,52.378036,-1.25944,158.01,8.12,3,37.37,18 / 19,448308,2019-09-04 20:14:00:421,-0.4174,-1.0443,10.3341,0.0077,-0.0001,9.8066,0.018,-0.0108,-0.0008,-13.56,-27.5,-13.62,38.69,-84.57,-11.07
6527,52.378036,-1.25944,158.01,8.12,3,37.37,18 / 19,448407,2019-09-04 20:14:00:520,-1.089,-1.5034,9.6227,-0.003,0.01,9.8066,0.0187,-0.0022,-0.0421,-13.81,-26.94,-14.06,38.84,-84.66,-10.86
6528,52.378036,-1.25944,158.01,8.12,3,37.37,18 / 19,448508,2019-09-04 20:14:00:621,-0.8595,-0.8189,10.0417,-0.0045,0.0014,9.8066,-0.0067,-0.0139,-0.0175,-14.31,-27.0,-13.81,41.02,-84.73,-8.82
6529,52.378036,-1.25944,158.01,8.12,3,37.37,18 / 19,448608,2019-09-04 20:14:00:721,-0.9862,-1.2316,10.0988,-0.0089,0.0033,9.8066,-0.0037,-0.0071,-0.025,-13.44,-27.75,-13.62,40.15,-84.7,-7.87
6530,52.378036,-1.25944,158.01,8.12,3,37.37,18 / 19,448708,2019-09-04 20:14:00:821,-1.7207,-1.2197,9.8567,0.0003,-0.0077,9.8066,-0.0074,-0.0106,0.0166,-12.87,-27.56,-12.94,44.12,-84.66,-6.67
6531,52.378036,-1.25944,158.01,8.12,3,37.37,18 / 19,448808,2019-09-04 20:14:00:921,-1.8446,-0.8942,10.0941,-0.0034,-0.0041,9.8066,-0.0023,-0.004,0.001,-12.87,-27.56,-13.0,43.47,-84.56,-7.37
6532,52.378036,-1.25944,158.01,8.12,3,37.37,18 / 19,448908,2019-09-04 20:14:01:021,-0.7267,-0.9539,9.1507,-0.0045,-0.004,9.8065,-0.0243,0.0275,-0.0066,-12.69,-27.44,-13.06,43.01,-84.52,-7.62
6533,52.378036,-1.25944,158.01,8.12,3,37.37,18 / 19,449007,2019-09-04 20:14:01:120,-2.0307,-2.2637,11.8001,-0.0147,-0.0022,9.8065,0.001,0.0292,-0.0117,-12.94,-27.0,-12.56,44.31,-84.35,-6.64
6534,52.378036,-1.25944,158.01,8.12,3,37.37,18 / 19,449107,2019-09-04 20:14:01:220,-2.4404,-1.7951,11.9368,0.0327,0.0408,9.8064,0.1636,0.0151,-0.0239,-12.62,-28.12,-12.25,48.45,-84.8,-5.14
6535,52.378036,-1.25944,158.01,8.12,3,37.37,18 / 19,449207,2019-09-04 20:14:01:320,-1.2713,-0.6188,8.8604,0.0506,0.0539,9.8063,0.1728,0.0317,-0.0252,-12.19,-27.75,-11.44,48.59,-85.62,-4.64
6536,52.378036,-1.25944,158.01,8.12,3,37.37,18 / 19,449308,2019-09-04 20:14:01:421,-0.7772,0.0764,7.9284,0.0197,0.0225,9.8066,0.0481,0.0331,-0.0052,-11.69,-28.44,-11.37,48.92,-86.29,-3.45
6537,52.378574,-1.258951,156.52,3.62,3,26.97,18 / 18,449408,2019-09-04 20:14:01:521,-0.8015,-0.0916,8.7592,-0.0093,-0.0062,9.8066,-0.0169,0.0483,0.0027,-11.87,-28.06,-11.19,49.32,-86.47,-2.84
6538,52.378574,-1.258951,156.52,3.62,3,26.97,18 / 18,449507,2019-09-04 20:14:01:620,-1.029,-0.609,9.595,-0.0157,-0.0135,9.8066,-0.0469,0.0559,0.0036,-10.87,-28.56,-11.69,44.45,-86.26,-2.8
6539,52.378574,-1.258951,156.52,3.62,3,26.97,18 / 18,449608,2019-09-04 20:14:01:721,-1.3146,-0.8269,10.1664,-0.0132,-0.0094,9.8066,-0.0345,0.0627,0.001,-11.25,-28.81,-11.44,47.86,-86.03,-2.7
6540,52.378574,-1.258951,156.52,3.62,3,26.97,18 / 18,449708,2019-09-04 20:14:01:821,-0.7993,-0.7177,10.7407,-0.0044,-0.0014,9.8066,0.0259,0.059,-0.0139,-10.5,-29.5,-11.56,42.88,-85.85,-2.25
6541,52.378574,-1.258951,156.52,3.62,3,26.97,18 / 18,449807,2019-09-04 20:14:01:920,-0.7281,-0.1412,10.3482,0.0094,0.008,9.8066,0.0293,0.0852,0.0146,-10.0,-28.5,-11.87,43.68,-85.97,-1.2
6542,52.378574,-1.258951,156.52,3.62,3,26.97,18 / 18,449907,2019-09-04 20:14:02:020,-0.4815,-0.3277,10.2542,-0.0099,-0.0166,9.8066,-0.0771,0.0868,0.0151,-9.75,-28.37,-12.62,40.09,-85.91,-2.05
6543,52.378574,-1.258951,156.52,3.62,3,26.97,18 / 18,450008,2019-09-04 20:14:02:121,-0.9832,-0.6461,9.6847,-0.0263,-0.0344,9.8065,-0.1085,0.0878,0.0183,-9.94,-27.44,-13.19,40.36,-85.26,-2.36
6544,52.378574,-1.258951,156.52,3.62,3,26.97,18 / 18,450107,2019-09-04 20:14:02:220,-0.9626,-0.89,9.3966,-0.0256,-0.0334,9.8065,-0.0838,0.1039,0.0017,-10.12,-27.19,-13.12,40.39,-84.75,-2.91
6545,52.378574,-1.258951,156.52,3.62,3,26.97,18 / 18,450207,2019-09-04 20:14:02:320,-1.1199,-0.636,9.4814,-0.0142,-0.0078,9.8066,-0.025,0.1071,-0.0039,-9.87,-26.94,-13.12,41.4,-84.39,-2.43
6546,52.378574,-1.258951,156.52,3.62,3,26.97,19 / 19,450308,2019-09-04 20:14:02:421,-0.7177,-0.5326,9.7547,-0.0026,0.0031,9.8065,0.0235,0.1034,-0.0035,-9.94,-27.56,-13.75,40.09,-84.27,-1.61
6547,52.378574,-1.258951,156.52,3.62,3,26.97,19 / 19,450408,2019-09-04 20:14:02:521,-0.8315,-0.4926,9.8972,0.0032,0.0063,9.8066,0.0232,0.1029,0.0095,-9.31,-27.75,-13.5,40.21,-84.37,-1.08
6548,52.378574,-1.258951,156.52,3.62,3,26.97,19 / 19,450508,2019-09-04 20:14:02:621,-0.7582,-0.5461,9.8689,-0.0014,-0.0002,9.8066,-0.0034,0.1188,0.0063,-9.19,-27.56,-13.94,37.82,-84.42,-0.81
6549,52.378574,-1.258951,156.52,3.62,3,26.97,19 / 19,450608,2019-09-04 20:14:02:721,-0.3999,-0.5698,9.9387,-0.0085,-0.0039,9.8066,-0.0162,0.1297,0.0024,-8.81,-27.44,-14.44,38.54,-84.31,-0.1
6550,52.378574,-1.258951,156.52,3.62,3,26.97,19 / 19,450708,2019-09-04 20:14:02:821,-0.4016,-0.823,9.9385,-0.0064,-0.0018,9.8066,-0.0107,0.1181,0.0057,-8.69,-27.12,-14.37,39.13,-84.24,0.34
6551,52.378574,-1.258951,156.52,3.62,3,26.97,19 / 19,450808,2019-09-04 20:14:02:921,-0.6063,-0.7070000000000001,10.0556,-0.0096,-0.0006,9.8066,-0.0048,0.1024,-0.0057,-8.75,-27.62,-15.06,37.7,-84.15,0.85
6552,52.378574,-1.258951,156.52,3.62,3,26.97,19 / 19,450908,2019-09-04 20:14:03:021,-0.6924,-0.4886,9.9667,-0.0101,-0.0002,9.8066,-0.0023,0.1286,-0.0041,-8.56,-27.06,-15.37,39.15,-84.04,2.21
6553,52.378574,-1.258951,156.52,3.62,3,26.97,19 / 19,451007,2019-09-04 20:14:03:120,-0.5042,-0.5966,9.9115,-0.0074,-0.0007,9.8066,0.0032,0.0975,0.0031,-7.75,-26.62,-15.12,36.97,-83.98,2.98
6554,52.378574,-1.258951,156.52,3.62,3,26.97,19 / 19,451108,2019-09-04 20:14:03:221,-0.4044,-0.5891,9.9994,-0.0051,-0.0016,9.8066,0.0019,0.1087,0.0107,-8.0,-26.94,-15.12,37.85,-83.91,3.67
6555,52.378574,-1.258951,156.52,3.62,3,26.97,19 / 19,451208,2019-09-04 20:14:03:321,-0.2541,-0.4375,9.8869,-0.0064,-0.0001,9.8066,0.0023,0.1043,-0.0002,-8.0,-27.06,-15.0,38.25,-83.84,3.95
6556,52.378574,-1.258951,156.52,3.62,3,26.97,18 / 19,451307,2019-09-04 20:14:03:420,-0.0108,0.0077,9.8163,-0.0059,0.0022,9.8066,0.009,0.1066,-0.0034,-8.06,-26.62,-15.37,39.43,-83.78,4.9
6557,52.378574,-1.258951,156.52,3.62,3,26.97,18 / 19,451407,2019-09-04 20:14:03:520,-0.0645,-0.1129,9.807,-0.0071,0.0035,9.8066,0.013,0.1184,-0.0046,-7.75,-27.56,-14.87,41.13,-83.75,6.09
6558,52.378574,-1.258951,156.52,3.62,3,26.97,18 / 19,451508,2019-09-04 20:14:03:621,-0.0819999999999999,-0.1534,9.9783,-0.0073,-0.0016,9.8066,-0.0034,0.1045,0.006,-7.25,-26.94,-15.69,36.25,-83.68,6.67
6559,52.378574,-1.258951,156.52,3.62,3,26.97,18 / 19,451607,2019-09-04 20:14:03:720,-0.1918,-0.3347,9.884,-0.0075,-0.0014,9.8066,-0.0037,0.1101,-0.0009,-6.69,-27.06,-14.94,38.92,-83.61,7.16
6560,52.378574,-1.258951,156.52,3.62,3,26.97,18 / 19,451707,2019-09-04 20:14:03:820,-0.0226,0.0324,9.9148,-0.0058,-0.0001,9.8066,0.0077,0.105,0.0067,-7.31,-27.25,-15.12,39.86,-83.52,7.87
6561,52.378574,-1.258951,156.52,3.62,3,26.97,18 / 19,451808,2019-09-04 20:14:03:921,0.1016,0.2939,9.811,-0.0009,0.0032,9.8066,0.0146,0.1282,0.0148,-6.62,-27.56,-14.94,40.65,-83.5,8.26
6562,52.378574,-1.258951,156.52,3.62,3,26.97,18 / 19,451908,2019-09-04 20:14:04:021,0.1194,0.3446,9.7802,0.0005,0.002,9.8066,0.0206,0.0998,0.021,-6.06,-28.25,-15.31,37.35,-83.53,8.56
6563,52.378574,-1.258951,156.52,3.62,3,26.97,18 / 19,452008,2019-09-04 20:14:04:121,0.2843,0.4525,9.7527,-0.0012,0.0031,9.8065,0.0152,0.1185,0.0131,-6.19,-28.06,-15.81,35.62,-83.57,8.74
6564,52.378574,-1.258951,156.52,3.62,3,26.97,18 / 19,452108,2019-09-04 20:14:04:221,0.4638,0.7717,9.8327,-0.0031,0.0027,9.8066,0.0151,0.113,0.0086,-6.06,-27.56,-15.44,38.01,-83.58,9.17
6565,52.378574,-1.258951,156.52,3.62,3,26.97,18 / 19,452208,2019-09-04 20:14:04:321,0.2513,0.8023,9.8436,-0.0063,0.0043,9.8066,0.0094,0.132,-0.0007,-5.69,-27.94,-15.12,38.67,-83.58,9.72
6566,52.378574,-1.258951,156.52,3.62,3,26.97,18 / 19,452308,2019-09-04 20:14:04:421,0.0325,0.7129,9.8791,-0.0063,0.0017,9.8066,0.0031,0.1377,0.0051,-5.75,-27.25,-15.31,39.57,-83.56,10.71
6567,52.378574,-1.258951,156.52,3.62,3,26.97,18 / 18,452407,2019-09-04 20:14:04:520,0.09,0.6111,9.8819,-0.0054,0.0022,9.8066,0.0091,0.1569,0.0044,-5.31,-27.25,-14.87,36.51,-83.53,11.31
6568,52.378574,-1.258951,156.52,3.62,3,26.97,18 / 18,452508,2019-09-04 20:14:04:621,0.092,0.6665,9.8038,-0.0055,0.0041,9.8066,0.0173,0.1604,0.0022,-5.37,-27.37,-15.12,37.78,-83.52,12.37
6569,52.378574,-1.258951,156.52,3.62,3,26.97,18 / 18,452607,2019-09-04 20:14:04:720,0.1419,0.8653,9.7371,-0.0061,0.0067,9.8066,0.013,0.1936,0.0016,-4.87,-27.31,-14.87,39.31,-83.55,13.7
6570,52.378574,-1.258951,156.52,3.62,3,26.97,18 / 18,452708,2019-09-04 20:14:04:821,0.0976,0.7844,9.8279,-0.0036,0.0059,9.8066,0.0147,0.1872,0.005,-5.31,-26.37,-15.0,39.76,-83.58,14.37
6571,52.378574,-1.258951,156.52,3.62,3,26.97,18 / 18,452807,2019-09-04 20:14:04:920,-0.1405,0.7052,9.8473,-0.0064,0.0063,9.8066,0.0108,0.2223,0.0069,-4.81,-26.75,-14.44,43.03,-83.6,15.23
6572,52.378574,-1.258951,156.52,3.62,3,26.97,18 / 18,452907,2019-09-04 20:14:05:020,-0.0403,0.672,9.9529,-0.0066,0.0044,9.8066,0.0091,0.2401,0.0092,-4.81,-26.56,-13.87,44.57,-83.59,16.53
6573,52.378574,-1.258951,156.52,3.62,3,26.97,18 / 18,453007,2019-09-04 20:14:05:120,-0.2247,0.6237,9.81,-0.0064,0.0069999999999999,9.8066,0.0136,0.243,0.0128,-4.0,-26.56,-14.31,41.47,-83.59,17.45
6574,52.378574,-1.258951,156.52,3.62,3,26.97,18 / 18,453107,2019-09-04 20:14:05:220,-0.106,0.4516,9.9361,-0.0066,0.0094,9.8065,0.0159,0.2741,0.0084,-3.94,-26.81,-13.5,45.4,-83.62,19.05
6575,52.378574,-1.258951,156.52,3.62,3,26.97,18 / 18,453208,2019-09-04 20:14:05:321,-0.1487,0.3627,9.892,-0.0106,0.0086,9.8066,0.0108,0.2834,0.0011,-2.81,-27.12,-14.12,41.18,-83.63,20.97
6576,52.378574,-1.258951,156.52,3.62,3,26.97,18 / 18,453307,2019-09-04 20:14:05:420,-0.2594,0.3072,9.6596,-0.0095,0.0099,9.8066,0.0038,0.3098,0.0113,-2.44,-27.75,-15.19,37.38,-83.64,22.44
6577,52.378574,-1.258951,156.52,3.62,3,26.97,17 / 17,453407,2019-09-04 20:14:05:520,-0.0351,0.4482,9.8712,-0.0067,0.0033,9.8066,-0.0048,0.3066,0.0236,-1.87,-28.44,-15.06,38.7,-83.63,23.54
6578,52.378574,-1.258951,156.52,3.62,3,26.97,17 / 17,453508,2019-09-04 20:14:05:621,0.0401,0.3279999999999999,9.9278,-0.0031,0.0028,9.8066,-0.0043,0.3082,0.0328,-0.94,-28.44,-15.62,34.55,-83.61,24.46
6579,52.378574,-1.258951,156.52,3.62,3,26.97,17 / 17,453607,2019-09-04 20:14:05:720,0.0585,0.3231,9.7704,-0.0005,0.0027,9.8066,-0.0002,0.2978,0.0311,-0.31,-28.75,-16.81,30.44,-83.64,24.78
6580,52.378574,-1.258951,156.52,3.62,3,26.97,17 / 17,453708,2019-09-04 20:14:05:821,0.2594,0.482,9.9714,-0.0012,0.003,9.8066,0.0041,0.3039,0.0278,-0.31,-28.56,-15.81,31.02,-83.66,24.94
6581,52.378574,-1.258951,156.52,3.62,3,26.97,17 / 17,453808,2019-09-04 20:14:05:921,0.1424,0.6401,9.8881,-0.0065,0.0065,9.8066,0.0045,0.3084,0.0138,-0.25,-28.56,-16.44,31.69,-83.68,25.51
6582,52.378574,-1.258951,156.52,3.62,3,26.97,17 / 17,453908,2019-09-04 20:14:06:021,-0.1097,0.5169,9.6891,-0.0081,0.0069,9.8066,0.0043,0.3168,0.0099,0.75,-28.25,-15.69,28.89,-83.71,27.01
6583,52.378574,-1.258951,156.52,3.62,3,26.97,17 / 17,454008,2019-09-04 20:14:06:121,-0.1895,0.7025,9.8184,-0.0131,0.0097,9.8066,0.0077,0.3355,0.0008,0.31,-28.31,-15.56,34.8,-83.72,28.36
6584,52.378574,-1.258951,156.52,3.62,3,26.97,17 / 17,454108,2019-09-04 20:14:06:221,-0.2773,0.8711,9.9182,-0.0108,0.0088,9.8066,-0.0005,0.3788,0.0184,1.31,-28.44,-15.44,33.61,-83.73,30.79
6585,52.378574,-1.258951,156.52,3.62,3,26.97,17 / 17,454207,2019-09-04 20:14:06:320,-0.4141,0.7767,9.8752,-0.0051,0.0034,9.8066,-0.0062,0.3489,0.0256,3.0,-28.5,-15.0,26.03,-83.76,32.19
6586,52.378574,-1.258951,156.52,3.62,3,26.97,17 / 17,454308,2019-09-04 20:14:06:421,-0.5235,0.7659,9.724,0.0015,0.001,9.8066,-0.0215,0.3763,0.0413,2.75,-28.56,-15.19,26.36,-83.76,32.28
6587,52.378574,-1.258951,156.52,3.62,3,26.97,17 / 17,454407,2019-09-04 20:14:06:520,-0.1472,0.8545,9.8255,0.0007,0.0003,9.8066,-0.016,0.3654,0.0413,3.81,-29.06,-15.0,21.54,-83.77,32.09
6588,52.378574,-1.258951,156.52,3.62,3,26.97,17 / 17,454508,2019-09-04 20:14:06:621,-0.2374,1.5038,10.0834,-0.0053,0.0023,9.8066,-0.0083,0.4049,0.0215,4.5,-29.37,-15.06,17.58,-83.79,32.48
6589,52.378574,-1.258951,156.52,3.62,3,26.97,17 / 17,454608,2019-09-04 20:14:06:721,-0.6556,1.4477,9.8184,-0.0178,0.0028,9.8066,-0.0106,0.4222,0.0001,4.69,-28.94,-15.0,19.3,-83.79,33.87
6590,52.378574,-1.258951,156.52,3.62,3,26.97,17 / 17,454708,2019-09-04 20:14:06:821,-0.7354,1.209,9.5739,-0.0236,0.0055,9.8066,-0.0068,0.4065,-0.0033,5.19,-29.12,-14.81,23.38,-83.74,37.13
6591,52.378574,-1.258951,156.52,3.62,3,26.97,17 / 17,454807,2019-09-04 20:14:06:920,-0.6814,1.3019,9.7932,-0.0111,0.0038,9.8066,-0.0116,0.4119,0.0142,5.5,-29.19,-14.25,20.79,-83.7,39.62
6592,52.378574,-1.258951,156.52,3.62,3,26.97,17 / 17,454908,2019-09-04 20:14:07:021,-0.4083,0.858,9.7937,-0.004,0.0054,9.8066,-0.0017,0.3828,0.0295,6.38,-28.44,-13.69,21.41,-83.73,40.29
6593,52.378574,-1.258951,156.52,3.62,3,26.97,17 / 17,455008,2019-09-04 20:14:07:121,-0.57,1.4984,9.6294,-0.0095,0.0105,9.8066,0.0065,0.3757,0.0203,6.81,-29.06,-13.81,18.19,-83.8,41.08
6594,52.378574,-1.258951,156.52,3.62,3,26.97,17 / 17,455107,2019-09-04 20:14:07:220,-0.8740000000000001,1.1985,9.9935,-0.0127,0.0041,9.8066,-0.0088,0.3738,0.0024,8.06,-29.37,-12.56,14.62,-83.86,43.21
6595,52.378574,-1.258951,156.52,3.62,3,26.97,17 / 17,455207,2019-09-04 20:14:07:320,-0.9465,1.1241,9.6892,-0.0086,-0.0031,9.8066,-0.0266,0.3681,0.0088,8.25,-29.44,-12.81,16.31,-83.83,44.54
6596,52.378574,-1.258951,156.52,3.62,3,26.97,17 / 17,455309,2019-09-04 20:14:07:422,-0.8971,0.6659999999999999,9.7574,-0.0097,-0.0027,9.8066,-0.0303,0.3768,0.0034,8.5,-28.62,-12.06,11.43,-83.73,45.84
6597,52.378574,-1.258951,156.52,3.62,3,26.97,16 / 17,455408,2019-09-04 20:14:07:521,-1.1019,0.7795,9.6751,-0.0056,0.0097,9.8066,-0.0024,0.3702,0.0399,8.56,-29.19,-11.31,10.14,-83.71,47.11
6598,52.378574,-1.258951,156.52,3.62,3,26.97,16 / 17,455507,2019-09-04 20:14:07:620,-1.3868,1.4272,9.1902,0.0134,0.0184,9.8066,-0.0171,0.3243,0.0973,8.63,-29.25,-11.06,9.19,-83.92,46.45
6599,52.378574,-1.258951,156.52,3.62,3,26.97,16 / 17,455608,2019-09-04 20:14:07:721,-0.9854,1.6619,8.8262,0.0332,0.0096,9.8065,-0.0594,0.3123,0.1091,8.56,-29.5,-10.69,6.32,-84.15,44.27
6600,52.378574,-1.258951,156.52,3.62,3,26.97,16 / 17,455707,2019-09-04 20:14:07:820,0.0403,2.1173,9.0999,0.0406,-0.0105,9.8065,-0.1331,0.2714,0.0461,9.13,-29.12,-10.87,358.2,-84.18,37.87
6601,52.378574,-1.258951,156.52,3.62,3,26.97,16 / 17,455808,2019-09-04 20:14:07:921,0.1748,1.6347,10.8753,-0.0061,-0.064,9.8064,-0.1323,0.3053,-0.1003,9.44,-28.31,-10.75,354.64,-83.75,35.11
6602,52.378574,-1.258951,156.52,3.62,3,26.97,16 / 17,455907,2019-09-04 20:14:08:020,-0.728,-0.2279,11.4534,-0.0211,-0.0602,9.8064,-0.057,0.2584,-0.0894,9.31,-29.0,-10.12,355.1,-82.7,38.47
6603,52.378574,-1.258951,156.52,3.62,3,26.97,16 / 17,456007,2019-09-04 20:14:08:120,-1.0505,-0.5374,11.196,-0.0367,-0.0202,9.8065,0.0069,0.2472,-0.0816,10.44,-28.19,-10.69,0.47,-82.19,42.62
6604,52.378574,-1.258951,156.52,3.62,3,26.97,16 / 17,456108,2019-09-04 20:14:08:221,-0.8413,0.1716,9.4965,-0.0152,0.0215,9.8066,0.0769,0.2186,0.0934,11.0,-28.94,-10.69,359.55,-82.29,44.67
6605,52.378574,-1.258951,156.52,3.62,3,26.97,16 / 17,456208,2019-09-04 20:14:08:321,-1.4372,-0.5275,9.268,-0.0464,0.0292,9.8064,0.1218,0.2444,0.0008,11.25,-28.5,-9.56,357.66,-82.75,45.96
6606,52.378574,-1.258951,156.52,3.62,3,26.97,17 / 17,456307,2019-09-04 20:14:08:420,-1.1142,0.5022,8.4584,-0.0371,0.0836,9.8061,0.2129,0.2287,0.1356,11.13,-29.44,-8.19,356.85,-83.77,51.57
