,GPS LATITUDE (degrees), GPS LONGITUDE (degrees), GPS ALTITUDE (m), GPS SPEED (Kmh), GPS ACCURACY (m), GPS ORIENTATION (Â°),GPS SATELLITES IN RANGE, TIME SINCE START (ms), DATE (YYYY-MO-DD HH-MI-SS_SSS), ACCELEROMETER X (m/s²) , ACCELEROMETER Y (m/s²), ACCELEROMETER Z (m/s²), GRAVITY X (m/s²), GRAVITY Y (m/s²), GRAVITY Z (m/s²), GYROSCOPE Yaw (rad/s), GYROSCOPE Pitch (rad/s), GYROSCOPE Roll (rad/s), MAGNETIC FIELD X (Î¼T), MAGNETIC FIELD Y (Î¼T), MAGNETIC FIELD Z (Î¼T), ORIENTATION (Yaw) (Â°), ORIENTATION (Pitch) (Â°), ORIENTATION (Roll ) (Â°)
81550,50.975594,-3.153744,103,25.88,9,255.0,16 / 21,8155373,2019-08-16 15:05:09:153,0.1135,0.0858,9.0226,-0.0877,0.0482,9.8061,0.0245,0.0069,-0.0186,10.03,28.24,1.28,289.73,9.31,-0.15
81551,50.975594,-3.153744,103,25.88,9,255.0,16 / 21,8155472,2019-08-16 15:05:09:252,-0.0667,-0.2524,9.9271,0.0328,-0.0442,9.8065,-0.049,0.0272,-0.0037,10.41,28.11,1.25,289.73,9.31,-0.15
81552,50.975594,-3.153744,103,25.88,9,255.0,16 / 21,8155573,2019-08-16 15:05:09:353,-0.057,-0.246,9.4044,0.0598,-0.0439,9.8064,-0.05,-0.0293,0.0059,8.89,28.52,2.74,287.95,8.95,-0.39
81553,50.975594,-3.153744,103,25.88,9,255.0,16 / 21,8155673,2019-08-16 15:05:09:453,-0.2715,0.4013,9.4068,-0.0125,0.0706,9.8064,0.049,-0.0367,-0.0048,8.89,28.52,2.74,287.95,8.95,-0.39
81554,50.975533,-3.154095,101,25.71,9,256.3,16 / 21,8155773,2019-08-16 15:05:09:553,-0.0776,0.7056,9.5035,-0.0107,-0.0375,9.8066,0.0107,0.0165,0.0005,8.46,28.78,0.55,285.6,9.37,-0.45
81555,50.975533,-3.154095,101,25.71,9,256.3,16 / 21,8155872,2019-08-16 15:05:09:652,0.3365,-0.2277,10.058,-0.0175,-0.0578,9.8065,0.0576,0.0432,0.0016,9.18,28.55,0.61,287.37,9.17,-0.33
81556,50.975533,-3.154095,101,25.71,9,256.3,16 / 21,8155972,2019-08-16 15:05:09:752,-0.27,0.3205,10.3739,-0.0567,-0.0563,9.8063,0.0192,-0.0559,-0.025,9.18,28.55,0.61,287.37,9.17,-0.33
81557,50.975533,-3.154095,101,25.71,9,256.3,16 / 21,8156073,2019-08-16 15:05:09:853,-0.0943,-0.0004,9.4633,-0.032,0.0445,9.8065,0.0192,-0.0559,-0.025,9.64,28.25,3.01,290.26,8.96,0.09
81558,50.975533,-3.154095,101,25.71,9,256.3,16 / 21,8156173,2019-08-16 15:05:09:953,-0.1089,-0.1668,8.6567,0.0136,0.0211,9.8066,-0.0341,-0.0122,-0.0027,8.61,28.5,3.69,288.15,9.27,0.18
81559,50.975533,-3.154095,101,25.71,9,256.3,16 / 21,8156272,2019-08-16 15:05:10:052,-0.3821,0.0228,11.121,0.0406,0.0006,9.8066,-0.0298,0.0549,0.0027,7.83,28.85,2.56,288.15,9.27,0.18
81560,50.975533,-3.154095,101,25.71,9,256.3,16 / 21,8156373,2019-08-16 15:05:10:153,-0.4782,0.0237,9.9618,0.035,-0.0119,9.8066,0.0054,-0.0229,0.0154,8.15,28.84,1.26,285.53,9.14,0.0
81561,50.975533,-3.154095,101,25.71,9,256.3,16 / 21,8156472,2019-08-16 15:05:10:252,-0.1437,-0.0978,10.0744,-0.0588,0.0254,9.8064,0.016,0.0272,-0.0144,8.61,28.71,1.25,285.53,9.14,0.0
81562,50.975533,-3.154095,101,25.71,9,256.3,16 / 21,8156573,2019-08-16 15:05:10:353,-0.0462,-0.0766,10.1236,0.0331,-0.0507,9.8065,-0.0117,0.073,0.0069,8.6,28.67,1.95,287.53,9.23,0.45
81563,50.975533,-3.154095,101,25.71,9,256.3,16 / 21,8156673,2019-08-16 15:05:10:453,0.2699,-0.464,10.202,0.0727,-0.0519,9.8062,-0.0373,-0.0421,-0.0027,8.32,28.82,0.67,287.53,9.23,0.45
81564,50.97548,-3.15445,102,25.51,9,256.0,16 / 21,8156773,2019-08-16 15:05:10:553,0.2833,0.1027,9.7093,0.0783,-0.0089,9.8063,0.0458,-0.0442,-0.0037,8.32,28.82,0.67,287.53,9.23,0.45
81565,50.97548,-3.15445,102,25.51,9,256.0,16 / 21,8156873,2019-08-16 15:05:10:653,0.5651,0.3454,8.8952,-0.0127,0.0264,9.8066,0.0267,-0.0261,-0.0005,8.79,28.68,-0.04,287.04,9.04,0.02
81566,50.97548,-3.15445,102,25.51,9,256.0,16 / 21,8156973,2019-08-16 15:05:10:753,-0.2024,-0.1275,9.7501,-0.0285,0.0175,9.8066,0.0267,-0.0261,-0.0005,8.76,28.69,-0.04,287.04,9.04,0.02
81567,50.97548,-3.15445,102,25.51,9,256.0,16 / 21,8157073,2019-08-16 15:05:10:853,0.0903,0.4665,9.5225,-0.0059,-0.0118,9.8066,-0.0191,0.0165,0.0048,9.88,28.32,0.66,289.69,9.19,0.16
81568,50.97548,-3.15445,102,25.51,9,256.0,16 / 21,8157173,2019-08-16 15:05:10:953,-0.133,0.2349,10.0123,-0.0126,0.025,9.8066,-0.0053,-0.0655,-0.008,9.34,28.5,-0.75,287.27,9.35,0.18
81569,50.97548,-3.15445,102,25.51,9,256.0,16 / 21,8157273,2019-08-16 15:05:11:053,-0.2041,0.306,10.0423,-0.0099,0.0227,9.8066,-0.0223,0.0038,0.025,9.34,28.5,-0.75,287.27,9.35,0.18
81570,50.97548,-3.15445,102,25.51,9,256.0,16 / 21,8157373,2019-08-16 15:05:11:153,-0.3112,0.0762,11.0227,-0.0262,0.0061,9.8066,0.0171,-0.0026,0.0059,9.16,28.57,-0.14,286.98,9.43,0.31
81571,50.97548,-3.15445,102,25.51,9,256.0,16 / 21,8157473,2019-08-16 15:05:11:253,-0.2848,-0.4262,10.7455,-0.0226,-0.0864,9.8062,-0.0138,0.0794,0.0154,9.16,28.57,-0.14,286.98,9.43,0.31
81572,50.97548,-3.15445,102,25.51,9,256.0,16 / 21,8157573,2019-08-16 15:05:11:353,-0.2494,0.064,10.162,-0.0225,-0.0088,9.8066,0.0064,-0.0357,-0.0059,8.78,28.68,-0.76,286.68,8.99,0.59
81573,50.97548,-3.15445,102,25.51,9,256.0,16 / 21,8157672,2019-08-16 15:05:11:452,0.2679,0.1178,9.569,0.0097,0.0364,9.8066,0.0011,-0.0389,-0.0176,9.33,28.48,-1.46,287.23,8.97,0.73
81574,50.97543,-3.154819,101,25.63,9,256.1,15 / 21,8157773,2019-08-16 15:05:11:553,0.155,0.2888,9.0991,0.0204,0.0594,9.8064,0.0011,-0.0389,-0.0176,10.03,28.24,-1.37,287.23,8.97,0.73
81575,50.97543,-3.154819,101,25.63,9,256.1,15 / 21,8157873,2019-08-16 15:05:11:653,0.2188,0.2671,9.167,0.0319,0.0711,9.8063,0.0,0.0133,-0.0091,10.03,28.24,-1.37,287.23,8.97,0.73
81576,50.97543,-3.154819,101,25.63,9,256.1,15 / 21,8157973,2019-08-16 15:05:11:753,-0.2507,-0.3629,9.795,-0.0054,0.0431,9.8066,-0.0096,-0.0538,-0.0037,10.21,28.13,-2.12,288.77,9.32,0.43
81577,50.97543,-3.154819,101,25.63,9,256.1,15 / 21,8158072,2019-08-16 15:05:11:852,-0.2518,-0.0866,9.6718,-0.0319,0.0685,9.8064,0.0362,0.0144,0.0101,10.77,27.96,-1.39,290.8,9.75,0.48
81578,50.97543,-3.154819,101,25.63,9,256.1,15 / 21,8158173,2019-08-16 15:05:11:953,-0.1215,0.3529,10.0243,-0.0176,-0.0307,9.8066,-0.0053,0.041,0.025,10.77,27.96,-1.39,290.8,9.75,0.48
81579,50.97543,-3.154819,101,25.63,9,256.1,15 / 21,8158273,2019-08-16 15:05:12:053,-0.6033,0.2639,10.1509,-0.0298,-0.075,9.8063,0.0054,0.0357,-0.0016,9.7,28.38,-0.73,289.01,9.41,0.8
81580,50.97543,-3.154819,101,25.63,9,256.1,15 / 21,8158373,2019-08-16 15:05:12:153,-0.0801,0.1891,9.6036,-0.0034,0.0033,9.8066,-0.001,-0.0261,-0.0155,9.35,28.5,-0.71,287.17,9.36,0.92
81581,50.97543,-3.154819,101,25.63,9,256.1,15 / 21,8158473,2019-08-16 15:05:12:253,0.0463,0.674,9.0253,0.022,0.0293,9.8066,-0.001,-0.0261,-0.0155,9.35,28.5,-0.71,287.17,9.36,0.92
81582,50.97543,-3.154819,101,25.63,9,256.1,15 / 21,8158573,2019-08-16 15:05:12:353,-0.0729,0.4121,9.4135,0.0283,0.0388,9.8065,-0.0287,-0.0346,-0.0176,9.52,28.44,-0.62,289.0,9.48,0.75
81583,50.97543,-3.154819,101,25.63,9,256.1,15 / 21,8158673,2019-08-16 15:05:12:453,0.234,0.3225,10.2407,0.0341,0.0773,9.8063,-0.0064,0.0133,-0.0005,10.04,28.27,-0.04,289.0,9.48,0.75
81584,50.97537,-3.155176,100,25.62,9,255.8,15 / 21,8158773,2019-08-16 15:05:12:553,0.2695,0.4202,9.4859,0.0147,0.0935,9.8062,0.0394,0.0016,0.008,9.88,28.32,-0.75,288.99,9.97,0.48
81585,50.97537,-3.155176,100,25.62,9,255.8,15 / 21,8158873,2019-08-16 15:05:12:653,0.3557,-0.0752,10.2488,-0.0123,-0.0113,9.8066,-0.0117,0.0325,0.0027,9.85,28.33,-0.75,288.99,9.97,0.48
81586,50.97537,-3.155176,100,25.62,9,255.8,15 / 21,8158973,2019-08-16 15:05:12:753,0.0418,0.307,10.597,-0.015,-0.0152,9.8066,-0.0064,0.0357,-0.0069,10.04,28.26,-0.76,288.98,9.92,0.6
81587,50.97537,-3.155176,100,25.62,9,255.8,15 / 21,8159073,2019-08-16 15:05:12:853,0.1644,-0.011,10.0077,0.0079,0.01,9.8066,-0.0042,0.0293,0.008,10.04,28.26,-0.76,288.98,9.92,0.6
81588,50.97537,-3.155176,100,25.62,9,255.8,15 / 21,8159172,2019-08-16 15:05:12:952,-0.0474,-0.1454,10.3184,0.0019,0.0103,9.8066,0.0245,0.0304,0.0101,10.04,28.27,-0.04,289.29,9.97,0.57
81589,50.97537,-3.155176,100,25.62,9,255.8,15 / 21,8159273,2019-08-16 15:05:13:053,-0.1904,-0.3864,9.2643,-0.0076,-0.0254,9.8066,0.0245,0.0304,0.0101,8.79,28.68,-0.04,289.29,9.97,0.57
81590,50.97537,-3.155176,100,25.62,9,255.8,15 / 21,8159373,2019-08-16 15:05:13:153,-0.6928,-0.2218,10.0896,-0.071,-0.0011,9.8064,0.0384,-0.0176,-0.0005,8.79,28.68,-0.04,289.29,9.97,0.57
81591,50.97537,-3.155176,100,25.62,9,255.8,15 / 21,8159472,2019-08-16 15:05:13:252,0.0689,-0.1281,9.6739,-0.0002,0.044,9.8066,-0.016,-0.0623,-0.0155,9.31,28.52,-0.04,286.84,10.1,0.97
81592,50.97537,-3.155176,100,25.62,9,255.8,15 / 21,8159573,2019-08-16 15:05:13:353,0.1896,-0.1502,9.1051,0.0268,-0.0159,9.8066,-0.0042,-0.0005,-0.0069,9.85,28.34,-0.04,289.22,10.35,0.89
81593,50.97537,-3.155176,100,25.62,9,255.8,15 / 21,8159673,2019-08-16 15:05:13:453,-0.0123,-0.2562,10.5387,0.0286,-0.0328,9.8066,0.0362,0.0378,-0.0091,9.49,28.45,-0.76,287.11,10.21,0.77
81594,50.97531,-3.155535,100,25.38,9,256.1,16 / 21,8159773,2019-08-16 15:05:13:553,0.0239,0.053,9.8094,0.0443,-0.0134,9.8065,-0.0245,-0.0559,-0.0059,9.49,28.45,-0.76,287.11,10.21,0.77
81595,50.97531,-3.155535,100,25.38,9,256.1,16 / 21,8159873,2019-08-16 15:05:13:653,0.1783,0.0308,8.7356,0.015,0.0204,9.8066,-0.0053,0.0133,0.0048,9.31,28.51,-0.75,286.59,10.06,0.55
81596,50.97531,-3.155535,100,25.38,9,256.1,16 / 21,8159973,2019-08-16 15:05:13:753,-0.143,0.1158,9.1956,0.0249,0.0376,9.8065,0.0394,-0.0026,-0.008,9.87,28.3,-1.35,288.99,10.23,0.34
81597,50.97531,-3.155535,100,25.38,9,256.1,16 / 21,8160073,2019-08-16 15:05:13:853,-0.3166,0.0185,10.595,0.0005,0.0143,9.8066,-0.0053,-0.0623,-0.0005,9.83,28.27,-2.04,288.99,10.23,0.34
81598,50.97531,-3.155535,100,25.38,9,256.1,16 / 21,8160173,2019-08-16 15:05:13:953,-0.2391,-0.1444,9.4655,0.0044,0.0233,9.8066,-0.0053,-0.0623,-0.0005,11.07,27.76,-2.65,290.13,10.35,0.27
81599,50.97531,-3.155535,100,25.38,9,256.1,16 / 21,8160273,2019-08-16 15:05:14:053,-0.3736,-0.1682,9.3289,0.0152,0.0014,9.8066,-0.033,0.0165,0.0133,11.07,27.76,-2.65,290.13,10.35,0.27
81600,50.97531,-3.155535,100,25.38,9,256.1,16 / 21,8160372,2019-08-16 15:05:14:152,0.4103,0.6222,10.057,0.0202,-0.0198,9.8066,0.0309,0.0048,-0.0155,10.76,27.92,-2.11,290.48,10.2,0.2
81601,50.97531,-3.155535,100,25.38,9,256.1,16 / 21,8160473,2019-08-16 15:05:14:253,0.2684,0.7569,9.9966,0.0142,0.0178,9.8066,-0.0373,-0.0229,-0.0186,10.57,28.04,-1.36,290.78,10.32,0.21
81602,50.97531,-3.155535,100,25.38,9,256.1,16 / 21,8160573,2019-08-16 15:05:14:353,0.3182,0.1221,9.6331,0.0139,0.0019,9.8066,0.0213,0.0261,-0.0176,10.77,27.96,-1.39,290.79,10.38,0.09
81603,50.97531,-3.155535,100,25.38,9,256.1,16 / 21,8160673,2019-08-16 15:05:14:453,0.1262,-0.0202,10.2148,0.0251,-0.0138,9.8066,0.0128,0.0112,0.0059,10.77,27.96,-1.39,290.79,10.38,0.09
81604,50.975266,-3.155884,100,25.19,9,255.9,16 / 21,8160773,2019-08-16 15:05:14:553,0.1072,0.1728,10.4016,-0.0166,0.0063,9.8066,-0.0287,0.0048,0.0048,9.32,28.44,-2.06,286.89,10.26,-0.02
81605,50.975266,-3.155884,100,25.19,9,255.9,16 / 21,8160873,2019-08-16 15:05:14:653,0.0512,-0.1112,9.6509,-0.0171,0.0218,9.8066,0.0235,0.0283,-0.008,9.83,28.28,-1.94,286.89,10.26,-0.02
81606,50.975266,-3.155884,100,25.19,9,255.9,16 / 21,8160972,2019-08-16 15:05:14:752,0.1476,-0.3645,9.3341,-0.013,0.006,9.8066,0.0235,0.0283,-0.008,9.85,28.33,-0.75,289.03,10.31,0.04
81607,50.975266,-3.155884,100,25.19,9,255.9,16 / 21,8161073,2019-08-16 15:05:14:853,0.0645,-0.0368,9.3678,0.0255,-0.0193,9.8066,-0.0181,-0.0144,-0.0112,9.68,28.33,1.93,289.03,10.31,0.04
81608,50.975266,-3.155884,100,25.19,9,255.9,16 / 21,8161172,2019-08-16 15:05:14:952,0.374,-0.0396,9.4291,0.0525,-0.0132,9.8065,-0.0213,0.0059,-0.0112,9.68,28.33,1.93,289.03,10.31,0.04
81609,50.975266,-3.155884,100,25.19,9,255.9,16 / 21,8161273,2019-08-16 15:05:15:053,0.3964,0.4284,9.2907,0.0707,0.0274,9.8064,0.0139,-0.0261,-0.008,9.68,28.33,1.93,290.08,10.33,-0.41
81610,50.975266,-3.155884,100,25.19,9,255.9,16 / 21,8161373,2019-08-16 15:05:15:153,0.5332,-0.1287,9.3812,0.0055,0.0356,9.8066,0.0181,-0.0197,0.0005,9.32,28.45,1.98,290.08,10.33,-0.41
81611,50.975266,-3.155884,100,25.19,9,255.9,16 / 21,8161473,2019-08-16 15:05:15:253,-0.2767,-0.0618,9.3776,-0.0099,0.0009,9.8066,0.0171,0.0187,0.0101,9.32,28.45,1.98,290.08,10.33,-0.41
81612,50.975266,-3.155884,100,25.19,9,255.9,16 / 21,8161573,2019-08-16 15:05:15:353,-0.0821,-0.4649,10.3122,-0.0152,-0.0133,9.8066,0.0022,0.0133,-0.0091,9.88,28.3,1.26,289.75,10.35,-0.35
81613,50.975266,-3.155884,100,25.19,9,255.9,16 / 21,8161673,2019-08-16 15:05:15:453,0.104,-0.3592,9.2807,-0.0059,-0.0241,9.8066,-0.0245,0.0016,-0.0037,9.49,28.45,0.68,289.75,10.35,-0.35
81614,50.975216,-3.156232,99,24.93,9,256.2,16 / 21,8161772,2019-08-16 15:05:15:552,0.0465,-0.3524,9.6976,0.0172,-0.0161,9.8066,-0.0245,0.0016,-0.0037,9.88,28.32,-0.75,289.08,10.23,-0.27
81615,50.975216,-3.156232,99,24.93,9,256.2,16 / 21,8161872,2019-08-16 15:05:15:652,-0.0786,-0.2446,9.531,0.0272,-0.014,9.8066,-0.017,0.0346,-0.0048,9.88,28.32,-0.75,289.08,10.23,-0.27
81616,50.975216,-3.156232,99,24.93,9,256.2,16 / 21,8161973,2019-08-16 15:05:15:753,0.105,-0.3165,9.386,0.0171,0.0181,9.8066,0.0,0.0016,-0.0144,10.94,27.93,-0.14,291.21,10.1,-0.4
81617,50.975216,-3.156232,99,24.93,9,256.2,16 / 21,8162073,2019-08-16 15:05:15:853,-0.1629,-0.0828,9.2374,-0.0019,0.0405,9.8066,-0.0042,-0.0325,-0.0016,10.61,28.06,-0.15,291.22,10.16,-0.53
81618,50.975216,-3.156232,99,24.93,9,256.2,16 / 21,8162172,2019-08-16 15:05:15:952,-0.0166,0.2145,10.0082,0.0021,0.0486,9.8065,0.0032,-0.0016,-0.0016,10.61,28.06,-0.25,291.23,10.42,-0.65
81619,50.975216,-3.156232,99,24.93,9,256.2,16 / 21,8162273,2019-08-16 15:05:16:053,-0.0057,0.0295,9.7573,0.0014,-0.0153,9.8066,0.0053,0.0165,-0.0069,9.34,28.51,0.46,291.23,10.42,-0.65
81620,50.975216,-3.156232,99,24.93,9,256.2,16 / 21,8162373,2019-08-16 15:05:16:153,-0.2341,-0.1369,9.8784,0.005,-0.0094,9.8066,-0.0117,-0.0218,-0.0005,9.34,28.51,0.46,291.23,10.42,-0.65
81621,50.975216,-3.156232,99,24.93,9,256.2,16 / 21,8162473,2019-08-16 15:05:16:253,-0.1939,0.0659,10.349,0.02,-0.0008,9.8066,-0.0213,0.0283,-0.0027,10.39,28.06,-2.23,288.79,10.36,-0.65
81622,50.975216,-3.156232,99,24.93,9,256.2,16 / 21,8162573,2019-08-16 15:05:16:353,-0.0065,-0.0756,10.043,0.0141,-0.0122,9.8066,0.0043,0.056,-0.008,11.11,27.77,-2.26,290.59,10.32,-0.77
81623,50.975216,-3.156232,99,24.93,9,256.2,16 / 21,8162673,2019-08-16 15:05:16:453,-0.1701,0.1099,9.6752,0.0195,-0.0328,9.8066,0.0043,0.056,-0.008,11.45,27.73,0.45,291.27,10.1,-0.81
81624,50.97516,-3.15658,100,24.77,9,256.3,16 / 21,8162773,2019-08-16 15:05:16:553,0.0859,0.1736,9.7963,-0.003,0.0004,9.8066,0.0064,-0.025,-0.0112,11.45,27.73,0.45,291.27,10.1,-0.81
81625,50.97516,-3.15658,100,24.77,9,256.3,16 / 21,8162873,2019-08-16 15:05:16:653,0.2851,-0.3278,9.5186,0.0094,-0.0034,9.8066,-0.0309,0.0197,-0.0133,10.78,27.97,1.2,291.59,10.11,-0.79
81626,50.97516,-3.15658,100,24.77,9,256.3,16 / 21,8162973,2019-08-16 15:05:16:753,-0.0726,0.4894,10.4008,0.0012,-0.0039,9.8066,0.0213,-0.0026,0.0005,10.42,28.13,0.46,289.51,10.07,-0.83
81627,50.97516,-3.15658,100,24.77,9,256.3,16 / 21,8163074,2019-08-16 15:05:16:854,-0.0311,0.4674,10.0534,-0.0126,0.0001,9.8066,0.0149,0.0112,-0.0005,10.94,27.93,-0.24,289.51,10.07,-0.83
81628,50.97516,-3.15658,100,24.77,9,256.3,16 / 21,8163173,2019-08-16 15:05:16:953,-0.2452,0.1925,9.7273,-0.0232,-0.0014,9.8066,0.0022,-0.0069,-0.0005,10.94,27.93,0.35,291.25,10.11,-0.7
81629,50.97516,-3.15658,100,24.77,9,256.3,16 / 21,8163273,2019-08-16 15:05:17:053,-0.1133,-0.4614,10.5219,-0.0054,-0.0612,9.8065,0.0181,0.041,0.0048,9.88,28.31,0.96,291.25,10.11,-0.7
81630,50.97516,-3.15658,100,24.77,9,256.3,16 / 21,8163372,2019-08-16 15:05:17:152,-0.2413,-0.0489,10.0033,-0.0225,-0.0662,9.8064,0.0149,-0.0484,-0.0112,9.88,28.31,0.96,291.25,10.11,-0.7
81631,50.97516,-3.15658,100,24.77,9,256.3,16 / 21,8163473,2019-08-16 15:05:17:253,-0.2361,-0.0339,8.9795,-0.0206,0.0217,9.8066,0.0149,-0.0484,-0.0112,9.52,28.45,0.35,289.46,9.8,-0.43
81632,50.97516,-3.15658,100,24.77,9,256.3,16 / 21,8163573,2019-08-16 15:05:17:353,0.1283,-0.1992,9.3382,-0.0248,0.0391,9.8065,-0.001,-0.0623,-0.024,10.4,28.09,1.65,289.46,9.8,-0.43
81633,50.97516,-3.15658,100,24.77,9,256.3,16 / 21,8163673,2019-08-16 15:05:17:453,-0.0998,-0.1391,9.7442,0.0031,-0.0001,9.8067,0.0032,0.0219,-0.0155,10.22,28.2,0.25,289.43,10.06,-0.37
81634,50.975113,-3.156917,99,24.57,9,256.7,15 / 21,8163772,2019-08-16 15:05:17:552,-0.0682,-0.0343,10.1399,0.0033,-0.007,9.8066,0.0181,0.007,-0.0037,10.22,28.2,0.25,289.43,10.06,-0.37
81635,50.975113,-3.156917,99,24.57,9,256.7,15 / 21,8163873,2019-08-16 15:05:17:653,0.2924,-0.0318,9.707,-0.0272,-0.0015,9.8066,-0.0117,-0.0122,0.0027,10.22,28.19,0.84,289.76,10.01,-0.38
81636,50.975113,-3.156917,99,24.57,9,256.7,15 / 21,8163973,2019-08-16 15:05:17:753,-0.0121,-0.5472,10.8491,-0.0414,-0.0396,9.8065,0.0192,0.0698,-0.0037,9.88,28.32,0.16,289.76,10.01,-0.38
81637,50.975113,-3.156917,99,24.57,9,256.7,15 / 21,8164073,2019-08-16 15:05:17:853,-0.4315,-0.0953,10.2,-0.0161,-0.0419,9.8065,-0.0202,0.0655,0.008,10.22,28.19,0.84,289.71,9.88,-0.07
81638,50.975113,-3.156917,99,24.57,9,256.7,15 / 21,8164173,2019-08-16 15:05:17:953,-0.0311,-0.2931,9.1537,-0.0127,-0.0912,9.8062,-0.0117,-0.0325,-0.0037,9.02,28.61,0.15,289.71,9.88,-0.07
81639,50.975113,-3.156917,99,24.57,9,256.7,15 / 21,8164272,2019-08-16 15:05:18:052,0.1771,-0.1941,9.5892,-0.0168,0.0285,9.8066,-0.0117,-0.0325,-0.0037,9.7,28.38,0.84,289.68,9.4,0.19
81640,50.975113,-3.156917,99,24.57,9,256.7,15 / 21,8164374,2019-08-16 15:05:18:154,-0.2514,0.1883,9.6343,-0.038,0.0721,9.8063,0.0022,-0.0591,-0.0005,9.7,28.38,0.84,289.68,9.4,0.19
81641,50.975113,-3.156917,99,24.57,9,256.7,15 / 21,8164473,2019-08-16 15:05:18:253,0.2277,0.1169,9.3324,-0.0053,0.0294,9.8066,0.0139,0.0016,0.0016,9.55,28.44,0.15,289.35,9.87,0.25
81642,50.975113,-3.156917,99,24.57,9,256.7,15 / 21,8164572,2019-08-16 15:05:18:352,0.0916,0.0246,10.2506,-0.0095,0.0115,9.8066,0.0053,0.0368,-0.0091,10.77,27.99,0.74,291.42,10.05,0.23
81643,50.975113,-3.156917,99,24.57,9,256.7,15 / 21,8164672,2019-08-16 15:05:18:452,-0.2279,0.1472,10.4323,0.0022,-0.003,9.8067,0.0171,0.0272,0.0048,10.42,28.13,0.16,289.34,10.02,0.22
81644,50.975056,-3.15727,100,24.57,9,256.9,15 / 21,8164773,2019-08-16 15:05:18:553,0.2114,-0.3935,10.1238,-0.0069,-0.0339,9.8066,0.0299,0.0272,0.0016,10.42,28.13,0.16,289.34,10.02,0.22
81645,50.975056,-3.15727,100,24.57,9,256.9,15 / 21,8164873,2019-08-16 15:05:18:653,0.1411,-0.4221,9.8442,-0.0038,-0.0689,9.8064,-0.0032,0.0357,0.0144,10.22,28.2,0.15,289.34,9.85,0.33
81646,50.975056,-3.15727,100,24.57,9,256.9,15 / 21,8164972,2019-08-16 15:05:18:752,-0.058,-0.0032,9.176,0.0048,-0.1107,9.806,-0.0032,0.0357,0.0144,10.26,28.19,0.06,289.34,9.85,0.33
81647,50.975056,-3.15727,100,24.57,9,256.9,15 / 21,8165073,2019-08-16 15:05:18:853,0.0381,-0.2722,9.1261,0.0007,-0.1011,9.8061,-0.0149,-0.0229,0.0133,9.88,28.33,0.06,289.34,9.29,0.52
81648,50.975056,-3.15727,100,24.57,9,256.9,15 / 21,8165173,2019-08-16 15:05:18:953,-0.1333,-0.0033,10.2618,-0.0249,0.0471,9.8065,0.0022,-0.0378,-0.008,10.76,27.98,-1.21,290.8,9.6,0.57
81649,50.975056,-3.15727,100,24.57,9,256.9,15 / 21,8165273,2019-08-16 15:05:19:053,-0.1604,0.0306,10.1929,0.0021,0.023,9.8066,-0.0298,-0.0101,-0.0005,10.76,27.98,-1.21,290.8,9.6,0.57
81650,50.975056,-3.15727,100,24.57,9,256.9,15 / 21,8165373,2019-08-16 15:05:19:153,0.016,-0.003,10.6313,0.0076,-0.0101,9.8066,0.0,-0.0069,0.0037,11.44,27.7,-1.32,290.8,9.72,0.51
81651,50.975056,-3.15727,100,24.57,9,256.9,15 / 21,8165473,2019-08-16 15:05:19:253,-0.0074,-0.0507,10.1523,0.0073,-0.019,9.8066,0.0192,0.0485,0.0027,11.14,27.85,-0.55,290.81,9.6,0.51
81652,50.975056,-3.15727,100,24.57,9,256.9,15 / 21,8165573,2019-08-16 15:05:19:353,-0.0225,-0.2356,9.3451,-0.0115,-0.0097,9.8066,0.0022,0.0101,0.0165,11.14,27.85,-0.55,290.81,9.6,0.51
81653,50.975056,-3.15727,100,24.57,9,256.9,15 / 21,8165673,2019-08-16 15:05:19:453,0.1767,-0.4728,9.8432,-0.0021,-0.0159,9.8066,-0.0319,0.0112,-0.0069,11.14,27.85,0.06,291.09,9.57,0.59
81654,50.975006,-3.157608,100,24.5,9,256.8,15 / 21,8165772,2019-08-16 15:05:19:552,0.1575,-0.5638,10.604,0.013,-0.03,9.8066,-0.0319,0.0112,-0.0069,11.88,27.54,-0.66,292.56,9.38,0.58
81655,50.975006,-3.157608,100,24.5,9,256.8,15 / 21,8165872,2019-08-16 15:05:19:652,0.0749,-0.4473,10.2377,0.007,0.0226,9.8066,-0.0021,-0.0548,-0.0016,11.88,27.54,-0.66,292.56,9.38,0.58
81656,50.975006,-3.157608,100,24.5,9,256.8,15 / 21,8165973,2019-08-16 15:05:19:753,0.209,-0.178,9.7439,-0.0043,-0.0105,9.8066,0.0181,0.0101,0.008,11.35,27.76,0.78,291.4,9.49,0.49
81657,50.975006,-3.157608,100,24.5,9,256.8,15 / 21,8166072,2019-08-16 15:05:19:852,-0.0641,-0.3361,10.0372,-0.0103,-0.0381,9.8066,0.0203,-0.0112,0.008,12.52,27.13,2.71,291.4,9.49,0.49
81658,50.975006,-3.157608,100,24.5,9,256.8,15 / 21,8166173,2019-08-16 15:05:19:953,-0.533,-0.1711,9.2541,0.0018,0.0208,9.8066,0.0149,-0.0357,-0.024,16.09,25.29,1.26,302.44,9.41,0.71
81659,50.975006,-3.157608,100,24.5,9,256.8,15 / 21,8166273,2019-08-16 15:05:20:053,0.3519,-0.5253,9.2543,0.0382,0.0325,9.8065,-0.0351,-0.0016,-0.0176,16.46,25.04,-1.49,302.44,9.41,0.71
81660,50.975006,-3.157608,100,24.5,9,256.8,15 / 21,8166373,2019-08-16 15:05:20:153,0.4386,-0.3254,9.5027,0.0242,0.0044,9.8066,-0.016,0.0123,-0.0037,13.89,25.49,-7.58,296.56,9.45,0.42
81661,50.975006,-3.157608,100,24.5,9,256.8,15 / 21,8166473,2019-08-16 15:05:20:253,0.0544,-0.3811,9.2401,0.0294,0.0117,9.8066,0.0682,-0.0261,-0.0123,13.89,25.49,-7.58,296.56,9.45,0.42
81662,50.975006,-3.157608,100,24.5,9,256.8,15 / 21,8166573,2019-08-16 15:05:20:353,0.1994,-0.3955,9.447,-0.0211,0.0008,9.8066,0.0682,-0.0261,-0.0123,4.18,29.31,-4.83,276.12,9.43,0.23
81663,50.975006,-3.157608,100,24.5,9,256.8,15 / 21,8166673,2019-08-16 15:05:20:453,-0.4184,0.1741,11.5338,-0.0349,-0.0058,9.8066,-0.0042,-0.0868,0.0059,6.56,29.21,-1.91,282.72,9.42,0.44
81664,50.97496,-3.157943,102,24.21,9,257.1,15 / 21,8166772,2019-08-16 15:05:20:552,-0.2798,0.2593,11.0299,0.0285,-0.0331,9.8066,-0.033,0.0645,-0.0059,7.31,29.09,-0.57,282.72,9.42,0.44
81665,50.97496,-3.157943,102,24.21,9,257.1,15 / 21,8166873,2019-08-16 15:05:20:653,-0.0583,0.5175,9.6841,0.0247,-0.0108,9.8066,0.0394,-0.0101,0.0027,7.31,29.09,-0.57,282.72,9.42,0.44
81666,50.97496,-3.157943,102,24.21,9,257.1,15 / 21,8166972,2019-08-16 15:05:20:752,0.0427,0.0727,9.7394,0.0142,-0.0237,9.8066,0.0107,-0.0207,0.0037,8.96,28.63,-0.56,286.68,9.27,0.39
81667,50.97496,-3.157943,102,24.21,9,257.1,15 / 21,8167073,2019-08-16 15:05:20:853,0.0192,0.0623,9.8155,-0.0023,0.0008,9.8066,-0.0117,0.0187,-0.0027,8.79,28.68,0.16,286.97,9.27,0.4
81668,50.97496,-3.157943,102,24.21,9,257.1,15 / 21,8167172,2019-08-16 15:05:20:952,0.3478,0.0667,9.4584,0.0068,0.0015,9.8066,-0.0117,0.0187,-0.0027,9.7,28.38,-0.54,286.97,9.27,0.4
81669,50.97496,-3.157943,102,24.21,9,257.1,15 / 21,8167273,2019-08-16 15:05:21:053,0.1726,0.1617,9.7017,0.0482,-0.0013,9.8065,-0.0202,0.0272,-0.0123,9.7,28.38,-0.54,286.97,9.27,0.4
81670,50.97496,-3.157943,102,24.21,9,257.1,15 / 21,8167373,2019-08-16 15:05:21:153,0.3526,0.2196,10.2598,0.0158,0.0286,9.8066,-0.017,-0.0389,0.0005,9.88,28.32,0.16,289.4,9.18,0.13
81671,50.97496,-3.157943,102,24.21,9,257.1,15 / 21,8167473,2019-08-16 15:05:21:253,0.0674,0.1145,9.68,0.0113,0.04,9.8066,-0.0042,-0.0197,-0.0155,9.7,28.38,-0.54,289.4,9.18,0.13
81672,50.97496,-3.157943,102,24.21,9,257.1,15 / 21,8167573,2019-08-16 15:05:21:353,0.1973,0.286,9.8901,0.0219,-0.0184,9.8066,0.0022,0.0325,-0.0101,10.41,28.11,-1.24,289.11,9.38,-0.01
81673,50.97496,-3.157943,102,24.21,9,257.1,15 / 21,8167673,2019-08-16 15:05:21:453,0.0705,0.0246,10.6093,0.0424,-0.0264,9.8065,0.0213,0.0027,0.0005,10.41,28.11,-1.24,289.11,9.38,-0.01
81674,50.974915,-3.158283,101,24.24,9,257.3,15 / 21,8167772,2019-08-16 15:05:21:552,0.1652,0.1075,9.922,-0.0062,-0.0023,9.8066,0.0181,0.0059,0.008,9.88,28.32,-0.55,289.16,9.16,-0.2
81675,50.974915,-3.158283,101,24.24,9,257.3,15 / 21,8167873,2019-08-16 15:05:21:653,-0.2593,0.1924,10.1253,-0.0327,-0.0071,9.8066,0.0,0.0219,0.0037,11.44,27.72,0.84,291.48,9.18,0.0
81676,50.974915,-3.158283,101,24.24,9,257.3,15 / 21,8167972,2019-08-16 15:05:21:752,-0.1168,-0.5171,10.3808,-0.0083,-0.0216,9.8066,-0.0128,0.0187,-0.0133,10.73,27.98,1.42,291.48,9.18,0.0
81677,50.974915,-3.158283,101,24.24,9,257.3,15 / 21,8168073,2019-08-16 15:05:21:853,-0.2012,0.1029,9.8922,0.0188,-0.0261,9.8066,-0.0128,0.0187,-0.0133,11.44,27.7,1.43,291.49,9.0,-0.05
81678,50.974915,-3.158283,101,24.24,9,257.3,15 / 21,8168173,2019-08-16 15:05:21:953,0.0757,-0.1732,9.6913,0.0144,0.0157,9.8066,-0.0085,-0.0506,-0.0208,11.44,27.7,1.43,291.49,9.0,-0.05
81679,50.974915,-3.158283,101,24.24,9,257.3,15 / 21,8168272,2019-08-16 15:05:22:052,-0.0285,-0.0631,9.7161,0.0073,0.0018,9.8066,0.0011,-0.0112,-0.008,11.22,27.76,-1.78,290.66,9.05,-0.16
81680,50.974915,-3.158283,101,24.24,9,257.3,15 / 21,8168373,2019-08-16 15:05:22:153,-0.0032,0.3829,9.6685,0.0296,0.0039,9.8066,0.0,0.0304,-0.0123,10.22,28.18,-1.12,290.66,9.05,-0.16
81681,50.974915,-3.158283,101,24.24,9,257.3,15 / 21,8168473,2019-08-16 15:05:22:253,-0.0344,-0.3038,9.4069,0.0015,0.0163,9.8066,0.0022,-0.0026,-0.0229,10.55,28.08,-0.42,291.25,9.01,-0.33
81682,50.974915,-3.158283,101,24.24,9,257.3,15 / 21,8168572,2019-08-16 15:05:22:352,0.0289,-0.0703,8.7573,0.0161,0.0099,9.8066,-0.0213,0.0091,-0.0027,10.07,28.26,-0.52,289.19,9.1,-0.38
81683,50.974915,-3.158283,101,24.24,9,257.3,15 / 21,8168673,2019-08-16 15:05:22:453,0.2668,-0.5128,9.852,0.0291,0.0113,9.8066,0.0107,-0.0133,0.0005,10.94,27.93,0.16,291.28,9.1,-0.56
81684,50.97487,-3.158626,100,24.18,9,257.4,15 / 21,8168772,2019-08-16 15:05:22:552,-0.2423,0.1467,10.5257,-0.0078,-0.0216,9.8066,0.0458,-0.0101,-0.0027,10.07,28.25,0.73,289.79,9.0,-0.47
81685,50.97487,-3.158626,100,24.18,9,257.4,16 / 21,8168873,2019-08-16 15:05:22:653,-0.0102,-0.4096,9.2844,-0.0154,-0.0073,9.8066,0.0458,-0.0101,-0.0027,10.07,28.25,0.73,289.79,9.0,-0.47
81686,50.97487,-3.158626,100,24.18,9,257.4,16 / 21,8168973,2019-08-16 15:05:22:753,0.2379,-0.5925,9.329,0.0022,-0.0044,9.8066,-0.0192,-0.0058,-0.0027,10.41,28.12,0.76,289.77,8.99,-0.37
81687,50.97487,-3.158626,100,24.18,9,257.4,16 / 21,8169073,2019-08-16 15:05:22:853,-0.3686,-0.2684,9.7805,0.0044,-0.0147,9.8066,-0.0213,0.057,0.0027,10.58,28.07,-0.52,290.98,8.9,-0.36
81688,50.97487,-3.158626,100,24.18,9,257.4,16 / 21,8169173,2019-08-16 15:05:22:953,-0.2296,-0.437,9.9607,-0.0079,-0.0051,9.8066,0.0128,-0.0026,-0.0016,10.25,28.19,-0.63,289.19,8.89,-0.31
81689,50.97487,-3.158626,100,24.18,9,257.4,16 / 21,8169274,2019-08-16 15:05:23:054,-0.0229,0.349,9.1744,-0.0098,0.012,9.8066,-0.0447,-0.0239,-0.0005,10.94,27.93,0.16,289.19,8.89,-0.31
81690,50.97487,-3.158626,100,24.18,9,257.4,16 / 21,8169373,2019-08-16 15:05:23:153,0.2583,-0.2429,10.0384,0.0088,0.0173,9.8066,-0.0064,-0.0314,-0.008,10.94,27.93,0.16,289.19,8.89,-0.31
81691,50.97487,-3.158626,100,24.18,9,257.4,16 / 21,8169473,2019-08-16 15:05:23:253,0.3,0.022,10.0242,0.03,-0.0042,9.8066,-0.001,0.0251,-0.0101,10.26,28.19,0.06,289.49,8.97,-0.39
81692,50.97487,-3.158626,100,24.18,9,257.4,16 / 21,8169572,2019-08-16 15:05:23:352,0.2144,-0.0635,9.9385,0.0606,-0.007,9.8065,-0.0021,0.0293,-0.0037,10.76,27.97,-1.31,291.03,8.81,-0.72
81693,50.97487,-3.158626,100,24.18,9,257.4,16 / 21,8169672,2019-08-16 15:05:23:452,0.2042,-0.3104,9.701,0.0104,-0.0019,9.8066,-0.0021,0.0293,-0.0037,10.76,27.97,-1.31,291.03,8.81,-0.72
81694,50.974823,-3.158972,99,24.23,9,257.9,15 / 21,8169773,2019-08-16 15:05:23:553,0.0656,-0.0918,9.5518,0.0063,-0.0129,9.8066,0.016,-0.0026,-0.0048,11.27,27.77,-1.3,291.04,8.73,-0.72
81695,50.974823,-3.158972,99,24.23,9,257.9,15 / 21,8169873,2019-08-16 15:05:23:653,-0.3401,-0.4002,9.2894,-0.0156,-0.009,9.8066,0.0373,-0.0005,-0.0005,11.27,27.77,-1.3,291.04,8.73,-0.72
81696,50.974823,-3.158972,99,24.23,9,257.9,15 / 21,8169973,2019-08-16 15:05:23:753,-0.4968,-0.0508,9.6854,-0.0221,-0.0004,9.8066,0.0053,0.0261,-0.008,10.76,27.97,-1.31,291.03,8.71,-0.62
81697,50.974823,-3.158972,99,24.23,9,257.9,15 / 21,8170073,2019-08-16 15:05:23:853,-0.1182,0.1279,8.7733,0.0069,0.0168,9.8066,-0.0096,-0.0239,-0.0069,12.16,27.42,-0.64,293.49,8.85,-0.46
81698,50.974823,-3.158972,99,24.23,9,257.9,15 / 21,8170173,2019-08-16 15:05:23:953,0.075,-0.626,9.7654,0.0095,0.0167,9.8066,-0.0128,-0.009,0.0016,12.16,27.42,-0.64,293.49,8.85,-0.46
81699,50.974823,-3.158972,99,24.23,9,257.9,15 / 21,8170273,2019-08-16 15:05:24:053,-0.013,-0.4286,9.0655,0.0075,0.0022,9.8066,-0.0074,0.0592,-0.0272,11.64,27.58,-1.94,292.47,8.92,-0.55
81700,50.974823,-3.158972,99,24.23,9,257.9,15 / 21,8170374,2019-08-16 15:05:24:154,0.0572,0.0351,10.1565,0.025,0.0108,9.8066,-0.0202,-0.0133,-0.0155,11.13,27.83,-1.26,292.47,8.92,-0.55
81701,50.974823,-3.158972,99,24.23,9,257.9,15 / 21,8170473,2019-08-16 15:05:24:253,-0.0442,-0.1979,10.0429,0.0242,-0.0162,9.8066,-0.0202,-0.0133,-0.0155,10.94,27.93,0.06,291.31,8.92,-0.72
81702,50.974823,-3.158972,99,24.23,9,257.9,15 / 21,8170573,2019-08-16 15:05:24:353,0.0891,-0.5556,9.7558,0.0184,-0.0223,9.8066,0.016,0.0261,0.0154,10.94,27.93,0.16,291.32,8.76,-0.77
81703,50.974823,-3.158972,99,24.23,9,257.9,15 / 21,8170673,2019-08-16 15:05:24:453,0.0643,-0.151,9.4079,-0.0319,0.0053,9.8066,0.0384,0.0304,0.0165,10.94,27.93,0.16,291.32,8.76,-0.77
81704,50.974785,-3.159308,98,24.19,9,258.3,15 / 21,8170772,2019-08-16 15:05:24:552,-0.3127,-0.3766,9.8495,-0.0304,0.0054,9.8066,0.0107,-0.0474,0.0101,10.58,28.07,0.05,291.3,8.86,-0.61
81705,50.974785,-3.159308,98,24.19,9,258.3,15 / 21,8170872,2019-08-16 15:05:24:652,-0.3641,0.1013,9.0931,-0.0397,-0.0044,9.8066,-0.0181,0.0506,-0.0197,10.77,27.99,0.74,291.54,8.92,-0.38
81706,50.974785,-3.159308,98,24.19,9,258.3,15 / 21,8170973,2019-08-16 15:05:24:753,0.0356,0.2942,9.5516,-0.0067,-0.01,9.8066,-0.0266,0.0123,-0.0218,10.58,28.06,0.73,291.53,8.88,-0.32
81707,50.974785,-3.159308,98,24.19,9,258.3,15 / 21,8171073,2019-08-16 15:05:24:853,0.2547,-0.1682,9.2905,-0.0048,0.0072,9.8066,0.0085,-0.0218,-0.0229,10.58,28.06,0.73,291.53,8.88,-0.32
81708,50.974785,-3.159308,98,24.19,9,258.3,15 / 21,8171175,2019-08-16 15:05:24:955,0.284,-0.0203,9.2785,0.0074,-0.0013,9.8066,-0.0192,0.0623,-0.0005,10.58,28.07,0.05,291.26,8.91,-0.36
81709,50.974785,-3.159308,98,24.19,9,258.3,15 / 21,8171273,2019-08-16 15:05:25:053,0.3568,0.2541,9.5849,0.0009,0.0051,9.8067,-0.0373,-0.0026,0.0037,10.77,27.99,-0.63,290.98,8.94,-0.38
81710,50.974785,-3.159308,98,24.19,9,258.3,15 / 21,8171373,2019-08-16 15:05:25:153,0.2833,-0.1841,9.5385,0.0058,0.0085,9.8066,-0.0373,-0.0026,0.0037,10.77,27.99,0.74,290.98,8.94,-0.38
81711,50.974785,-3.159308,98,24.19,9,258.3,15 / 21,8171473,2019-08-16 15:05:25:253,0.3005,-0.4575,8.8401,-0.006,0.0215,9.8066,-0.001,0.0709,-0.0005,10.77,27.99,0.74,290.98,8.94,-0.38
81712,50.974785,-3.159308,98,24.19,9,258.3,15 / 21,8171572,2019-08-16 15:05:25:352,-0.3593,-0.0243,10.2411,0.0127,-0.0172,9.8066,-0.0362,0.0261,-0.0069,10.77,28.0,-0.53,290.97,9.07,-0.39
81713,50.974785,-3.159308,98,24.19,9,258.3,15 / 21,8171673,2019-08-16 15:05:25:453,-0.0681,-0.0473,8.8555,-0.0123,-0.0255,9.8066,-0.0053,-0.0293,-0.0123,10.77,28.0,0.06,290.97,9.07,-0.39
81714,50.97474,-3.159642,98,24.14,10,258.5,15 / 21,8171773,2019-08-16 15:05:25:553,0.2355,-0.7014,8.967,-0.0192,-0.0475,9.8065,-0.0138,0.0783,0.0069,11.08,27.87,-0.61,290.96,8.85,-0.18
81715,50.97474,-3.159642,98,24.14,10,258.5,15 / 21,8171872,2019-08-16 15:05:25:652,-0.0046,-0.6975,9.2303,0.0121,-0.0183,9.8066,0.0224,0.0368,-0.0037,11.08,27.87,-0.61,290.96,8.85,-0.18
81716,50.97474,-3.159642,98,24.14,10,258.5,15 / 21,8171973,2019-08-16 15:05:25:753,-0.1041,-0.2115,9.1063,-0.0099,-0.0238,9.8066,-0.0085,-0.0261,0.0144,10.06,28.24,-1.1,289.19,8.72,-0.21
81717,50.97474,-3.159642,98,24.14,10,258.5,15 / 21,8172072,2019-08-16 15:05:25:852,-0.2481,-0.2993,9.4221,0.0036,0.0166,9.8066,-0.001,-0.0346,0.0005,11.45,27.73,0.15,291.24,8.59,-0.09
81718,50.97474,-3.159642,98,24.14,10,258.5,15 / 21,8172173,2019-08-16 15:05:25:953,0.1559,-0.3088,8.766,0.0056,0.0199,9.8066,0.0235,-0.0708,-0.0016,11.95,27.52,0.15,291.24,8.59,-0.09
81719,50.97474,-3.159642,98,24.14,10,258.5,15 / 21,8172273,2019-08-16 15:05:26:053,0.2902,-0.211,9.6839,0.0076,0.0244,9.8066,0.0235,-0.0708,-0.0016,11.95,27.52,0.15,291.24,8.59,-0.09
81720,50.97474,-3.159642,98,24.14,10,258.5,15 / 21,8172373,2019-08-16 15:05:26:153,0.0074,-0.1889,8.8524,-0.0036,-0.0009,9.8066,0.016,0.0006,-0.0037,11.66,27.64,-0.54,292.72,8.71,-0.18
81721,50.97474,-3.159642,98,24.14,10,258.5,15 / 21,8172473,2019-08-16 15:05:26:253,-0.0599,-0.4092,10.1877,-0.0136,-0.0154,9.8066,-0.0064,0.0091,-0.0048,11.66,27.64,0.16,292.98,8.71,-0.16
81722,50.97474,-3.159642,98,24.14,10,258.5,15 / 21,8172573,2019-08-16 15:05:26:353,-0.0931,-0.4361,9.6698,-0.0106,-0.0251,9.8066,-0.017,-0.0037,-0.0112,11.45,27.73,0.15,291.23,8.6,-0.05
81723,50.97474,-3.159642,98,24.14,10,258.5,15 / 21,8172673,2019-08-16 15:05:26:453,-0.1154,0.024,9.6545,0.0116,-0.031,9.8066,0.0022,0.0283,-0.0069,11.45,27.73,0.15,291.23,8.6,-0.05
81724,50.9747,-3.159983,98,24.21,9,258.7,15 / 21,8172773,2019-08-16 15:05:26:553,0.1331,-0.0462,9.1806,0.0045,-0.024,9.8066,0.0085,-0.0218,0.0282,10.58,28.07,-0.52,290.98,8.41,-0.04
81725,50.9747,-3.159983,98,24.21,9,258.7,15 / 21,8172873,2019-08-16 15:05:26:653,-0.1876,-0.1407,9.427,-0.0401,-0.026,9.8065,0.0341,-0.0037,-0.0218,9.7,28.38,0.84,289.69,8.35,0.23
81726,50.9747,-3.159983,98,24.21,9,258.7,15 / 21,8172972,2019-08-16 15:05:26:752,-0.2882,-0.7986,10.5627,-0.0266,0.0062,9.8066,-0.0234,0.0048,-0.0037,9.88,28.31,0.86,289.69,8.35,0.23
81727,50.9747,-3.159983,98,24.21,9,258.7,15 / 21,8173073,2019-08-16 15:05:26:853,-0.2916,-0.0602,10.3996,-0.0285,0.0097,9.8066,-0.0234,0.0048,-0.0037,10.04,28.26,0.82,289.67,8.46,0.37
81728,50.9747,-3.159983,98,24.21,9,258.7,15 / 21,8173173,2019-08-16 15:05:26:953,0.1312,-0.5298,10.6563,0.0384,-0.0135,9.8066,-0.033,-0.0367,0.0027,10.04,28.26,0.82,289.67,8.46,0.37
81729,50.9747,-3.159983,98,24.21,9,258.7,15 / 21,8173273,2019-08-16 15:05:27:053,0.0462,-0.2709,9.5805,-0.0011,0.0024,9.8067,-0.0106,0.0496,0.0059,9.89,28.32,0.15,289.44,8.31,0.19
81730,50.9747,-3.159983,98,24.21,9,258.7,15 / 21,8173373,2019-08-16 15:05:27:153,0.1386,-0.4513,9.6001,0.0089,-0.0131,9.8066,0.0128,0.0368,0.0037,9.89,28.31,0.81,289.44,8.31,0.19
81731,50.9747,-3.159983,98,24.21,9,258.7,15 / 21,8173473,2019-08-16 15:05:27:253,-0.2275,0.3808,9.511,-0.0027,-0.0119,9.8066,0.0064,-0.041,0.0016,11.08,27.88,0.15,291.23,8.22,0.16
81732,50.9747,-3.159983,98,24.21,9,258.7,15 / 21,8173572,2019-08-16 15:05:27:352,0.0253,-0.5155,9.6429,-0.0082,-0.0116,9.8066,-0.0021,-0.0112,-0.0155,10.88,27.95,-0.42,291.22,8.17,0.23
81733,50.9747,-3.159983,98,24.21,9,258.7,15 / 21,8173672,2019-08-16 15:05:27:452,0.1453,-0.4772,9.6223,0.011,0.0061,9.8066,-0.0042,0.0357,-0.0069,10.88,27.95,-0.42,291.22,8.17,0.23
81734,50.974655,-3.160325,98,24.28,9,258.9,15 / 21,8173772,2019-08-16 15:05:27:552,0.2638,-0.453,9.116,0.0296,0.0107,9.8066,0.0043,-0.0367,-0.0187,11.04,27.89,0.15,291.24,8.17,0.05
81735,50.974655,-3.160325,98,24.28,9,258.9,15 / 21,8173873,2019-08-16 15:05:27:653,0.3696,-0.2969,9.3335,0.0218,0.0129,9.8066,0.0043,-0.0367,-0.0187,11.04,27.87,-1.09,291.24,8.17,0.05
81736,50.974655,-3.160325,98,24.28,9,258.9,15 / 21,8173973,2019-08-16 15:05:27:753,-0.1284,0.2674,9.8592,0.0167,0.0216,9.8066,0.0064,0.0144,0.0005,11.74,27.61,-0.43,292.99,8.25,-0.09
81737,50.974655,-3.160325,98,24.28,9,258.9,15 / 21,8174073,2019-08-16 15:05:27:853,-0.1907,0.2786,9.0181,-0.0081,-0.0004,9.8066,-0.0032,0.0304,0.0037,11.74,27.61,-0.43,292.99,8.25,-0.09
81738,50.974655,-3.160325,98,24.28,9,258.9,15 / 21,8174173,2019-08-16 15:05:27:953,-0.0122,-0.6372,9.8113,-0.0103,-0.013,9.8066,0.0267,0.0091,-0.0069,11.95,27.52,-0.43,292.98,8.25,0.03
81739,50.974655,-3.160325,98,24.28,9,258.9,15 / 21,8174273,2019-08-16 15:05:28:053,0.1064,-0.7232,9.1223,0.0019,0.0024,9.8066,0.0192,-0.0378,-0.0144,11.24,27.81,-0.43,291.23,8.2,0.11
81740,50.974655,-3.160325,98,24.28,9,258.9,15 / 21,8174373,2019-08-16 15:05:28:153,-0.2606,-0.0544,9.6796,0.0035,-0.0096,9.8066,-0.0042,0.0368,-0.0091,11.24,27.81,-0.43,291.23,8.2,0.11
81741,50.974655,-3.160325,98,24.28,9,258.9,15 / 21,8174473,2019-08-16 15:05:28:253,-0.1687,-0.1957,9.1347,-0.0022,-0.01,9.8066,0.0203,0.0112,-0.0133,11.45,27.73,-0.44,291.24,8.14,0.11
81742,50.974655,-3.160325,98,24.28,9,258.9,15 / 21,8174572,2019-08-16 15:05:28:352,0.2092,-0.2609,9.3143,0.0077,0.0068,9.8066,-0.0224,-0.0325,-0.0112,11.52,27.68,-1.08,291.24,8.14,0.11
81743,50.974655,-3.160325,98,24.28,9,258.9,15 / 21,8174673,2019-08-16 15:05:28:453,0.5491,-0.2891,9.13,0.0212,0.0349,9.8066,-0.0255,0.0112,-0.008,11.45,27.73,-0.44,291.25,8.29,-0.08
81744,50.974613,-3.160668,98,24.39,9,259.1,15 / 21,8174773,2019-08-16 15:05:28:553,0.0965,0.1107,9.0836,-0.0022,0.0198,9.8066,-0.0255,0.0112,-0.008,11.45,27.73,-0.44,291.25,8.29,-0.08
81745,50.974613,-3.160668,98,24.39,9,259.1,15 / 21,8174872,2019-08-16 15:05:28:652,-0.0143,0.175,10.1089,0.012,0.005,9.8066,0.0256,0.0197,-0.0101,11.45,27.73,-0.44,291.25,8.4,-0.11
81746,50.974613,-3.160668,98,24.39,9,259.1,15 / 21,8174972,2019-08-16 15:05:28:752,-0.1077,0.4341,9.4878,0.0271,-0.0021,9.8066,0.0085,-0.0069,0.0005,11.45,27.73,-0.44,291.27,8.33,-0.25
81747,50.974613,-3.160668,98,24.39,9,259.1,15 / 21,8175073,2019-08-16 15:05:28:853,0.1077,-0.0251,9.1051,0.01,-0.0069,9.8066,0.0043,0.0006,-0.0133,11.24,27.8,0.83,291.54,8.27,-0.29
81748,50.974613,-3.160668,98,24.39,9,259.1,15 / 21,8175172,2019-08-16 15:05:28:952,0.0562,-0.1207,9.2517,-0.021,-0.0098,9.8066,0.0288,-0.009,-0.0123,11.24,27.8,0.83,291.54,8.27,-0.29
81749,50.974613,-3.160668,98,24.39,9,259.1,15 / 21,8175273,2019-08-16 15:05:29:053,-0.1625,0.0559,9.8234,-0.0333,0.0073,9.8066,0.0288,-0.0112,-0.0016,11.24,27.81,-0.43,291.26,8.27,-0.16
81750,50.974613,-3.160668,98,24.39,9,259.1,15 / 21,8175375,2019-08-16 15:05:29:155,0.0748,-0.6263,8.0842,-0.0469,0.0062,9.8065,0.0117,-0.1006,-0.0208,10.55,28.08,-0.42,291.26,8.27,-0.16
81751,50.974613,-3.160668,98,24.39,9,259.1,15 / 21,8175473,2019-08-16 15:05:29:253,-0.4338,-0.0629,9.69,-0.0012,0.0259,9.8066,-0.0053,-0.0527,-0.0208,11.24,27.81,0.25,291.23,8.4,0.09
81752,50.974613,-3.160668,98,24.39,9,259.1,15 / 21,8175575,2019-08-16 15:05:29:355,-0.1311,0.4904,9.4384,0.0066,0.0419,9.8066,-0.0053,-0.0527,-0.0208,11.45,27.73,-0.44,291.23,8.61,-0.04
81753,50.974613,-3.160668,98,24.39,9,259.1,15 / 21,8175673,2019-08-16 15:05:29:453,0.2963,0.2835,9.9408,0.0031,0.0166,9.8066,0.0085,-0.0176,0.0005,11.45,27.73,-0.44,291.23,8.61,-0.04
81754,50.97457,-3.161007,97,24.48,9,259.4,15 / 21,8175773,2019-08-16 15:05:29:553,-0.2856,-0.1332,10.7458,0.0235,0.0059,9.8066,-0.0437,0.0602,0.0016,12.35,27.33,0.83,294.01,8.6,-0.18
81755,50.97457,-3.161007,97,24.48,9,259.4,15 / 21,8175873,2019-08-16 15:05:29:653,0.2503,-0.0267,10.8609,0.0384,-0.0103,9.8066,-0.0245,0.041,-0.0144,11.24,27.81,0.25,294.01,8.6,-0.18
81756,50.97457,-3.161007,97,24.48,9,259.4,15 / 21,8175973,2019-08-16 15:05:29:753,0.2911,0.348,9.3596,0.0556,-0.013,9.8065,-0.0128,0.0197,0.0005,11.24,27.81,-0.33,291.3,8.4,-0.45
81757,50.97457,-3.161007,97,24.48,9,259.4,15 / 21,8176073,2019-08-16 15:05:29:853,0.2684,0.1627,9.6565,0.0009,0.01,9.8066,0.0022,0.0197,0.0048,11.24,27.81,-0.33,291.3,8.4,-0.45
81758,50.97457,-3.161007,97,24.48,9,259.4,15 / 21,8176173,2019-08-16 15:05:29:953,0.143,0.0988,9.4717,-0.0226,0.0295,9.8066,0.0139,0.0112,-0.0005,11.45,27.73,-0.34,291.3,8.45,-0.47
81759,50.97457,-3.161007,97,24.48,9,259.4,15 / 21,8176273,2019-08-16 15:05:30:053,0.2075,0.4146,9.4564,-0.0137,0.0159,9.8066,0.0288,0.0112,-0.0027,12.57,27.22,-1.03,295.24,8.66,-0.41
81760,50.97457,-3.161007,97,24.48,9,259.4,15 / 21,8176374,2019-08-16 15:05:30:154,-0.3069,0.3654,9.4704,-0.0308,0.038,9.8065,0.0288,0.0112,-0.0027,12.57,27.22,-1.03,295.24,8.66,-0.41
81761,50.97457,-3.161007,97,24.48,9,259.4,15 / 21,8176473,2019-08-16 15:05:30:253,-0.1399,0.367,9.7769,0.0028,0.0032,9.8067,-0.0096,-0.0239,-0.0027,12.58,27.23,0.35,295.48,8.93,-0.34
81762,50.97457,-3.161007,97,24.48,9,259.4,15 / 21,8176573,2019-08-16 15:05:30:353,-0.283,0.5513,9.7722,0.0253,-0.0279,9.8066,-0.0138,0.0496,0.0069,12.35,27.34,0.25,295.48,8.93,-0.34
81763,50.97457,-3.161007,97,24.48,9,259.4,15 / 21,8176674,2019-08-16 15:05:30:454,0.0167,-0.1848,10.5132,-0.0096,-0.0371,9.8066,0.0309,0.04,-0.0037,12.58,27.23,0.35,295.5,8.72,-0.41
81764,50.974533,-3.161358,97,24.62,9,259.7,15 / 21,8176773,2019-08-16 15:05:30:553,-0.1857,-0.0435,9.1303,-0.0452,-0.0525,9.8064,0.0011,-0.0016,0.0261,10.94,27.93,0.25,291.23,8.56,-0.03
81765,50.974533,-3.161358,97,24.62,9,259.7,15 / 21,8176872,2019-08-16 15:05:30:652,0.0583,0.1862,9.8381,-0.0315,-0.0141,9.8066,0.0032,-0.025,0.0186,10.94,27.93,0.25,291.23,8.56,-0.03
81766,50.974533,-3.161358,97,24.62,9,259.7,15 / 21,8176972,2019-08-16 15:05:30:752,0.0402,0.0769,9.2293,-0.0578,-0.0264,9.8064,0.0149,-0.0357,0.0016,11.94,27.51,0.93,293.18,8.54,0.34
81767,50.974533,-3.161358,97,24.62,9,259.7,15 / 21,8177073,2019-08-16 15:05:30:853,-0.2729,0.0472,9.628,-0.0315,0.021,9.8066,-0.0287,-0.0431,-0.0048,10.92,27.89,1.64,293.18,8.54,0.34
81768,50.974533,-3.161358,97,24.62,9,259.7,15 / 21,8177173,2019-08-16 15:05:30:953,-0.2101,0.2306,9.9206,0.0002,0.0141,9.8066,-0.0287,-0.0431,-0.0048,11.09,27.72,2.97,291.96,8.98,0.45
81769,50.974533,-3.161358,97,24.62,9,259.7,15 / 21,8177272,2019-08-16 15:05:31:052,0.0787,0.1177,9.8323,0.0137,0.0012,9.8066,-0.0255,0.0304,0.008,11.09,27.72,2.97,291.96,8.98,0.45
81770,50.974533,-3.161358,97,24.62,9,259.7,15 / 21,8177374,2019-08-16 15:05:31:154,-0.0463,-0.2587,10.8503,-0.002,-0.0175,9.8066,0.0128,0.0357,-0.008,11.34,27.72,1.7,291.7,8.95,0.38
81771,50.974533,-3.161358,97,24.62,9,259.7,15 / 21,8177474,2019-08-16 15:05:31:254,-0.0991,-0.2692,9.8937,-0.0196,-0.0302,9.8066,0.0053,0.0038,-0.008,10.17,28.06,2.98,290.18,8.83,0.55
81772,50.974533,-3.161358,97,24.62,9,259.7,15 / 21,8177573,2019-08-16 15:05:31:353,-0.3604,-0.007,9.4322,-0.0051,-0.0211,9.8066,0.0149,-0.0133,-0.0016,10.17,28.06,2.98,290.18,8.83,0.55
81773,50.974533,-3.161358,97,24.62,9,259.7,15 / 21,8177673,2019-08-16 15:05:31:453,-0.1551,0.3133,10.0633,-0.0125,-0.0355,9.8066,0.0117,0.0304,0.0091,10.19,28.12,2.3,289.89,8.66,0.69
81774,50.974495,-3.161713,97,24.64,9,259.8,15 / 21,8177773,2019-08-16 15:05:31:553,-0.2127,0.6511,10.0133,-0.0287,0.0034,9.8066,-0.001,-0.0346,-0.0101,10.52,28.01,2.25,291.63,8.74,0.84
81775,50.974495,-3.161713,97,24.64,9,259.8,15 / 21,8177872,2019-08-16 15:05:31:652,0.0973,0.4345,9.5655,-0.0003,0.0464,9.8065,-0.0266,0.0155,-0.0155,10.52,28.01,2.25,291.63,8.74,0.84
81776,50.974495,-3.161713,97,24.64,9,259.8,15 / 21,8177973,2019-08-16 15:05:31:753,0.4322,0.3635,10.2864,0.0178,0.0568,9.8065,-0.0266,0.0155,-0.0155,10.52,28.01,2.25,291.66,9.01,0.62
81777,50.974495,-3.161713,97,24.64,9,259.8,15 / 21,8178072,2019-08-16 15:05:31:852,0.727,0.0575,10.1971,0.0247,-0.0115,9.8066,0.0043,0.0016,-0.0133,10.52,28.01,2.25,291.66,9.01,0.62
81778,50.974495,-3.161713,97,24.64,9,259.8,15 / 21,8178172,2019-08-16 15:05:31:952,0.1336,0.4805,9.5833,0.0086,0.0116,9.8066,-0.0021,0.024,0.0016,11.24,27.8,1.02,291.44,8.8,0.34
81779,50.974495,-3.161713,97,24.64,9,259.8,15 / 21,8178273,2019-08-16 15:05:32:053,0.2849,0.526,8.9789,0.0098,0.0099,9.8066,0.0043,0.0101,-0.025,11.43,27.69,1.63,291.72,8.85,0.27
81780,50.974495,-3.161713,97,24.64,9,259.8,15 / 21,8178373,2019-08-16 15:05:32:153,0.208,1.3688,9.4388,0.042,0.0101,9.8066,-0.0469,-0.0421,-0.0112,11.24,27.8,0.92,291.46,8.88,0.2
81781,50.974495,-3.161713,97,24.64,9,259.8,15 / 21,8178472,2019-08-16 15:05:32:252,0.4356,0.8993,8.8485,0.0298,0.0165,9.8066,0.0448,0.057,-0.0027,11.24,27.8,0.92,291.46,8.88,0.2
81782,50.974495,-3.161713,97,24.64,9,259.8,15 / 21,8178572,2019-08-16 15:05:32:352,-0.0449,1.1295,8.0587,0.0004,0.0367,9.8066,-0.0394,-0.1028,-0.0176,11.23,27.77,1.6,291.76,8.91,0.0
81783,50.974495,-3.161713,97,24.64,9,259.8,15 / 21,8178674,2019-08-16 15:05:32:454,0.6252,0.5408,9.9062,0.0355,0.0249,9.8066,-0.0671,0.0325,0.0027,11.53,27.68,0.9,291.76,8.91,0.0
81784,50.97446,-3.162048,96,24.46,9,259.8,15 / 21,8178773,2019-08-16 15:05:32:553,0.5342,0.049,11.4076,0.0329,-0.0042,9.8066,-0.0671,0.0325,0.0027,12.16,27.42,0.35,293.74,8.97,-0.25
81785,50.97446,-3.162048,96,24.46,9,259.8,15 / 21,8178873,2019-08-16 15:05:32:653,0.453,-0.6418,10.1673,0.0415,-0.0023,9.8066,0.0586,-0.0314,0.0016,11.14,27.85,0.36,293.74,8.97,-0.25
81786,50.97446,-3.162048,96,24.46,9,259.8,15 / 21,8178972,2019-08-16 15:05:32:752,0.0198,0.3069,10.2431,0.0293,-0.0389,9.8065,-0.0074,0.056,0.0059,11.04,27.89,-0.33,291.27,8.69,-0.32
81787,50.97446,-3.162048,96,24.46,9,259.8,15 / 21,8179073,2019-08-16 15:05:32:853,0.4691,-0.2231,10.3936,0.0052,-0.0515,9.8065,-0.0074,-0.0122,-0.0112,11.04,27.89,-0.33,291.27,8.69,-0.32
81788,50.97446,-3.162048,96,24.46,9,259.8,15 / 21,8179173,2019-08-16 15:05:32:953,-0.3945,0.1513,9.178,-0.0139,0.078,9.8063,0.0107,-0.0037,-0.0069,10.55,28.08,-0.33,291.27,8.4,-0.24
81789,50.97446,-3.162048,96,24.46,9,259.8,15 / 21,8179273,2019-08-16 15:05:33:053,0.1803,0.2311,9.6628,-0.007,-0.0021,9.8066,-0.0213,0.0112,0.0048,11.93,27.52,0.33,292.99,8.85,-0.33
81790,50.97446,-3.162048,96,24.46,9,259.8,15 / 21,8179373,2019-08-16 15:05:33:153,0.3361,-0.7885,10.1251,0.0175,-0.0129,9.8066,-0.0479,0.0869,-0.0293,12.58,27.23,-0.34,295.48,8.86,-0.28
81791,50.97446,-3.162048,96,24.46,9,259.8,15 / 21,8179473,2019-08-16 15:05:33:253,0.2348,-0.2921,10.2467,0.061,-0.017,9.8064,-0.0479,0.0869,-0.0293,12.58,27.23,0.35,295.53,8.61,-0.57
81792,50.97446,-3.162048,96,24.46,9,259.8,15 / 21,8179573,2019-08-16 15:05:33:353,0.2548,-0.1611,9.199,0.0136,-0.0055,9.8066,0.0288,-0.042,-0.008,12.16,27.41,-0.94,293.53,8.55,-0.63
81793,50.97446,-3.162048,96,24.46,9,259.8,15 / 21,8179673,2019-08-16 15:05:33:453,0.0026,-0.2492,9.0408,-0.0198,-0.0108,9.8066,0.0064,0.0016,0.0016,12.16,27.41,-0.94,293.53,8.55,-0.63
81794,50.974422,-3.162384,96,24.51,9,260.0,16 / 21,8179773,2019-08-16 15:05:33:553,-0.0237,-0.1541,10.3414,-0.0119,0.0004,9.8066,0.0245,-0.0218,-0.0144,11.73,27.6,-0.91,292.77,8.54,-0.49
81795,50.974422,-3.162384,96,24.51,9,260.0,16 / 21,8179873,2019-08-16 15:05:33:653,-0.2509,-0.2489,10.2088,-0.0206,0.0009,9.8066,-0.0074,0.0102,-0.0069,11.33,27.76,-0.87,291.01,8.59,-0.38
81796,50.974422,-3.162384,96,24.51,9,260.0,16 / 21,8179975,2019-08-16 15:05:33:755,-0.0623,-0.1045,9.3144,-0.0115,-0.0016,9.8066,-0.0064,0.0187,0.0027,11.33,27.76,-0.87,291.01,8.59,-0.38
81797,50.974422,-3.162384,96,24.51,9,260.0,16 / 21,8180073,2019-08-16 15:05:33:853,-0.1504,-0.1869,10.3147,-0.0202,0.013,9.8066,-0.0245,-0.0154,-0.0112,11.73,27.59,1.01,293.27,8.6,-0.32
81798,50.974422,-3.162384,96,24.51,9,260.0,16 / 21,8180173,2019-08-16 15:05:33:953,-0.3089,-0.3284,10.4766,-0.0227,0.022,9.8066,-0.0245,0.0272,-0.0165,11.24,27.81,0.34,291.25,8.77,-0.24
81799,50.974422,-3.162384,96,24.51,9,260.0,16 / 21,8180273,2019-08-16 15:05:34:053,-0.0589,-0.5626,10.3918,0.0261,-0.0167,9.8066,-0.0245,0.0272,-0.0165,11.24,27.81,0.34,291.25,8.77,-0.24
81800,50.974422,-3.162384,96,24.51,9,260.0,16 / 21,8180373,2019-08-16 15:05:34:153,0.1606,-0.1322,10.3907,0.0218,-0.0279,9.8066,-0.0032,-0.0165,0.0037,11.74,27.61,-0.23,293.01,8.63,-0.35
81801,50.974422,-3.162384,96,24.51,9,260.0,16 / 21,8180472,2019-08-16 15:05:34:252,0.1957,0.1642,9.5556,0.0138,-0.0286,9.8066,0.0022,0.0283,0.0133,11.94,27.5,1.03,293.28,8.43,-0.41
81802,50.974422,-3.162384,96,24.51,9,260.0,16 / 21,8180573,2019-08-16 15:05:34:353,0.0577,-0.1916,9.1922,-0.0035,-0.0267,9.8066,0.0171,0.0165,-0.0059,11.95,27.52,-0.24,293.28,8.43,-0.41
81803,50.974422,-3.162384,96,24.51,9,260.0,16 / 21,8180672,2019-08-16 15:05:34:452,0.1496,-0.4489,9.4082,-0.0153,-0.0114,9.8066,-0.0213,-0.0218,-0.0005,11.95,27.52,-0.24,293.28,8.43,-0.41
81804,50.97438,-3.162733,96,24.84,9,260.4,16 / 21,8180773,2019-08-16 15:05:34:553,0.3375,-0.5141,9.0754,-0.0072,0.0301,9.8066,0.0075,0.0293,0.0144,11.95,27.52,0.35,293.01,8.4,-0.3
81805,50.97438,-3.162733,96,24.84,9,260.4,16 / 21,8180873,2019-08-16 15:05:34:653,-0.6524,-0.2197,9.8219,-0.0303,0.0307,9.8066,0.0224,0.008,0.0059,12.13,27.42,-0.9,293.01,8.4,-0.3
81806,50.97438,-3.162733,96,24.84,9,260.4,16 / 21,8180972,2019-08-16 15:05:34:752,-0.2702,-0.7457,10.4107,-0.0508,0.0116,9.8065,0.0224,0.008,0.0059,12.35,27.34,0.35,293.73,8.58,-0.05
81807,50.97438,-3.162733,96,24.84,9,260.4,16 / 21,8181072,2019-08-16 15:05:34:852,-0.0563,0.2778,9.044,0.0004,-0.0165,9.8066,-0.0351,0.0304,-0.0037,12.35,27.34,0.35,293.73,8.58,-0.05
81808,50.97438,-3.162733,96,24.84,9,260.4,16 / 21,8181172,2019-08-16 15:05:34:952,-0.039,0.2183,9.5094,0.0152,-0.0285,9.8066,0.0181,0.0357,0.0005,12.14,27.43,-0.23,293.74,8.39,-0.06
81809,50.97438,-3.162733,96,24.84,9,260.4,16 / 21,8181273,2019-08-16 15:05:35:053,-0.2534,0.4405,8.3158,-0.0271,0.0016,9.8066,0.0117,0.008,0.0112,11.24,27.81,0.44,293.74,8.39,-0.06
81810,50.97438,-3.162733,96,24.84,9,260.4,16 / 21,8181372,2019-08-16 15:05:35:152,-0.5769,-0.11,9.1856,-0.0254,0.0067,9.8066,-0.0117,-0.042,0.0005,11.74,27.61,-0.23,292.96,8.46,0.08
81811,50.97438,-3.162733,96,24.84,9,260.4,16 / 21,8181474,2019-08-16 15:05:35:254,-0.4826,-0.0173,9.7228,-0.0431,0.0153,9.8065,-0.017,-0.0303,-0.0155,12.39,27.31,-0.78,293.42,8.64,0.28
81812,50.97438,-3.162733,96,24.84,9,260.4,16 / 21,8181572,2019-08-16 15:05:35:352,-0.3273,0.2691,9.7772,0.0095,0.0092,9.8066,-0.0074,0.057,0.0005,12.39,27.31,-0.78,293.42,8.64,0.28
81813,50.97438,-3.162733,96,24.84,9,260.4,16 / 21,8181672,2019-08-16 15:05:35:452,-0.109,0.5857,10.2848,0.0201,-0.0065,9.8066,0.0128,-0.0484,-0.0091,11.53,27.69,0.43,292.93,8.67,0.21
81814,50.974346,-3.163076,95,24.73,10,260.6,16 / 21,8181772,2019-08-16 15:05:35:552,0.2252,0.3178,9.6179,0.0247,-0.0186,9.8066,0.0128,-0.0484,-0.0091,11.53,27.69,0.34,292.96,8.52,0.12
81815,50.974346,-3.163076,95,24.73,10,260.6,16 / 21,8181873,2019-08-16 15:05:35:653,0.1107,0.003,10.1987,0.0125,-0.0071,9.8066,0.0032,0.0421,0.0037,11.53,27.68,-0.89,292.96,8.52,0.12
81816,50.974346,-3.163076,95,24.73,10,260.6,16 / 21,8181974,2019-08-16 15:05:35:754,0.0782,0.2767,9.6603,0.0152,-0.0051,9.8066,0.0299,0.0432,0.008,11.53,27.68,-0.89,292.96,8.52,0.12
81817,50.974346,-3.163076,95,24.73,10,260.6,16 / 21,8182073,2019-08-16 15:05:35:853,0.1875,0.0469,9.0161,-0.0005,-0.0006,9.8066,-0.016,0.0038,-0.008,11.92,27.51,1.08,293.22,8.45,0.05
81818,50.974346,-3.163076,95,24.73,10,260.6,16 / 21,8182176,2019-08-16 15:05:35:956,-0.0694,0.0239,9.3746,-0.0062,0.0241,9.8066,0.0149,-0.009,-0.0123,11.74,27.61,0.44,292.97,8.44,0.04
81819,50.974346,-3.163076,95,24.73,10,260.6,16 / 21,8182272,2019-08-16 15:05:36:052,-0.0876,0.0076,9.235,0.0051,0.0468,9.8065,-0.0266,0.0325,-0.0059,11.74,27.61,0.44,292.97,8.44,0.04
81820,50.974346,-3.163076,95,24.73,10,260.6,16 / 21,8182373,2019-08-16 15:05:36:153,-0.0188,0.0528,10.0305,0.0031,-0.0026,9.8066,-0.0032,-0.0026,-0.0101,11.95,27.52,-0.24,292.97,8.68,-0.1
81821,50.974346,-3.163076,95,24.73,10,260.6,16 / 21,8182473,2019-08-16 15:05:36:253,0.0818,-0.2909,9.6122,0.0304,-0.0274,9.8066,-0.001,0.0379,-0.0133,12.13,27.42,-0.8,293.46,8.66,-0.11
81822,50.974346,-3.163076,95,24.73,10,260.6,16 / 21,8182573,2019-08-16 15:05:36:353,0.1256,-0.1245,9.9557,0.0451,-0.0492,9.8064,-0.001,0.0379,-0.0133,12.35,27.33,-0.92,293.46,8.66,-0.11
81823,50.974346,-3.163076,95,24.73,10,260.6,16 / 21,8182673,2019-08-16 15:05:36:453,0.0104,0.4215,9.3516,0.0381,-0.0462,9.8065,0.0277,0.0123,-0.0005,12.83,27.1,-0.91,295.24,8.32,-0.21
81824,50.974346,-3.163076,95,24.73,10,260.6,16 / 21,8182772,2019-08-16 15:05:36:552,0.0104,0.4215,9.3516,-0.0166,0.018,9.8066,0.0117,-0.0442,-0.0027,12.83,27.1,-0.91,295.24,8.32,-0.21
81825,50.97432,-3.163412,95,24.68,9,260.8,16 / 21,8182873,2019-08-16 15:05:36:653,0.2689,0.0619,9.7562,-0.0142,0.0179,9.8066,0.0032,-0.0037,-0.0208,12.35,27.33,-0.92,293.49,8.45,-0.18
81826,50.97432,-3.163412,95,24.68,9,260.8,16 / 21,8182973,2019-08-16 15:05:36:753,0.066,0.1069,10.6206,0.0126,0.02,9.8066,0.0043,0.0538,-0.0112,12.16,27.41,-0.84,293.5,8.53,-0.29
81827,50.97432,-3.163412,95,24.68,9,260.8,16 / 21,8183072,2019-08-16 15:05:36:852,0.2089,0.4811,9.6358,0.0103,0.0068,9.8066,-0.0138,-0.0474,-0.0101,12.16,27.41,-0.84,293.5,8.53,-0.29
81828,50.97432,-3.163412,95,24.68,9,260.8,16 / 21,8183173,2019-08-16 15:05:36:953,0.1968,0.1426,10.5823,0.0119,-0.0128,9.8066,0.0022,0.0091,-0.0229,12.83,27.1,-0.91,295.24,8.6,-0.42
81829,50.97432,-3.163412,95,24.68,9,260.8,16 / 21,8183272,2019-08-16 15:05:37:052,-0.0082,0.5888,10.0136,0.0041,-0.0203,9.8066,0.0139,0.0474,-0.0005,11.04,27.89,-0.33,291.29,8.51,-0.45
81830,50.97432,-3.163412,95,24.68,9,260.8,16 / 21,8183372,2019-08-16 15:05:37:152,-0.097,-0.028,9.4301,0.0081,-0.0203,9.8066,-0.0191,-0.0261,-0.0069,11.74,27.61,-0.23,291.29,8.51,-0.45
81831,50.97432,-3.163412,95,24.68,9,260.8,16 / 21,8183472,2019-08-16 15:05:37:252,0.137,0.1003,9.646,0.0148,-0.0095,9.8066,-0.0191,-0.0261,-0.0069,11.74,27.61,-0.23,291.29,8.51,-0.45
81832,50.97432,-3.163412,95,24.68,9,260.8,16 / 21,8183573,2019-08-16 15:05:37:353,0.3219,0.2791,9.0056,-0.012,0.0209,9.8066,-0.033,0.0038,0.0016,11.74,27.61,0.34,293.04,8.42,-0.51
81833,50.97432,-3.163412,95,24.68,9,260.8,16 / 21,8183673,2019-08-16 15:05:37:453,-0.064,0.5919,9.9937,-0.0137,0.0186,9.8066,0.0128,-0.0133,-0.0027,12.14,27.43,0.34,293.79,8.56,-0.49
81834,50.97429,-3.16376,94,24.67,9,261.3,16 / 21,8183773,2019-08-16 15:05:37:553,-0.064,0.5919,9.9937,-0.0225,0.022,9.8066,0.0171,-0.0069,-0.008,12.14,27.43,0.34,293.79,8.56,-0.49
81835,50.97429,-3.16376,94,24.67,9,261.3,15 / 21,8183872,2019-08-16 15:05:37:652,0.1276,-0.6701,10.0521,-0.0071,0.0031,9.8066,-0.0128,0.0101,-0.0133,11.73,27.59,1.01,293.28,8.73,-0.42
81836,50.97429,-3.16376,94,24.67,9,261.3,15 / 21,8183973,2019-08-16 15:05:37:753,-0.1893,-0.0491,9.9003,-0.0004,-0.0175,9.8066,-0.0106,0.0059,-0.0133,11.73,27.59,1.11,293.28,8.64,-0.38
81837,50.97429,-3.16376,94,24.67,9,261.3,15 / 21,8184073,2019-08-16 15:05:37:853,-0.1454,-0.3398,10.3407,0.0017,-0.0118,9.8066,-0.0106,-0.0442,-0.0048,11.93,27.52,0.43,293.02,8.4,-0.39
81838,50.97429,-3.16376,94,24.67,9,261.3,15 / 21,8184173,2019-08-16 15:05:37:953,0.0262,-0.305,9.2338,-0.0013,0.0029,9.8067,-0.0096,-0.0271,-0.0123,11.93,27.52,0.43,293.02,8.4,-0.39
81839,50.97429,-3.16376,94,24.67,9,261.3,15 / 21,8184273,2019-08-16 15:05:38:053,0.2059,-0.5239,9.4626,-0.0024,0.018,9.8066,-0.0096,-0.0271,-0.0123,12.13,27.42,-0.8,293.52,8.42,-0.39
81840,50.97429,-3.16376,94,24.67,9,261.3,15 / 21,8184372,2019-08-16 15:05:38:152,-0.3146,-0.152,9.9518,-0.0109,-0.0048,9.8066,0.0256,-0.0186,-0.0059,12.35,27.34,-0.24,293.78,8.53,-0.42
81841,50.97429,-3.16376,94,24.67,9,261.3,15 / 21,8184473,2019-08-16 15:05:38:253,-0.2357,-0.8822,10.3262,-0.016,-0.0225,9.8066,-0.0064,-0.0154,0.0112,12.35,27.34,-0.24,293.78,8.53,-0.42
81842,50.97429,-3.16376,94,24.67,9,261.3,15 / 21,8184573,2019-08-16 15:05:38:353,0.1456,-0.553,9.4006,-0.0209,-0.0262,9.8066,0.0011,0.0187,0.0069,12.35,27.34,-0.24,293.78,8.53,-0.42
81843,50.97429,-3.16376,94,24.67,9,261.3,15 / 21,8184672,2019-08-16 15:05:38:452,-0.3819,-0.1004,9.6362,-0.0079,0.0047,9.8066,0.0288,0.0016,0.0059,11.74,27.61,0.44,293.0,8.43,-0.25
81844,50.974243,-3.164107,94,24.62,9,261.4,15 / 20,8184773,2019-08-16 15:05:38:553,0.0611,-0.2996,9.1477,-0.0352,0.0025,9.8066,0.016,-0.009,0.0176,12.13,27.42,-0.8,293.47,8.53,-0.06
81845,50.974243,-3.164107,94,24.62,9,261.4,15 / 20,8184872,2019-08-16 15:05:38:652,-0.207,-0.5704,10.2415,-0.0233,-0.0098,9.8066,-0.0096,0.0325,-0.0123,11.72,27.58,-1.48,293.47,8.53,-0.06
81846,50.974243,-3.164107,94,24.62,9,261.4,15 / 20,8184972,2019-08-16 15:05:38:752,-0.0267,-0.0977,9.1952,-0.0409,-0.0057,9.8066,0.0,-0.0144,-0.0133,11.72,27.58,-1.48,293.47,8.53,-0.06
81847,50.974243,-3.164107,94,24.62,9,261.4,15 / 20,8185073,2019-08-16 15:05:38:853,0.1943,-0.4405,9.6946,-0.0367,0.0078,9.8066,0.0,-0.0144,-0.0133,13.05,27.0,-0.83,295.18,8.66,0.12
81848,50.974243,-3.164107,94,24.62,9,261.4,15 / 20,8185173,2019-08-16 15:05:38:953,-0.3157,-0.0474,9.4389,-0.0084,-0.0246,9.8066,0.0224,-0.0058,-0.0091,13.05,27.0,-0.83,295.18,8.64,0.18
81849,50.974243,-3.164107,94,24.62,9,261.4,15 / 20,8185272,2019-08-16 15:05:39:052,-0.3446,-0.212,10.7099,-0.0042,-0.0098,9.8066,-0.0191,-0.0261,0.0048,13.06,27.01,-0.14,295.43,8.54,0.28
81850,50.974243,-3.164107,94,24.62,9,261.4,15 / 20,8185373,2019-08-16 15:05:39:153,0.0718,-0.146,9.7337,0.0056,-0.0039,9.8066,0.016,0.0059,-0.0218,13.06,27.01,-0.14,295.43,8.54,0.28
81851,50.974243,-3.164107,94,24.62,9,261.4,15 / 20,8185474,2019-08-16 15:05:39:254,-0.1071,-0.14,10.6146,0.0075,0.0228,9.8066,-0.017,-0.0751,-0.008,13.3,26.89,-0.14,295.43,8.5,0.26
81852,50.974243,-3.164107,94,24.62,9,261.4,15 / 20,8185572,2019-08-16 15:05:39:352,0.2995,-0.2225,9.1267,0.0198,0.0269,9.8066,0.0213,0.056,0.008,11.72,27.58,-1.48,292.7,8.59,0.09
81853,50.974243,-3.164107,94,24.62,9,261.4,15 / 20,8185673,2019-08-16 15:05:39:453,0.1902,-0.3973,9.8846,-0.0051,0.0045,9.8066,0.0213,-0.0048,0.0101,12.13,27.41,-1.38,292.7,8.59,0.09
81854,50.974216,-3.164459,94,24.69,9,261.7,15 / 21,8185772,2019-08-16 15:05:39:552,0.2606,-0.3282,9.867,-0.0045,0.0151,9.8066,0.0149,-0.0197,0.0154,12.13,27.41,-1.38,292.7,8.59,0.09
81855,50.974216,-3.164459,94,24.69,9,261.7,15 / 21,8185873,2019-08-16 15:05:39:653,-0.1573,-0.0749,9.8216,0.0027,0.0124,9.8066,0.0149,-0.0197,0.0154,12.01,27.49,0.52,293.98,8.65,0.05
81856,50.974216,-3.164459,94,24.69,9,261.7,15 / 21,8185973,2019-08-16 15:05:39:753,0.1885,-0.0065,9.7912,0.0086,-0.0165,9.8066,-0.0032,0.024,0.008,11.53,27.69,-0.14,292.96,8.54,0.04
81857,50.974216,-3.164459,94,24.69,9,261.7,15 / 21,8186073,2019-08-16 15:05:39:853,-0.0875,-0.1202,9.2035,-0.0068,0.0104,9.8066,0.0075,0.024,-0.008,11.74,27.61,0.44,292.96,8.53,0.07
81858,50.974216,-3.164459,94,24.69,9,261.7,15 / 21,8186173,2019-08-16 15:05:39:953,-0.3278,0.3283,9.0189,-0.0114,0.0221,9.8066,0.0117,0.0378,-0.0197,11.74,27.61,0.44,292.96,8.53,0.07
81859,50.974216,-3.164459,94,24.69,9,261.7,15 / 21,8186272,2019-08-16 15:05:40:052,0.2049,0.1165,10.3418,0.0098,0.0039,9.8066,-0.0191,0.0389,-0.0091,11.73,27.61,-0.13,292.95,8.67,0.08
81860,50.974216,-3.164459,94,24.69,9,261.7,15 / 21,8186372,2019-08-16 15:05:40:152,0.2333,0.3637,10.0586,0.0181,0.0049,9.8066,-0.0074,0.0165,-0.0091,11.93,27.53,-0.13,292.95,8.67,0.08
81861,50.974216,-3.164459,94,24.69,9,261.7,15 / 21,8186473,2019-08-16 15:05:40:253,-0.2942,0.239,9.8276,0.0223,0.0155,9.8066,0.016,0.0368,-0.0027,11.93,27.53,-0.13,292.95,8.67,0.08
81862,50.974216,-3.164459,94,24.69,9,261.7,15 / 21,8186572,2019-08-16 15:05:40:352,0.218,0.376,9.652,0.0211,-0.006,9.8066,-0.0074,-0.025,-0.0186,11.95,27.51,0.54,293.23,8.7,-0.07
81863,50.974216,-3.164459,94,24.69,9,261.7,15 / 21,8186673,2019-08-16 15:05:40:453,-0.2123,0.052,9.7559,0.0324,-0.0385,9.8065,-0.0074,-0.025,-0.0186,12.35,27.34,-0.14,293.75,8.42,-0.16
81864,50.97418,-3.164814,94,24.71,9,261.6,15 / 21,8186773,2019-08-16 15:05:40:553,-0.2182,0.3719,10.4346,0.0174,0.0004,9.8066,0.0064,-0.0048,-0.0197,11.45,27.73,0.55,291.53,8.38,-0.25
81865,50.97418,-3.164814,94,24.71,9,261.6,15 / 21,8186873,2019-08-16 15:05:40:653,0.1351,0.6092,9.6905,0.0034,0.0472,9.8065,-0.0117,-0.0048,-0.0123,11.45,27.73,0.55,291.53,8.38,-0.25
81866,50.97418,-3.164814,94,24.71,9,261.6,15 / 21,8186972,2019-08-16 15:05:40:752,0.0255,0.5793,9.6641,0.0046,0.0285,9.8066,-0.0149,-0.0165,-0.0037,12.21,27.39,-0.8,293.5,8.63,-0.38
81867,50.97418,-3.164814,94,24.71,9,261.6,15 / 21,8187072,2019-08-16 15:05:40:852,0.3696,0.0342,9.7992,0.0128,0.0394,9.8066,-0.0085,0.0826,-0.0016,12.16,27.42,-0.14,293.78,8.81,-0.54
81868,50.97418,-3.164814,94,24.71,9,261.6,15 / 21,8187172,2019-08-16 15:05:40:952,0.1727,0.1512,9.8363,0.0124,0.0044,9.8066,-0.0021,0.0325,0.0005,12.16,27.42,-0.14,293.78,8.81,-0.54
81869,50.97418,-3.164814,94,24.71,9,261.6,15 / 21,8187273,2019-08-16 15:05:41:053,0.0408,-0.1749,9.7156,0.0108,-0.0101,9.8066,-0.0128,0.0123,0.0016,11.95,27.52,-0.14,293.03,8.81,-0.62
81870,50.97418,-3.164814,94,24.71,9,261.6,15 / 21,8187372,2019-08-16 15:05:41:152,0.3895,-0.0461,9.5348,0.0188,-0.0105,9.8066,0.0139,-0.0069,-0.0314,12.42,27.27,-1.4,293.52,8.73,-0.65
81871,50.97418,-3.164814,94,24.71,9,261.6,15 / 21,8187473,2019-08-16 15:05:41:253,0.3741,0.4823,9.4488,0.0364,-0.0028,9.8066,0.0139,-0.0069,-0.0314,12.13,27.42,-0.8,293.55,8.63,-0.84
81872,50.97418,-3.164814,94,24.71,9,261.6,15 / 21,8187572,2019-08-16 15:05:41:352,0.3319,0.2151,9.566,0.0062,0.0273,9.8066,-0.0159,0.0187,-0.0027,13.72,26.66,-0.83,293.55,8.63,-0.84
81873,50.97418,-3.164814,94,24.71,9,261.6,15 / 21,8187672,2019-08-16 15:05:41:452,0.6662,-0.0882,9.6359,0.0126,0.0481,9.8065,0.0117,-0.0666,-0.008,13.72,26.66,-0.83,293.55,8.63,-0.84
81874,50.97414,-3.165166,93,24.64,9,261.8,15 / 21,8187773,2019-08-16 15:05:41:553,-0.1027,0.3698,10.3949,-0.0245,0.0053,9.8066,0.0267,-0.0175,0.0005,14.89,26.04,0.55,300.08,8.86,-1.02
81875,50.97414,-3.165166,93,24.64,9,261.8,15 / 21,8187872,2019-08-16 15:05:41:652,-0.1651,0.198,10.9156,-0.0619,-0.0002,9.8065,0.0288,0.0432,-0.0059,16.63,24.96,0.51,304.22,9.04,-0.71
81876,50.97414,-3.165166,93,24.64,9,261.8,15 / 21,8187973,2019-08-16 15:05:41:753,0.0138,-0.426,11.8953,-0.0201,-0.0337,9.8066,-0.0117,0.008,0.0336,16.94,24.58,-2.94,304.22,9.04,-0.71
81877,50.97414,-3.165166,93,24.64,9,261.8,15 / 21,8188073,2019-08-16 15:05:41:853,-0.0852,-0.0826,9.8725,-0.0128,-0.0764,9.8063,-0.0117,-0.0005,-0.0165,16.94,24.58,-2.94,304.22,9.04,-0.71
81878,50.97414,-3.165166,93,24.64,9,261.8,15 / 21,8188173,2019-08-16 15:05:41:953,0.0313,0.1386,9.9712,-0.0038,-0.0052,9.8066,0.0384,0.0346,-0.0048,11.7,26.84,-6.54,291.88,8.47,-0.38
81879,50.97414,-3.165166,93,24.64,9,261.8,15 / 21,8188273,2019-08-16 15:05:42:053,-0.0551,0.412,7.8472,-0.0267,0.033,9.8066,0.0384,0.0346,-0.0048,9.15,28.45,-2.65,286.85,8.45,-0.34
81880,50.97414,-3.165166,93,24.64,9,261.8,15 / 21,8188373,2019-08-16 15:05:42:153,-0.4451,-0.2552,10.0679,-0.0499,0.0626,9.8063,-0.0191,-0.0825,0.008,9.15,28.45,-2.65,286.85,8.45,-0.34
81881,50.97414,-3.165166,93,24.64,9,261.8,15 / 21,8188472,2019-08-16 15:05:42:252,-0.0035,-0.6634,10.0094,0.0192,0.0026,9.8066,-0.0351,0.0251,-0.0144,11.14,27.85,-0.68,290.96,8.89,-0.17
81882,50.97414,-3.165166,93,24.64,9,261.8,15 / 21,8188572,2019-08-16 15:05:42:352,0.4994,-0.2094,9.2746,0.0616,0.0008,9.8065,-0.0532,0.0815,-0.0016,12.39,27.29,-1.34,290.96,8.89,-0.17
81883,50.97414,-3.165166,93,24.64,9,261.8,15 / 21,8188675,2019-08-16 15:05:42:455,0.4209,0.0782,9.7148,0.0709,0.0044,9.8064,0.0224,-0.0058,0.0133,13.3,26.89,-0.13,295.52,8.76,-0.57
81884,50.97411,-3.165505,93,24.58,9,262.3,15 / 21,8188773,2019-08-16 15:05:42:553,-0.1388,-0.6103,8.9951,-0.0082,-0.0161,9.8066,0.0288,0.0176,0.0048,12.86,27.11,-0.13,295.52,8.76,-0.57
81885,50.97411,-3.165505,93,24.58,9,262.3,15 / 21,8188873,2019-08-16 15:05:42:653,-0.1023,-0.8326,9.3586,-0.0213,-0.0292,9.8066,-0.0106,0.0144,-0.0346,12.86,27.11,-0.13,295.52,8.76,-0.57
81886,50.97411,-3.165505,93,24.58,9,262.3,15 / 21,8188972,2019-08-16 15:05:42:752,-0.0069,-0.2902,9.0016,0.0064,0.0057,9.8066,-0.0106,0.0144,-0.0346,12.4,27.32,-0.13,293.77,8.66,-0.38
81887,50.97411,-3.165505,93,24.58,9,262.3,15 / 21,8189072,2019-08-16 15:05:42:852,-0.0474,-0.4484,9.1649,0.0068,0.0301,9.8066,-0.0064,-0.0239,0.025,11.8,27.57,-0.68,292.75,8.68,-0.43
81888,50.97411,-3.165505,93,24.58,9,262.3,15 / 21,8189174,2019-08-16 15:05:42:954,-0.1803,-0.2541,10.118,-0.0285,0.0517,9.8065,0.0299,-0.009,0.0165,12.19,27.41,-0.13,293.75,9.02,-0.39
81889,50.97411,-3.165505,93,24.58,9,262.3,15 / 21,8189273,2019-08-16 15:05:43:053,-0.0818,-0.2449,10.1169,-0.0268,-0.0132,9.8066,0.0384,0.0144,-0.0027,12.19,27.41,-0.13,293.75,9.02,-0.39
81890,50.97411,-3.165505,93,24.58,9,262.3,15 / 21,8189373,2019-08-16 15:05:43:153,0.0088,-0.4544,10.0663,-0.0353,-0.0271,9.8066,-0.05,0.024,-0.0101,11.8,27.58,0.51,293.23,8.96,-0.14
81891,50.97411,-3.165505,93,24.58,9,262.3,15 / 21,8189474,2019-08-16 15:05:43:254,0.1775,-0.1216,9.422,0.0236,-0.0175,9.8066,-0.0245,0.0815,-0.0069,12.19,27.4,-0.77,293.46,8.85,-0.21
81892,50.97411,-3.165505,93,24.58,9,262.3,15 / 21,8189572,2019-08-16 15:05:43:352,0.1732,0.0474,9.987,0.0285,-0.0199,9.8066,-0.0053,0.0165,-0.0112,11.8,27.58,0.51,293.26,8.71,-0.29
81893,50.97411,-3.165505,93,24.58,9,262.3,15 / 21,8189675,2019-08-16 15:05:43:455,0.355,-0.4359,9.0881,0.0363,-0.0199,9.8066,0.0096,-0.0793,-0.0165,12.18,27.39,1.06,293.26,8.71,-0.29
81894,50.97408,-3.165851,93,24.58,9,262.4,15 / 21,8189773,2019-08-16 15:05:43:553,0.0981,-0.2362,9.8696,0.0236,-0.0036,9.8066,0.0096,-0.0793,-0.0165,12.18,27.39,1.06,293.26,8.71,-0.29
81895,50.97408,-3.165851,93,24.58,9,262.4,15 / 21,8189872,2019-08-16 15:05:43:652,-0.072,0.1345,9.827,-0.0116,0.0257,9.8066,0.0117,-0.0346,0.0059,11.98,27.48,1.13,294.05,8.63,-0.41
81896,50.97408,-3.165851,93,24.58,9,262.4,15 / 21,8189973,2019-08-16 15:05:43:753,0.0627,-0.1903,9.4168,-0.0172,0.0168,9.8066,-0.001,0.0038,0.0069,12.18,27.39,1.06,294.04,8.8,-0.41
81897,50.97408,-3.165851,93,24.58,9,262.4,15 / 21,8190073,2019-08-16 15:05:43:853,-0.1639,0.0693,10.2655,-0.0373,0.0129,9.8066,0.0192,0.0389,0.0091,11.98,27.48,1.13,294.01,8.95,-0.24
81898,50.97408,-3.165851,93,24.58,9,262.4,15 / 21,8190173,2019-08-16 15:05:43:953,-0.3304,-0.2967,10.9355,-0.0285,-0.0121,9.8066,-0.0053,0.0219,0.0048,11.98,27.48,1.13,294.01,8.95,-0.24
81899,50.97408,-3.165851,93,24.58,9,262.4,15 / 21,8190272,2019-08-16 15:05:44:052,-0.2,-0.3753,10.4566,-0.0477,-0.0363,9.8065,0.0075,0.0464,-0.0016,12.43,27.27,-1.38,293.42,8.87,0.1
81900,50.97408,-3.165851,93,24.58,9,262.4,15 / 21,8190373,2019-08-16 15:05:44:153,-0.0063,-0.6828,9.7494,-0.0022,-0.0317,9.8066,0.0,0.0453,-0.0048,12.66,27.17,-1.26,293.42,8.87,0.1
81901,50.97408,-3.165851,93,24.58,9,262.4,15 / 21,8190473,2019-08-16 15:05:44:253,-0.1707,-0.0776,9.6681,-0.0125,-0.0468,9.8065,-0.0245,-0.0207,0.0059,12.66,27.17,-1.26,293.42,8.87,0.1
81902,50.97408,-3.165851,93,24.58,9,262.4,15 / 21,8190574,2019-08-16 15:05:44:354,-0.557,0.0908,10.1975,-0.0151,0.007,9.8066,-0.0245,-0.0207,0.0059,12.19,27.4,-0.77,293.42,8.65,0.28
81903,50.97408,-3.165851,93,24.58,9,262.4,15 / 21,8190673,2019-08-16 15:05:44:453,-0.2869,0.4061,9.0568,-0.0352,0.0117,9.8066,0.0086,0.0506,0.0122,12.6,27.19,-1.46,293.42,8.65,0.28
81904,50.974052,-3.16619,92,24.41,9,262.9,15 / 21,8190772,2019-08-16 15:05:44:552,-0.1557,-0.0471,9.3447,0.0289,-0.0094,9.8066,-0.0351,0.008,-0.0037,12.84,27.08,-1.42,295.13,8.8,0.44
81905,50.974052,-3.16619,92,24.41,9,262.9,15 / 21,8190873,2019-08-16 15:05:44:653,0.2207,0.0428,10.2174,0.0768,-0.0171,9.8063,-0.0362,0.0261,-0.0123,12.84,27.08,-1.42,295.13,8.8,0.44
81906,50.974052,-3.16619,92,24.41,9,262.9,15 / 21,8190974,2019-08-16 15:05:44:754,0.1775,0.4936,9.158,0.0232,0.0118,9.8066,0.0128,-0.0271,-0.024,12.37,27.25,-2.08,293.19,8.51,0.08
81907,50.974052,-3.16619,92,24.41,9,262.9,15 / 21,8191073,2019-08-16 15:05:44:853,0.4502,0.5966,8.755,0.0189,0.0209,9.8066,-0.0191,0.0133,0.008,12.18,27.38,-1.5,293.21,8.52,-0.08
81908,50.974052,-3.16619,92,24.41,9,262.9,15 / 21,8191173,2019-08-16 15:05:44:953,-0.0609,-0.0423,10.2487,0.027,0.0388,9.8065,0.0213,0.0048,0.0037,12.39,27.31,-0.88,293.49,8.67,-0.32
81909,50.974052,-3.16619,92,24.41,9,262.9,15 / 21,8191273,2019-08-16 15:05:45:053,0.1156,0.1305,8.9325,-0.0085,-0.0104,9.8066,0.0288,-0.0346,0.0069,12.4,27.32,0.33,293.49,8.67,-0.32
81910,50.974052,-3.16619,92,24.41,9,262.9,15 / 21,8191373,2019-08-16 15:05:45:153,0.2096,-0.4148,10.0825,-0.0227,-0.0284,9.8066,0.0288,-0.0346,0.0069,12.4,27.32,0.33,293.49,8.67,-0.32
81911,50.974052,-3.16619,92,24.41,9,262.9,15 / 21,8191473,2019-08-16 15:05:45:253,-0.5093,-0.3116,9.8572,-0.0392,-0.0394,9.8065,0.0213,-0.0005,0.0091,11.53,27.69,-0.32,292.97,8.55,-0.01
81912,50.974052,-3.16619,92,24.41,9,262.9,15 / 21,8191572,2019-08-16 15:05:45:352,-0.2875,-0.226,10.0825,-0.0121,-0.0344,9.8066,0.0064,-0.0271,0.0101,12.19,27.41,-0.31,293.72,8.46,0.1
81913,50.974052,-3.16619,92,24.41,9,262.9,15 / 21,8191673,2019-08-16 15:05:45:453,-0.4351,-0.1108,10.7511,-0.0258,-0.0462,9.8065,0.0213,0.0762,-0.0101,12.19,27.41,-0.31,293.72,8.46,0.1
81914,50.974033,-3.166521,92,24.26,9,263.2,15 / 21,8191773,2019-08-16 15:05:45:553,0.2244,-0.0292,10.0556,-0.0081,0.0042,9.8066,-0.0085,-0.0761,0.0048,11.73,27.61,0.33,292.94,8.27,0.34
81915,50.974033,-3.166521,92,24.26,9,263.2,15 / 21,8191873,2019-08-16 15:05:45:653,0.0227,-0.1655,9.1854,-0.0159,0.0153,9.8066,-0.0042,-0.0452,-0.0208,11.76,27.6,-0.41,292.93,8.39,0.4
81916,50.974033,-3.166521,92,24.26,9,263.2,15 / 21,8191973,2019-08-16 15:05:45:753,-0.4182,0.0706,10.3636,0.001,0.0094,9.8066,0.0054,-0.0112,-0.0272,11.76,27.6,-0.41,292.93,8.39,0.4
81917,50.974033,-3.166521,92,24.26,9,263.2,15 / 21,8192074,2019-08-16 15:05:45:854,0.2547,0.0568,9.4836,0.0169,0.0143,9.8066,0.0096,-0.0314,-0.0037,12.19,27.41,-0.31,293.69,8.44,0.37
81918,50.974033,-3.166521,92,24.26,9,263.2,15 / 21,8192173,2019-08-16 15:05:45:953,-0.0779,0.1176,9.5801,0.0201,0.0304,9.8066,0.0096,-0.0314,-0.0037,12.4,27.32,-0.32,293.7,8.56,0.19
81919,50.974033,-3.166521,92,24.26,9,263.2,15 / 21,8192272,2019-08-16 15:05:46:052,-0.3012,0.2655,10.1106,-0.0011,0.0048,9.8066,0.0086,0.0123,0.0101,12.4,27.32,-0.32,293.7,8.56,0.19
81920,50.974033,-3.166521,92,24.26,9,263.2,15 / 21,8192373,2019-08-16 15:05:46:153,-0.1681,0.5536,9.9775,0.0122,-0.0293,9.8066,-0.0021,0.0336,0.008,12.64,27.19,-0.95,295.18,8.58,0.18
81921,50.974033,-3.166521,92,24.26,9,263.2,15 / 21,8192473,2019-08-16 15:05:46:253,0.0805,-0.2662,11.3578,0.0113,-0.0621,9.8064,-0.0106,0.0474,-0.0016,12.19,27.41,-0.31,295.18,8.58,0.18
81922,50.974033,-3.166521,92,24.26,9,263.2,15 / 21,8192573,2019-08-16 15:05:46:353,0.1285,0.1291,9.9416,-0.0031,-0.0083,9.8066,-0.0149,-0.0154,0.0048,12.85,27.09,-0.96,295.21,8.13,0.32
81923,50.974033,-3.166521,92,24.26,9,263.2,15 / 21,8192673,2019-08-16 15:05:46:453,-0.4463,0.2029,10.2165,-0.0201,-0.0099,9.8066,0.0213,-0.0506,-0.0059,12.85,27.09,-0.96,295.21,8.13,0.32
81924,50.97401,-3.166848,91,24.38,9,263.5,15 / 21,8192772,2019-08-16 15:05:46:552,-0.0598,0.2891,8.1985,-0.0257,-0.0296,9.8066,0.0011,-0.0548,0.0165,12.85,27.09,-0.96,295.21,8.13,0.32
81925,50.97401,-3.166848,91,24.38,9,263.5,15 / 21,8192873,2019-08-16 15:05:46:653,-0.1734,0.6371,10.2683,-0.0196,0.0097,9.8066,0.0011,-0.0548,0.0165,12.19,27.41,-0.31,293.69,8.04,0.53
81926,50.97401,-3.166848,91,24.38,9,263.5,15 / 21,8192972,2019-08-16 15:05:46:752,-0.1841,0.1944,9.367,-0.0318,0.0204,9.8066,-0.0021,0.0272,-0.0016,13.29,26.88,-1.0,295.17,8.22,0.65
81927,50.97401,-3.166848,91,24.38,9,263.5,15 / 21,8193072,2019-08-16 15:05:46:852,0.0542,0.0701,9.5999,-0.0019,-0.0066,9.8066,0.0054,0.0506,-0.0016,13.29,26.88,-1.0,295.17,8.22,0.65
81928,50.97401,-3.166848,91,24.38,9,263.5,15 / 21,8193173,2019-08-16 15:05:46:953,0.0328,0.191,9.784,0.0143,-0.0347,9.8066,0.0022,0.0538,0.0048,11.93,27.52,-0.32,292.91,8.19,0.68
81929,50.97401,-3.166848,91,24.38,9,263.5,15 / 21,8193272,2019-08-16 15:05:47:052,0.0856,-0.1406,10.207,0.0332,-0.0617,9.8064,-0.0117,-0.0239,0.0005,11.53,27.69,-0.32,292.94,7.79,0.64
81930,50.97401,-3.166848,91,24.38,9,263.5,15 / 21,8193374,2019-08-16 15:05:47:154,0.017,-0.0905,10.1429,0.0211,-0.003,9.8066,-0.0191,0.0038,-0.0069,11.32,27.74,1.53,292.94,7.79,0.64
81931,50.97401,-3.166848,91,24.38,9,263.5,15 / 21,8193472,2019-08-16 15:05:47:252,0.1694,0.5043,8.8746,0.0303,0.0227,9.8066,-0.0106,0.0293,-0.0037,11.32,27.74,1.53,292.94,7.79,0.64
81932,50.97401,-3.166848,91,24.38,9,263.5,15 / 21,8193573,2019-08-16 15:05:47:353,-0.3293,0.4426,10.0197,-0.0159,0.0102,9.8066,0.0203,-0.0591,-0.0037,10.85,27.97,0.33,291.22,7.84,0.42
81933,50.97401,-3.166848,91,24.38,9,263.5,15 / 21,8193673,2019-08-16 15:05:47:453,-0.1668,-0.175,10.5686,-0.0264,0.0136,9.8066,0.0,0.007,0.0208,10.34,28.15,0.85,289.67,7.93,0.49
81934,50.97401,-3.166848,91,24.38,9,263.5,15 / 21,8193772,2019-08-16 15:05:47:552,-0.1526,-0.0001,10.3133,-0.0492,0.0126,9.8065,0.0,0.007,0.0208,10.98,27.84,2.03,289.67,7.93,0.49
81935,50.973988,-3.167187,91,24.44,9,263.4,15 / 21,8193873,2019-08-16 15:05:47:653,0.0955,-0.2794,9.7224,-0.0414,-0.0134,9.8066,0.0054,0.056,-0.0016,10.98,27.84,2.03,289.67,7.93,0.49
81936,50.973988,-3.167187,91,24.44,9,263.4,15 / 21,8193973,2019-08-16 15:05:47:753,0.2724,-0.1299,9.0332,0.0189,-0.0147,9.8066,-0.0245,-0.0218,-0.0154,11.0,27.9,0.83,291.41,7.94,0.74
81937,50.973988,-3.167187,91,24.44,9,263.4,15 / 21,8194073,2019-08-16 15:05:47:853,0.2566,0.1734,10.5519,0.0367,-0.0043,9.8066,-0.0053,0.0283,-0.008,11.82,27.56,0.94,293.17,7.83,0.55
81938,50.973988,-3.167187,91,24.44,9,263.4,15 / 21,8194172,2019-08-16 15:05:47:952,0.2678,0.6184,9.2699,0.0003,0.0065,9.8066,0.0213,-0.0016,-0.0027,11.82,27.56,0.94,293.17,7.83,0.55
81939,50.973988,-3.167187,91,24.44,9,263.4,15 / 21,8194273,2019-08-16 15:05:48:053,0.4462,0.1346,9.6371,0.0045,0.0007,9.8066,-0.0191,-0.008,-0.0133,12.26,27.34,-1.45,293.47,7.83,0.53
81940,50.973988,-3.167187,91,24.44,9,263.4,15 / 21,8194373,2019-08-16 15:05:48:153,0.14,0.1183,9.4454,0.0192,0.0015,9.8066,-0.0191,0.0261,0.0059,13.52,26.78,-0.31,297.15,7.79,0.42
81941,50.973988,-3.167187,91,24.44,9,263.4,15 / 21,8194472,2019-08-16 15:05:48:252,0.3486,-0.3468,9.6683,0.0121,0.0038,9.8066,-0.0191,0.0261,0.0059,13.52,26.78,-0.31,297.15,7.79,0.42
81942,50.973988,-3.167187,91,24.44,9,263.4,15 / 21,8194573,2019-08-16 15:05:48:353,0.1961,0.3702,9.9693,0.0094,-0.0103,9.8066,0.0128,-0.0346,-0.0016,12.86,27.1,-0.32,295.46,7.77,0.36
81943,50.973988,-3.167187,91,24.44,9,263.4,15 / 21,8194672,2019-08-16 15:05:48:452,0.2822,-0.0352,10.3412,-0.0028,-0.0097,9.8066,0.0149,-0.0154,-0.0091,12.61,27.21,-0.76,295.46,7.77,0.36
81944,50.973957,-3.167535,90,24.48,9,263.5,15 / 21,8194773,2019-08-16 15:05:48:553,0.1444,0.1514,9.3975,-0.0004,0.0048,9.8067,-0.001,-0.0133,0.0027,13.69,26.68,-0.76,296.93,7.73,0.4
81945,50.973957,-3.167535,90,24.48,9,263.5,15 / 21,8194872,2019-08-16 15:05:48:652,0.1439,0.3997,8.3392,-0.006,0.0044,9.8066,0.0128,-0.041,-0.0016,13.69,26.68,-0.76,296.93,7.73,0.4
81946,50.973957,-3.167535,90,24.48,9,263.5,15 / 21,8194973,2019-08-16 15:05:48:753,-0.0971,0.313,9.8438,-0.0023,-0.0015,9.8067,-0.0266,0.041,-0.0037,12.84,27.1,-0.74,295.23,7.77,0.42
81947,50.973957,-3.167535,90,24.48,9,263.5,15 / 21,8195073,2019-08-16 15:05:48:853,0.0251,-0.0188,10.2411,-0.0098,-0.0029,9.8066,-0.017,0.0133,-0.0112,11.51,27.7,-0.22,292.95,7.78,0.48
81948,50.973957,-3.167535,90,24.48,9,263.5,15 / 21,8195173,2019-08-16 15:05:48:953,0.4441,-0.3365,10.4042,0.0054,-0.0081,9.8066,0.0,0.04,-0.0144,11.51,27.7,-0.22,292.95,7.78,0.48
81949,50.973957,-3.167535,90,24.48,9,263.5,15 / 21,8195273,2019-08-16 15:05:49:053,0.0046,0.0832,9.7523,0.0243,-0.022,9.8066,0.0043,-0.0207,-0.0123,12.24,27.39,-0.21,293.72,7.72,0.47
81950,50.973957,-3.167535,90,24.48,9,263.5,15 / 21,8195373,2019-08-16 15:05:49:153,-0.4434,0.0926,9.776,0.0437,-0.0266,9.8065,0.0043,-0.0207,-0.0123,11.8,27.58,-0.22,292.99,7.47,0.29
81951,50.973957,-3.167535,90,24.48,9,263.5,15 / 21,8195472,2019-08-16 15:05:49:252,0.0829,0.2601,9.2887,-0.0169,0.0294,9.8066,-0.0032,-0.0666,-0.008,12.41,27.31,-0.13,293.74,7.67,0.32
81952,50.973957,-3.167535,90,24.48,9,263.5,15 / 21,8195573,2019-08-16 15:05:49:353,-0.2263,0.0619,9.9052,0.043,0.0362,9.8065,-0.0053,-0.0197,-0.0112,12.41,27.31,-0.13,293.74,7.67,0.32
81953,50.973957,-3.167535,90,24.48,9,263.5,15 / 21,8195673,2019-08-16 15:05:49:453,0.1506,0.1383,9.9837,0.0033,0.0056,9.8066,0.0117,0.0315,0.0037,12.82,27.12,0.41,295.5,7.76,0.0
81954,50.973927,-3.167864,90,24.59,10,263.5,15 / 21,8195772,2019-08-16 15:05:49:552,-0.2291,-0.1317,8.8885,-0.0203,0.0228,9.8066,-0.001,-0.0346,0.0101,11.9,27.53,0.42,295.5,7.76,0.0
81955,50.973927,-3.167864,90,24.59,10,263.5,15 / 21,8195873,2019-08-16 15:05:49:653,-0.0245,0.0836,9.7758,-0.0317,0.0217,9.8066,0.0022,0.0187,-0.0101,11.96,27.51,-0.13,292.99,7.96,0.11
81956,50.973927,-3.167864,90,24.59,10,263.5,15 / 21,8195973,2019-08-16 15:05:49:753,-0.6861,0.1107,9.4059,0.0109,-0.0214,9.8066,-0.0437,-0.009,-0.0059,11.96,27.51,-0.13,292.99,7.96,0.11
81957,50.973927,-3.167864,90,24.59,10,263.5,15 / 21,8196073,2019-08-16 15:05:49:853,-0.1118,0.1892,9.8475,0.0223,-0.0045,9.8066,-0.0096,-0.0665,-0.0144,11.77,27.59,-0.13,292.99,7.82,0.1
81958,50.973927,-3.167864,90,24.59,10,263.5,15 / 21,8196173,2019-08-16 15:05:49:953,-0.7237,-0.4677,10.0575,-0.0006,0.0228,9.8066,-0.0096,-0.0665,-0.0144,13.04,26.99,-1.29,295.27,7.74,-0.01
81959,50.973927,-3.167864,90,24.59,10,263.5,15 / 21,8196273,2019-08-16 15:05:50:053,0.553,-0.6561,9.7016,0.0241,0.0182,9.8066,-0.0042,-0.0602,-0.0069,12.15,27.39,-1.4,293.54,7.78,-0.18
81960,50.973927,-3.167864,90,24.59,10,263.5,15 / 21,8196373,2019-08-16 15:05:50:153,0.2436,-0.62,11.0383,0.0032,0.0013,9.8067,0.0171,0.056,0.0069,12.15,27.39,-1.4,293.54,7.78,-0.18
81961,50.973927,-3.167864,90,24.59,10,263.5,15 / 21,8196473,2019-08-16 15:05:50:253,-0.4387,-0.1386,9.0874,-0.0089,-0.0079,9.8066,0.0405,-0.041,0.0112,12.82,27.12,-0.13,295.52,7.76,-0.12
81962,50.973927,-3.167864,90,24.59,10,263.5,15 / 21,8196573,2019-08-16 15:05:50:353,0.0156,-0.1712,8.9751,-0.011,0.0393,9.8066,-0.0064,0.0197,-0.0314,12.82,27.12,-0.13,295.52,7.76,-0.12
81963,50.973927,-3.167864,90,24.59,10,263.5,15 / 21,8196673,2019-08-16 15:05:50:453,0.2418,-0.6777,9.077,0.0044,0.0126,9.8066,0.0022,0.0027,0.0059,13.03,27.01,-0.78,295.27,7.99,-0.16
81964,50.97391,-3.168197,89,24.51,10,264.0,15 / 21,8196773,2019-08-16 15:05:50:553,-0.2538,0.077,9.603,0.0146,-0.0184,9.8066,0.0011,0.0794,-0.0186,12.61,27.21,-0.67,295.27,8.05,-0.21
81965,50.97391,-3.168197,89,24.51,10,264.0,15 / 21,8196872,2019-08-16 15:05:50:652,0.0271,-0.4853,9.4315,0.0175,-0.0341,9.8066,0.0011,0.0794,-0.0186,12.61,27.21,-0.67,295.27,8.05,-0.21
81966,50.97391,-3.168197,89,24.51,10,264.0,15 / 21,8196972,2019-08-16 15:05:50:752,-0.3876,-0.3045,10.0133,0.0138,0.003,9.8066,0.0352,-0.0474,-0.025,11.77,27.59,-0.65,292.79,7.82,-0.22
81967,50.97391,-3.168197,89,24.51,10,264.0,15 / 21,8197073,2019-08-16 15:05:50:853,-0.1895,-0.5008,9.0348,-0.0161,0.0313,9.8066,0.016,-0.0218,-0.0101,12.61,27.21,-0.67,295.3,7.81,-0.3
81968,50.97391,-3.168197,89,24.51,10,264.0,15 / 21,8197173,2019-08-16 15:05:50:953,-0.7752,-0.2976,11.1014,-0.0192,0.0246,9.8066,0.0085,0.0027,-0.008,11.96,27.51,0.58,293.27,7.99,-0.26
81969,50.97391,-3.168197,89,24.51,10,264.0,15 / 21,8197273,2019-08-16 15:05:51:053,0.2968,-1.1005,8.1656,-0.0216,0.0014,9.8066,0.0054,0.105,-0.0346,11.96,27.51,0.58,293.27,7.99,-0.26
81970,50.97391,-3.168197,89,24.51,10,264.0,15 / 21,8197373,2019-08-16 15:05:51:153,-0.3862,-0.4754,9.9876,0.0295,-0.01,9.8066,-0.0437,0.0048,-0.0037,11.96,27.51,-0.13,293.01,8.04,-0.15
81971,50.97391,-3.168197,89,24.51,10,264.0,15 / 21,8197473,2019-08-16 15:05:51:253,0.0168,-0.1823,9.6867,0.0192,0.0074,9.8066,-0.001,-0.0016,-0.0154,12.41,27.31,0.49,293.01,8.04,-0.15
81972,50.97391,-3.168197,89,24.51,10,264.0,15 / 21,8197572,2019-08-16 15:05:51:352,-0.4257,0.1534,9.9632,0.0054,-0.0021,9.8066,-0.001,-0.0016,-0.0154,11.96,27.51,-0.13,293.03,8.04,-0.32
81973,50.97391,-3.168197,89,24.51,10,264.0,15 / 21,8197673,2019-08-16 15:05:51:453,-0.1154,-0.1464,9.9016,0.0315,-0.0124,9.8066,-0.0181,0.0783,-0.0037,11.96,27.51,-0.13,293.03,8.04,-0.32
81974,50.97389,-3.168528,88,24.38,10,264.1,15 / 21,8197773,2019-08-16 15:05:51:553,0.5537,-0.2588,9.1949,0.0257,-0.0051,9.8066,-0.0287,0.04,-0.0005,11.35,27.77,-0.22,291.32,7.9,-0.47
81975,50.97389,-3.168528,88,24.38,10,264.1,15 / 21,8197873,2019-08-16 15:05:51:653,0.1172,-0.1227,9.1373,0.0348,0.0046,9.8066,-0.0074,0.008,-0.0037,12.15,27.4,-1.31,291.32,7.9,-0.47
81976,50.97389,-3.168528,88,24.38,10,264.1,15 / 21,8197973,2019-08-16 15:05:51:753,0.1067,-0.306,9.4183,-0.0085,0.0121,9.8066,0.0256,-0.041,-0.0112,12.15,27.4,-1.31,293.59,7.85,-0.67
81977,50.97389,-3.168528,88,24.38,10,264.1,15 / 21,8198072,2019-08-16 15:05:51:852,0.2638,-0.2226,9.388,-0.0177,0.0174,9.8066,-0.0192,0.024,-0.0037,13.23,26.85,-1.94,295.06,7.98,-0.61
81978,50.97389,-3.168528,88,24.38,10,264.1,15 / 21,8198172,2019-08-16 15:05:51:952,-0.0703,0.2258,9.3883,0.0062,0.0113,9.8066,-0.0277,-0.0101,-0.0123,13.23,26.85,-1.94,295.06,7.98,-0.61
81979,50.97389,-3.168528,88,24.38,10,264.1,15 / 21,8198273,2019-08-16 15:05:52:053,0.2433,-0.1402,9.6362,0.0197,0.0217,9.8066,0.0075,-0.0058,-0.0048,13.9,26.55,-1.32,297.01,8.03,-0.67
81980,50.97389,-3.168528,88,24.38,10,264.1,15 / 21,8198372,2019-08-16 15:05:52:152,0.4521,0.2546,9.3691,0.0338,0.0279,9.8066,0.0075,-0.0058,-0.0048,13.48,26.8,-0.13,295.6,8.08,-0.93
81981,50.97389,-3.168528,88,24.38,10,264.1,15 / 21,8198473,2019-08-16 15:05:52:253,0.2927,-0.1877,9.9779,-0.0043,-0.0198,9.8066,0.0096,0.0837,0.0069,13.48,26.8,-0.13,295.6,8.08,-0.93
81982,50.97389,-3.168528,88,24.38,10,264.1,15 / 21,8198573,2019-08-16 15:05:52:353,0.0697,-0.2749,10.2885,-0.0231,-0.0374,9.8066,-0.0053,-0.091,0.0101,13.26,26.9,-0.77,295.6,8.08,-0.93
81983,50.97389,-3.168528,88,24.38,10,264.1,15 / 21,8198673,2019-08-16 15:05:52:453,-0.512,0.2253,10.915,-0.0089,0.0083,9.8066,0.0309,-0.0261,-0.0186,12.81,27.1,-1.32,295.33,7.95,-0.71
81984,50.973858,-3.168867,87,24.4,10,264.2,15 / 21,8198772,2019-08-16 15:05:52:552,0.0642,-0.0578,8.9226,0.0055,-0.0206,9.8066,0.0,-0.008,0.0144,12.61,27.21,-0.67,295.32,8.01,-0.68
81985,50.973858,-3.168867,87,24.4,10,264.2,15 / 21,8198872,2019-08-16 15:05:52:652,0.0975,-0.1208,9.2404,-0.0002,0.0009,9.8066,-0.017,-0.0026,-0.0069,12.61,27.21,-0.67,295.32,8.02,-0.68
81986,50.973858,-3.168867,87,24.4,10,264.2,15 / 21,8198972,2019-08-16 15:05:52:752,-0.6223,0.3794,10.1661,-0.015,0.0072,9.8066,0.0064,0.041,-0.0197,12.61,27.21,-0.67,295.32,8.02,-0.68
81987,50.973858,-3.168867,87,24.4,10,264.2,15 / 21,8199073,2019-08-16 15:05:52:853,0.4409,0.2509,9.5888,-0.0059,-0.0059,9.8066,-0.0192,-0.0005,-0.0154,13.05,27.01,0.49,295.56,8.09,-0.62
81988,50.973858,-3.168867,87,24.4,10,264.2,15 / 21,8199173,2019-08-16 15:05:52:953,-0.047,0.484,10.0785,0.0135,-0.016,9.8066,-0.0192,-0.0005,-0.0154,13.26,26.91,-0.13,295.56,8.09,-0.62
81989,50.973858,-3.168867,87,24.4,10,264.2,15 / 21,8199273,2019-08-16 15:05:53:053,-0.4289,0.2613,10.2924,0.0181,-0.0288,9.8066,-0.0117,-0.0293,0.0016,12.61,27.22,0.5,295.57,7.89,-0.64
81990,50.973858,-3.168867,87,24.4,10,264.2,15 / 21,8199373,2019-08-16 15:05:53:153,0.4418,0.217,9.6025,0.0105,-0.0151,9.8066,0.0043,0.04,0.0059,12.61,27.22,0.5,295.57,7.89,-0.64
81991,50.973858,-3.168867,87,24.4,10,264.2,15 / 21,8199473,2019-08-16 15:05:53:253,0.3412,0.1559,9.5556,0.0002,0.0159,9.8066,0.0203,0.0219,-0.0048,13.05,27.01,0.58,295.82,7.79,-0.66
81992,50.973858,-3.168867,87,24.4,10,264.2,15 / 21,8199574,2019-08-16 15:05:53:354,0.2082,0.4776,9.2602,-0.022,0.0265,9.8066,0.0267,-0.0825,-0.0027,12.41,27.31,-0.13,293.83,7.98,-0.61
81993,50.973858,-3.168867,87,24.4,10,264.2,15 / 21,8199673,2019-08-16 15:05:53:453,-0.2884,0.2647,9.9629,-0.0205,-0.0063,9.8066,0.0054,0.0378,-0.0154,12.61,27.22,-0.13,293.83,7.98,-0.61
81994,50.97384,-3.169215,86,24.39,10,264.7,15 / 21,8199773,2019-08-16 15:05:53:553,-0.0141,0.0834,10.448,-0.018,-0.0299,9.8066,0.0011,0.0613,-0.0186,12.61,27.22,-0.13,293.83,7.98,-0.61
81995,50.97384,-3.169215,86,24.39,10,264.7,15 / 21,8199873,2019-08-16 15:05:53:653,0.2975,-0.1631,8.7676,-0.0007,-0.0075,9.8066,-0.0128,-0.0197,-0.0037,12.61,27.22,-0.04,295.55,7.87,-0.44
81996,50.97384,-3.169215,86,24.39,10,264.7,15 / 21,8199973,2019-08-16 15:05:53:753,-0.0989,0.2332,9.6873,-0.0129,-0.0088,9.8066,-0.0128,-0.0197,-0.0037,11.77,27.59,-0.04,293.05,7.83,-0.42
81997,50.97384,-3.169215,86,24.39,10,264.7,15 / 21,8200073,2019-08-16 15:05:53:853,-0.2265,0.2272,9.6543,-0.0121,-0.0095,9.8066,0.0192,-0.0101,-0.0069,11.77,27.59,-0.04,293.05,7.83,-0.42
81998,50.97384,-3.169215,86,24.39,10,264.7,15 / 21,8200172,2019-08-16 15:05:53:952,0.1368,-0.0176,9.5996,0.0096,0.0069,9.8066,-0.0266,0.0432,0.0069,12.83,27.09,-1.18,295.3,7.81,-0.33
81999,50.97384,-3.169215,86,24.39,10,264.7,15 / 21,8200273,2019-08-16 15:05:54:053,0.2426,0.1123,8.955,-0.0064,0.0198,9.8066,-0.0234,-0.0271,0.0037,12.82,27.12,-0.68,295.31,7.82,-0.4
82000,50.97384,-3.169215,86,24.39,10,264.7,15 / 21,8200372,2019-08-16 15:05:54:152,-0.3012,-0.0842,10.1077,-0.0036,0.0181,9.8066,0.0277,-0.0314,0.0037,13.05,27.01,0.49,295.54,7.92,-0.43
82001,50.97384,-3.169215,86,24.39,10,264.7,15 / 21,8200472,2019-08-16 15:05:54:252,-0.2798,-0.0868,10.0004,-0.0003,-0.0182,9.8066,0.0043,0.0815,-0.0133,13.05,27.01,0.49,295.54,7.92,-0.43
82002,50.97384,-3.169215,86,24.39,10,264.7,15 / 21,8200572,2019-08-16 15:05:54:352,0.0633,-0.3347,9.6829,0.0029,-0.0368,9.8066,-0.0042,-0.0655,0.0005,13.26,26.91,-0.04,295.55,7.72,-0.35
82003,50.97384,-3.169215,86,24.39,10,264.7,15 / 21,8200672,2019-08-16 15:05:54:452,-0.0537,-0.5361,10.0091,-0.0025,-0.0119,9.8066,0.0043,-0.008,-0.0037,13.26,26.9,-0.68,295.31,7.67,-0.31
82004,50.97382,-3.169565,86,24.4,10,264.8,15 / 21,8200773,2019-08-16 15:05:54:553,0.4203,-0.6578,8.4613,-0.0321,0.0115,9.8066,0.0043,-0.008,-0.0037,13.26,26.9,-0.68,295.31,7.67,-0.31
82005,50.97382,-3.169565,86,24.4,10,264.8,15 / 21,8200872,2019-08-16 15:05:54:652,-0.1622,-0.5433,9.3374,0.0111,-0.0115,9.8066,-0.0415,0.0773,0.0133,11.96,27.5,-0.66,292.79,7.81,-0.16
82006,50.97382,-3.169565,86,24.4,10,264.8,15 / 21,8200973,2019-08-16 15:05:54:753,-0.467,-0.7795,10.2753,0.0072,-0.0026,9.8066,-0.0468,-0.0154,-0.0091,11.96,27.5,-0.66,292.79,7.81,-0.16
82007,50.97382,-3.169565,86,24.4,10,264.8,15 / 21,8201073,2019-08-16 15:05:54:853,0.4274,-0.2839,10.3365,0.0301,-0.0117,9.8066,-0.0415,0.0464,-0.0016,12.41,27.31,0.58,294.03,7.78,-0.2
82008,50.97382,-3.169565,86,24.4,10,264.8,15 / 21,8201173,2019-08-16 15:05:54:953,0.0079,-0.0774,9.4111,0.0292,-0.0263,9.8066,0.0107,0.0624,-0.0112,12.37,27.33,-0.04,294.03,7.78,-0.2
82009,50.97382,-3.169565,86,24.4,10,264.8,15 / 21,8201272,2019-08-16 15:05:55:052,-0.4331,-0.7255,10.6703,0.0141,-0.0461,9.8065,0.0085,-0.0495,0.0016,12.16,27.42,0.5,294.03,7.5,-0.16
82010,50.97382,-3.169565,86,24.4,10,264.8,15 / 21,8201373,2019-08-16 15:05:55:153,-0.1936,0.266,8.8751,-0.0176,0.0063,9.8066,-0.0032,-0.0367,-0.0144,12.16,27.42,-0.04,294.03,7.5,-0.16
82011,50.97382,-3.169565,86,24.4,10,264.8,15 / 21,8201473,2019-08-16 15:05:55:253,0.3263,-0.0176,9.2896,-0.0186,0.021,9.8066,0.0,0.0048,-0.025,12.16,27.42,-0.04,294.03,7.5,-0.16
82012,50.97382,-3.169565,86,24.4,10,264.8,15 / 21,8201573,2019-08-16 15:05:55:353,-0.2483,-0.0719,9.9363,0.009,-0.0039,9.8066,0.0,0.0048,-0.025,13.01,27.02,-0.72,295.29,7.65,-0.11
82013,50.97382,-3.169565,86,24.4,10,264.8,15 / 21,8201673,2019-08-16 15:05:55:453,-0.0667,-0.2514,9.9922,-0.0248,0.0004,9.8066,0.0032,0.0464,0.0186,13.68,26.7,-0.04,297.21,7.57,-0.08
82014,50.9738,-3.169928,86,24.45,10,265.3,15 / 21,8201773,2019-08-16 15:05:55:553,-0.0686,-0.3504,9.862,-0.0377,0.0007,9.8066,0.0011,-0.0037,0.0133,12.19,27.41,0.62,297.21,7.57,-0.08
82015,50.9738,-3.169928,86,24.45,10,265.3,15 / 21,8201873,2019-08-16 15:05:55:653,-0.4535,0.0004,8.9751,-0.0512,-0.0136,9.8065,0.0139,-0.0026,-0.0154,12.19,27.41,0.62,297.21,7.57,-0.08
82016,50.9738,-3.169928,86,24.45,10,265.3,15 / 21,8201973,2019-08-16 15:05:55:753,-0.0242,-0.6909,9.6999,-0.0091,-0.0083,9.8066,0.0128,0.04,-0.0037,11.96,27.51,-0.04,292.99,7.64,0.22
82017,50.9738,-3.169928,86,24.45,10,265.3,15 / 21,8202073,2019-08-16 15:05:55:853,-0.4758,-0.0158,10.19,0.0099,0.0014,9.8066,-0.0202,-0.0602,-0.0016,12.61,27.22,-0.04,295.48,7.61,0.29
82018,50.9738,-3.169928,86,24.45,10,265.3,15 / 21,8202173,2019-08-16 15:05:55:953,0.1889,-0.6084,9.9937,0.0151,0.0143,9.8066,-0.016,0.008,-0.0005,14.52,26.24,-0.66,299.52,7.65,0.18
82019,50.9738,-3.169928,86,24.45,10,265.3,15 / 21,8202273,2019-08-16 15:05:56:053,0.3642,-0.2066,9.4611,0.0122,0.0086,9.8066,-0.0032,0.0549,-0.0027,14.52,26.24,-0.66,299.52,7.65,0.18
82020,50.9738,-3.169928,86,24.45,10,265.3,15 / 21,8202374,2019-08-16 15:05:56:154,0.2422,0.0572,9.8712,0.0317,0.0088,9.8066,-0.0074,-0.0676,-0.0048,13.92,26.58,-0.04,297.19,7.66,0.09
82021,50.9738,-3.169928,86,24.45,10,265.3,15 / 21,8202473,2019-08-16 15:05:56:253,-0.2484,0.1177,10.5348,0.0547,0.0242,9.8065,-0.0074,-0.0676,-0.0048,13.9,26.55,-1.23,297.0,7.64,-0.26
82022,50.9738,-3.169928,86,24.45,10,265.3,15 / 21,8202572,2019-08-16 15:05:56:352,0.1964,-0.4267,9.706,-0.0142,0.0212,9.8066,0.0,0.0783,0.0005,13.47,26.78,-1.19,295.29,7.79,-0.25
82023,50.9738,-3.169928,86,24.45,10,265.3,15 / 21,8202672,2019-08-16 15:05:56:452,-0.2944,-0.0658,9.7637,-0.0181,-0.0418,9.8065,0.0362,0.0602,0.0154,13.47,26.78,-1.19,295.29,7.79,-0.25
82024,50.973785,-3.170277,86,24.43,10,265.4,15 / 21,8202773,2019-08-16 15:05:56:553,-0.2247,0.0075,9.4491,-0.0178,-0.0082,9.8066,0.0192,-0.0282,0.0037,12.41,27.31,-0.13,293.78,7.61,-0.04
82025,50.973785,-3.170277,86,24.43,10,265.4,15 / 21,8202873,2019-08-16 15:05:56:653,-0.0995,-0.8247,9.2958,-0.0508,-0.0139,9.8065,0.0192,-0.009,-0.0048,12.41,27.31,-0.13,293.78,7.61,-0.04
82026,50.973785,-3.170277,86,24.43,10,265.4,15 / 21,8202973,2019-08-16 15:05:56:753,-0.006,-0.4092,9.8712,-0.0161,-0.0034,9.8066,-0.0351,0.0229,-0.0069,12.61,27.22,-0.04,295.48,7.66,0.26
82027,50.973785,-3.170277,86,24.43,10,265.4,15 / 21,8203072,2019-08-16 15:05:56:852,0.0777,0.3163,9.2767,0.012,-0.0076,9.8066,-0.0117,-0.0175,-0.0357,13.05,27.01,0.58,295.7,7.68,0.36
82028,50.973785,-3.170277,86,24.43,10,265.4,15 / 21,8203173,2019-08-16 15:05:56:953,0.2945,-0.5467,9.4438,0.0113,0.0059,9.8066,-0.016,0.008,-0.0144,13.05,27.01,0.58,295.7,7.68,0.36
82029,50.973785,-3.170277,86,24.43,10,265.4,15 / 21,8203273,2019-08-16 15:05:57:053,-0.1703,0.3129,8.9324,-0.0206,0.0116,9.8066,-0.016,0.008,-0.0144,13.05,27.01,-0.04,295.48,7.68,0.28
82030,50.973785,-3.170277,86,24.43,10,265.4,15 / 21,8203373,2019-08-16 15:05:57:153,-0.0911,-0.2741,9.8529,0.0062,-0.0122,9.8066,0.0,0.007,-0.025,13.26,26.9,0.59,295.69,7.79,0.36
82031,50.973785,-3.170277,86,24.43,10,265.4,15 / 21,8203473,2019-08-16 15:05:57:253,-0.0755,-0.3406,9.4785,0.0345,-0.0207,9.8066,-0.0213,-0.009,-0.0037,12.61,27.22,-0.04,295.49,7.6,0.23
82032,50.973785,-3.170277,86,24.43,10,265.4,15 / 21,8203572,2019-08-16 15:05:57:352,0.239,-0.2041,9.6461,0.019,0.0232,9.8066,-0.0341,0.0059,-0.0069,12.61,27.22,-0.04,295.49,7.6,0.23
82033,50.973785,-3.170277,86,24.43,10,265.4,15 / 21,8203674,2019-08-16 15:05:57:454,0.0564,-0.2962,10.2414,0.0246,-0.0013,9.8066,0.0149,0.0655,-0.0048,12.82,27.12,0.6,295.75,7.77,-0.12
82034,50.97378,-3.170609,85,24.3,10,265.8,15 / 21,8203773,2019-08-16 15:05:57:553,0.2849,0.0445,10.723,0.0267,-0.0173,9.8066,-0.001,0.0229,0.0037,12.82,27.12,-0.04,295.54,7.7,-0.25
82035,50.97378,-3.170609,85,24.3,10,265.8,15 / 21,8203873,2019-08-16 15:05:57:653,-0.0362,1.0012,10.2095,0.0318,-0.0015,9.8066,0.0053,-0.0239,-0.0208,12.82,27.12,-0.04,295.54,7.7,-0.25
82036,50.97378,-3.170609,85,24.3,10,265.8,15 / 21,8203973,2019-08-16 15:05:57:753,0.0599,0.6765,9.5185,0.0029,0.0085,9.8066,0.0053,-0.0239,-0.0208,12.61,27.22,-0.04,295.56,7.61,-0.41
82037,50.97378,-3.170609,85,24.3,10,265.8,15 / 21,8204073,2019-08-16 15:05:57:853,-0.4211,0.2622,9.307,-0.023,-0.0041,9.8066,0.0362,-0.0644,0.0027,12.6,27.2,-1.21,295.56,7.61,-0.41
82038,50.97378,-3.170609,85,24.3,10,265.8,15 / 21,8204173,2019-08-16 15:05:57:953,-0.646,0.2092,10.4518,-0.0408,0.003,9.8066,0.0842,0.0176,0.0069,13.24,26.86,-1.85,295.07,7.65,-0.28
82039,50.97378,-3.170609,85,24.3,10,265.8,15 / 21,8204272,2019-08-16 15:05:58:052,-0.4523,0.1149,10.1974,-0.0732,0.0351,9.8063,-0.0266,-0.0452,-0.008,13.67,26.68,-1.16,296.94,8.01,0.02
82040,50.97378,-3.170609,85,24.3,10,265.8,15 / 21,8204372,2019-08-16 15:05:58:152,-0.1983,0.2585,10.2445,-0.0175,-0.0041,9.8066,0.0171,0.0421,-0.0176,13.92,26.58,-0.04,297.16,8.04,0.13
82041,50.97378,-3.170609,85,24.3,10,265.8,15 / 21,8204473,2019-08-16 15:05:58:253,0.2897,0.1601,10.0341,0.0158,-0.0197,9.8066,-0.0319,0.0091,-0.0112,13.69,26.69,-0.67,297.16,8.04,0.13
82042,50.97378,-3.170609,85,24.3,10,265.8,15 / 21,8204573,2019-08-16 15:05:58:353,0.5798,0.1173,10.2317,0.0722,-0.0438,9.8063,-0.0181,0.0432,0.0059,13.69,26.69,-0.67,297.16,8.04,0.13
82043,50.97378,-3.170609,85,24.3,10,265.8,15 / 21,8204672,2019-08-16 15:05:58:452,0.0652,0.5537,9.9621,0.0931,-0.0532,9.8061,0.0437,0.0517,-0.0048,13.25,26.89,-1.22,295.31,7.51,-0.22
82044,50.973793,-3.170947,84,24.28,10,266.2,15 / 21,8204773,2019-08-16 15:05:58:553,0.2413,0.3468,9.906,-0.0015,-0.0117,9.8066,0.0437,0.0517,-0.0048,13.25,26.89,-1.22,295.31,7.51,-0.22
82045,50.973793,-3.170947,84,24.28,10,266.2,15 / 21,8204873,2019-08-16 15:05:58:653,0.141,0.0536,9.5524,-0.0474,0.0235,9.8065,-0.0106,-0.0729,0.0101,12.41,27.31,0.05,293.8,7.45,-0.18
82046,50.973793,-3.170947,84,24.28,10,266.2,15 / 21,8204973,2019-08-16 15:05:58:753,-0.1261,0.6545,9.9706,-0.0854,0.0677,9.806,0.0,-0.0751,-0.0133,12.61,27.21,-0.67,293.8,7.45,-0.18
82047,50.973793,-3.170947,84,24.28,10,266.2,15 / 21,8205072,2019-08-16 15:05:58:852,-0.1836,0.8645,9.1195,0.0072,0.019,9.8066,0.0064,-0.0431,-0.0293,12.64,27.2,0.56,295.72,8.02,0.12
82048,50.973793,-3.170947,84,24.28,10,266.2,15 / 21,8205173,2019-08-16 15:05:58:953,-0.2719,0.7984,9.834,0.0192,0.0238,9.8066,-0.0096,-0.0559,-0.0048,12.64,27.2,0.56,295.72,8.02,0.12
82049,50.973793,-3.170947,84,24.28,10,266.2,15 / 21,8205273,2019-08-16 15:05:59:053,0.0499,0.5243,9.6859,0.0036,-0.0299,9.8066,-0.0042,0.0347,0.0272,12.64,27.21,-0.04,295.49,8.09,-0.05
82050,50.973793,-3.170947,84,24.28,10,266.2,15 / 21,8205373,2019-08-16 15:05:59:153,-0.0871,0.0233,10.0765,-0.0161,-0.0359,9.8066,0.0171,0.0581,0.0101,12.4,27.29,1.2,294.0,7.93,0.01
82051,50.973793,-3.170947,84,24.28,10,266.2,15 / 21,8205473,2019-08-16 15:05:59:253,-0.8038,0.2634,9.7694,-0.0443,-0.0682,9.8063,-0.0277,0.0826,-0.0027,13.05,27.01,-0.04,295.46,7.67,0.41
82052,50.973793,-3.170947,84,24.28,10,266.2,15 / 21,8205573,2019-08-16 15:05:59:353,0.4623,-0.2931,9.9663,0.0057,-0.0112,9.8066,-0.0277,0.0826,-0.0027,13.05,27.01,-0.04,295.46,7.67,0.41
82053,50.973793,-3.170947,84,24.28,10,266.2,15 / 21,8205673,2019-08-16 15:05:59:453,0.2134,0.5742,9.6026,0.0339,0.0183,9.8066,-0.0639,0.0517,-0.0133,12.21,27.4,-0.04,293.73,7.6,0.41
82054,50.97378,-3.1713,85,24.34,10,266.4,15 / 21,8205773,2019-08-16 15:05:59:553,-0.1548,0.4478,9.8833,0.0546,0.0537,9.8064,-0.0351,-0.0154,-0.0027,12.21,27.4,0.57,293.73,7.6,0.41
82055,50.97378,-3.1713,85,24.34,10,266.4,15 / 21,8205873,2019-08-16 15:05:59:653,0.0204,-0.0286,9.8032,-0.0052,-0.0004,9.8066,0.0288,0.0123,-0.0016,11.96,27.51,0.58,293.25,7.86,-0.11
82056,50.97378,-3.1713,85,24.34,10,266.4,15 / 21,8205973,2019-08-16 15:05:59:753,-0.368,-0.1684,10.5249,-0.0251,-0.0066,9.8066,0.0203,-0.0026,0.008,12.61,27.22,0.59,295.74,7.87,-0.08
82057,50.97378,-3.1713,85,24.34,10,266.4,15 / 21,8206073,2019-08-16 15:05:59:853,-0.1139,0.0299,9.0059,-0.0515,-0.0068,9.8065,0.0043,0.0453,-0.0005,12.61,27.22,0.59,295.74,7.87,-0.08
82058,50.97378,-3.1713,85,24.34,10,266.4,15 / 21,8206172,2019-08-16 15:05:59:952,0.0527,-0.2888,10.0713,-0.0099,0.0025,9.8066,-0.016,0.041,-0.0005,12.84,27.11,-0.65,295.23,7.96,0.21
82059,50.97378,-3.1713,85,24.34,10,266.4,15 / 21,8206273,2019-08-16 15:06:00:053,-0.0926,-0.1653,10.4552,0.0045,-0.0099,9.8066,-0.0042,0.0357,0.0048,11.96,27.51,-0.04,292.98,7.9,0.21
