,timestamp,latitude,longitude,elevation,accuracy,bearing,speed_meters_per_second,satellites,provider,hdop,vdop,pdop,geoidheight,ageofdgpsdata,dgpsid,activity,battery,annotation,distance_meters,elapsed_time_seconds
0,1577398854.093,-27.71766886934215,-51.09884522910784,1010.7376196343706,8.0,196.82028,1.0591824,0,gps,1.0,1.7,2.0,3.6,,,,85,,0.0,0.0
1,1577398855.092,-27.717689918436964,-51.098938152767154,1001.905421286916,6.0,244.77179,1.1281757,11,gps,0.9,1.5,1.8,3.6,,,,85,,9.456059001717366,0.999000072479248
2,1577398856.083,-27.71770041710311,-51.09895317806176,998.9896134511972,6.0,270.39398,0.22072881,11,gps,0.9,1.6,1.8,3.6,,,,85,,1.8839061173306493,0.9909999370574952
3,1577398857.083,-27.71770012437948,-51.09895327865364,994.7213603737928,8.0,,0.0,14,gps,0.8,1.3,1.6,3.6,,,,85,,0.033921099972997,1.0
4,1577398858.083,-27.71770012728059,-51.09895346516316,993.1997883760336,8.0,,0.0,14,gps,0.8,1.3,1.5,3.6,,,,85,,0.0183958214090483,1.0
5,1577398859.0,-27.717700431185087,-51.0989536555624,990.2403039802764,8.0,,0.0,14,gps,0.8,1.3,1.5,3.6,,,,85,,0.0385578958831405,0.9170000553131104
6,1577398860.0,-27.71770066252548,-51.09895391129172,988.4507388353052,6.0,,0.0,14,gps,0.8,1.3,1.5,3.6,,,,85,,0.0359612833786382,1.0
7,1577398861.0,-27.717701319863192,-51.09895394475956,987.640460560126,6.0,,0.0,15,gps,0.8,1.3,1.5,3.6,,,,85,,0.0729175565605751,1.0
8,1577398862.0,-27.71770188866597,-51.0989540518481,986.0160801404631,6.0,,0.0,15,gps,0.8,1.3,1.5,3.6,,,,85,,0.0639104156014386,1.0
9,1577398864.0,-27.71770851366688,-51.0989589562024,983.9939248190996,4.0,,0.0,15,gps,0.8,1.3,1.5,3.6,,,,85,,0.8791442392313538,2.0
10,1577398865.0,-27.71770887817823,-51.09895903462304,982.7974966706884,4.0,,0.0,16,gps,0.8,1.3,1.5,3.6,,,,85,,0.041126960753648,1.0
11,1577398866.0,-27.71771465605299,-51.09896656089192,982.2978579308916,4.0,,0.0,16,gps,0.8,1.3,1.5,3.6,,,,85,,0.980224131685402,1.0
12,1577398867.0,-27.71771526152633,-51.09896655544411,981.785814515635,4.0,,0.0,16,gps,0.8,1.3,1.5,3.6,,,,85,,0.0670976266000473,1.0
13,1577398868.0,-27.71771579761624,-51.09896668398256,980.883958736769,4.0,,0.0,16,gps,0.8,1.3,1.5,3.6,,,,85,,0.060744100521354,1.0
14,1577398869.0,-27.71772040377218,-51.09896948631117,980.267487052236,4.0,,0.0,16,gps,0.8,1.3,1.5,3.6,,,,85,,0.5804419814512078,1.0
15,1577398870.0,-27.717720792384068,-51.09896959004524,979.3830322948528,4.0,,0.0,16,gps,0.8,1.3,1.5,3.6,,,,85,,0.0442623906341205,1.0
16,1577398871.0,-27.71772575612967,-51.098973368921584,978.89514740294,4.0,,0.0,16,gps,0.8,1.3,1.6,3.6,,,,85,,0.6644089717354597,1.0
17,1577398872.0,-27.717727455110648,-51.09897356583076,978.5521873361332,4.0,1.8360403,0.018901316,16,gps,0.8,1.3,1.6,3.6,,,,85,,0.1892712077058881,1.0
18,1577398873.0,-27.717727712174515,-51.09897387579336,978.2392302187816,4.0,0.7346295,0.018807968,16,gps,0.8,1.3,1.6,3.6,,,,85,,0.0417834666794562,1.0
19,1577398874.0,-27.71772912145292,-51.09897714014734,977.88222044354,4.0,3.9176872,0.0063408148,16,gps,0.8,1.4,1.6,3.6,,,,85,,0.3578012694947562,1.0
20,1577398875.0,-27.717729433763218,-51.09897679094536,977.7202314727588,4.0,358.27765,0.010358358,16,gps,0.8,1.3,1.6,3.6,,,,85,,0.0488229642762812,1.0
21,1577398876.0,-27.717730352787623,-51.09897496721814,977.4540316712717,4.0,,0.0,16,gps,0.8,1.3,1.6,3.6,,,,85,,0.2066831125169006,1.0
22,1577398877.0,-27.71773222866169,-51.09897411255686,977.242626459824,4.0,353.69022,0.011694424,16,gps,0.8,1.3,1.6,3.6,,,,85,,0.2243117359267267,1.0
23,1577398878.0,-27.71773369359649,-51.0989747471506,977.1399309698456,4.0,355.80508,0.014454657,16,gps,0.8,1.3,1.6,3.6,,,,85,,0.1739817556506719,1.0
24,1577398879.0,-27.71773395481428,-51.09897472069167,977.0330168673272,4.0,354.80832,0.000716562,17,gps,0.9,1.3,1.5,3.6,,,,85,,0.029064191778588,1.0
25,1577398880.0,-27.717734554075,-51.09897385525002,976.7836946510351,4.0,354.22067,0.0047143865,17,gps,0.8,1.3,1.6,3.6,,,,85,,0.1081390076837494,1.0
26,1577398881.0,-27.717734036901305,-51.0989715877536,976.681560358994,4.0,359.46112,0.008831462,17,gps,0.8,1.3,1.6,3.6,,,,85,,0.2308409966636359,1.0
27,1577398882.0,-27.7177343169196,-51.09897209146767,976.5320152854224,4.0,0.04179448,0.0056142537,17,gps,0.8,1.3,1.6,3.6,,,,85,,0.0585700896465357,1.0
28,1577398883.0,-27.71773502403993,-51.09897135566036,976.2308121491304,4.0,356.73682,0.008019872,17,gps,0.8,1.3,1.6,3.6,,,,85,,0.1067970544497388,1.0
29,1577398884.0,-27.71773484150501,-51.098971483106666,975.8617111423862,4.0,355.88345,0.007448296,21,gps,0.8,1.3,1.6,3.6,,,,85,,0.0238142685541065,1.0
30,1577398885.0,-27.71773501012403,-51.09897147742205,975.6176641797928,4.0,358.3263,0.0015206577,20,gps,0.8,1.2,1.5,3.6,,,,85,,0.0186939102785493,1.0
31,1577398886.0,-27.71773542310331,-51.09897212402285,975.5654156221184,4.0,359.35532,0.010414418,20,gps,0.8,1.2,1.5,3.6,,,,85,,0.0784885182442512,1.0
32,1577398887.0,-27.717737405141488,-51.09897226906355,975.3873234792256,4.0,347.0416,0.0065197116,20,gps,0.8,1.2,1.5,3.6,,,,85,,0.2201046371059961,1.0
33,1577398888.0,-27.71773836711833,-51.09897265060816,975.2808479608371,4.0,337.10507,0.006054117,20,gps,0.8,1.3,1.6,3.6,,,,85,,0.1130470204504831,1.0
34,1577398889.0,-27.71773968165941,-51.0989722540255,975.1288360643948,4.0,345.9827,0.006086555,21,gps,0.8,1.2,1.4,3.6,,,,85,,0.150829522188114,1.0
35,1577398890.0,-27.717740330194385,-51.09897184294576,975.0794278779774,4.0,352.49066,0.008741029,21,gps,0.8,1.2,1.4,3.6,,,,85,,0.0825127993187581,1.0
36,1577398891.0,-27.717740564028247,-51.09897238533844,975.0922606693024,4.0,17.293982,0.015907874,21,gps,0.8,1.1,1.4,3.6,,,,85,,0.059435114410631,1.0
37,1577398892.0,-27.717740580244104,-51.09897297364825,974.9978332140385,4.0,354.43558,0.010747326,21,gps,0.8,1.2,1.4,3.6,,,,85,,0.0580451560722821,1.0
38,1577398893.0,-27.71774112354264,-51.098973113581856,974.8709848267412,4.0,241.53314,0.03962467,21,gps,0.8,1.2,1.5,3.6,,,,85,,0.0617668777572843,1.0
39,1577398894.0,-27.717741773854023,-51.09897287256526,974.9787886098492,4.0,242.08662,0.006279933,21,gps,0.8,1.1,1.3,3.6,,,,85,,0.0758826887128547,1.0
40,1577398895.0,-27.71774266986822,-51.09897373654702,975.074761067798,4.0,198.52945,0.032001708,21,gps,0.8,1.1,1.4,3.6,,,,85,,0.1308374782391451,1.0
41,1577398897.0,-27.71774316243064,-51.09897460231959,975.1592048475688,4.0,342.42883,0.030867126,21,gps,0.8,1.1,1.4,3.6,,,,85,,0.1013363450751753,2.0
42,1577398898.0,-27.717743721146807,-51.098975356963045,975.204668514898,4.0,343.02448,0.011377663,21,gps,0.8,1.1,1.4,3.6,,,,85,,0.0968079927929587,1.0
43,1577398899.0,-27.71774460409534,-51.09897626462911,975.239543471446,4.0,343.4253,0.00893697,21,gps,0.7,1.2,1.4,3.6,,,,85,,0.1326110525214058,1.0
44,1577398900.0,-27.71774493771199,-51.09897722638215,975.3208883625086,4.0,344.4382,0.01658578,21,gps,0.8,1.2,1.4,3.6,,,,85,,0.1017957049713578,1.0
45,1577398901.0,-27.71774537966714,-51.09897845232116,975.3479701734384,4.0,345.10217,0.011093148,21,gps,0.8,1.4,1.6,3.6,,,,85,,0.1304415342817638,1.0
46,1577398902.0,-27.717745770822788,-51.09897934186615,975.448259813008,4.0,344.67755,0.0065975063,21,gps,0.8,1.2,1.4,3.6,,,,85,,0.0978488950827712,1.0
47,1577398903.0,-27.71774616558095,-51.09897969980333,975.504933485494,4.0,342.46286,0.007997676,21,gps,0.8,1.3,1.5,3.6,,,,85,,0.0562105854134984,1.0
48,1577398904.0,-27.71774659606849,-51.09898010346084,975.5661483209018,4.0,347.34973,0.009666478,19,gps,0.8,1.2,1.4,3.6,,,,85,,0.0621317078028419,1.0
49,1577398905.0,-27.717746581984684,-51.0989797269201,975.6780448032448,4.0,348.97543,0.00779618,19,gps,0.8,1.1,1.3,3.6,,,,85,,0.0371660902051435,1.0
50,1577398906.0,-27.71774706092956,-51.09898007468528,975.710770072842,4.0,351.69354,0.010098328,19,gps,0.8,1.1,1.3,3.6,,,,85,,0.0631906563069122,1.0
51,1577398908.0,-27.71774699543485,-51.09897985229878,975.7860055918068,4.0,348.8974,0.004882391,19,gps,0.8,1.3,1.5,3.6,,,,85,,0.0231008204232925,2.0
52,1577398909.0,-27.71774654042046,-51.09897963576583,975.8549418333698,4.0,356.15274,0.010446544,21,gps,0.8,1.2,1.4,3.6,,,,85,,0.0547576685470621,1.0
53,1577398910.0,-27.717746316627007,-51.09897959904109,975.8734980925666,4.0,9.3638,0.015803367,20,gps,0.8,1.2,1.4,3.6,,,,85,,0.0250627085941038,1.0
54,1577398911.0,-27.717746556580973,-51.09898017292429,975.9700734116836,4.0,19.590767,0.009284026,20,gps,0.8,1.3,1.5,3.6,,,,85,,0.0625300319745505,1.0
55,1577398912.0,-27.717746703514063,-51.09898060413444,976.0162255684512,4.0,15.863205,0.0066300374,21,gps,0.8,1.2,1.4,3.6,,,,85,,0.0455352687016085,1.0
56,1577398913.0,-27.717747041508336,-51.09898091158851,975.9849249921244,4.0,5.186432,0.015231563,21,gps,0.8,1.2,1.4,3.6,,,,85,,0.048188965227907,1.0
57,1577398914.0,-27.717747587170088,-51.09898182576088,976.0000219764056,4.0,7.2070894,0.008815339,21,gps,0.8,1.2,1.4,3.6,,,,85,,0.1085534928918996,1.0
58,1577398915.0,-27.7177481458109,-51.09898265145711,976.0307281490684,4.0,175.48209,0.038202226,21,gps,0.8,1.1,1.4,3.6,,,,85,,0.1022877497218203,1.0
59,1577398916.0,-27.71774831810534,-51.09898330311956,976.0962493962944,4.0,175.66443,0.008041327,21,gps,0.8,1.1,1.3,3.6,,,,85,,0.0670411947551312,1.0
60,1577398917.0,-27.7177482166388,-51.09898394904528,976.1306733530984,4.0,175.29106,0.019269846,21,gps,0.8,1.1,1.3,3.6,,,,85,,0.064684003936785,1.0
61,1577398919.0,-27.717748652139385,-51.09898559546404,976.1495213920132,4.0,173.36484,0.007217145,21,gps,0.8,1.4,1.6,3.6,,,,85,,0.169385244618112,2.0
62,1577398920.0,-27.71774847875476,-51.09898594495802,976.1909011632551,4.0,172.67378,0.0010862184,20,gps,0.8,1.1,1.4,3.6,,,,85,,0.0394597283486703,1.0
63,1577398921.0,-27.71774830368944,-51.09898658767077,976.2539405171729,4.0,287.30405,0.03350132,19,gps,0.8,1.1,1.4,3.6,,,,85,,0.0662848450653919,1.0
64,1577398922.0,-27.71774820943786,-51.09898704626282,976.3088473070558,4.0,287.63928,0.012262326,19,gps,0.8,1.2,1.5,3.6,,,,85,,0.0464153422056127,1.0
65,1577398923.0,-27.717748545241086,-51.098987583096765,976.398929175227,4.0,287.91092,0.007255081,19,gps,0.8,1.2,1.5,3.6,,,,85,,0.0647107112720752,1.0
66,1577398924.0,-27.71774859173936,-51.09898815377898,976.4822279181652,4.0,288.05487,0.011464816,20,gps,0.8,1.1,1.4,3.6,,,,85,,0.0565143397033743,1.0
67,1577398925.0,-27.717748500007573,-51.09898844325488,976.5581418161612,4.0,287.03592,0.010503215,20,gps,0.8,1.2,1.4,3.6,,,,85,,0.0303030853502833,1.0
68,1577398926.0,-27.717748613129537,-51.09898849243035,976.730217495799,4.0,279.64047,0.02529687,20,gps,0.8,1.2,1.4,3.6,,,,85,,0.0134409553296231,1.0
69,1577398927.0,-27.717748893863988,-51.09898835810036,976.800068070576,4.0,282.7974,0.025876747,20,gps,0.8,1.2,1.4,3.6,,,,85,,0.0338126268025951,1.0
70,1577398928.0,-27.717748507855287,-51.0989884995305,976.8424209973016,4.0,285.64987,0.012290757,20,gps,0.8,1.2,1.5,3.6,,,,85,,0.0449919492145151,1.0
71,1577398930.0,-27.717748487943,-51.098989168806256,976.9736174546312,4.0,276.22888,0.017185127,21,gps,0.8,1.4,1.6,3.6,,,,85,,0.0660388212684369,2.0
72,1577398931.0,-27.71774868582151,-51.09898937723735,977.016412856324,4.0,273.54456,0.006117376,20,gps,0.8,1.2,1.5,3.6,,,,85,,0.0300555144436292,1.0
73,1577398932.0,-27.71774865727821,-51.0989898420921,977.1140349770418,4.0,274.58136,0.0036816169,20,gps,0.8,1.1,1.4,3.6,,,,85,,0.0459515570952367,1.0
74,1577398933.0,-27.717748742840232,-51.098989831480615,977.160775250426,4.0,270.262,0.016024051,20,gps,0.9,1.3,1.6,3.6,,,,85,,0.0095391223223601,1.0
75,1577398934.0,-27.71774885339732,-51.098990414282966,977.2365424721554,4.0,257.5206,0.013802343,20,gps,0.8,1.2,1.4,3.6,,,,85,,0.0587654656939724,1.0
76,1577398935.0,-27.717749190794244,-51.09899042075563,977.335594900715,4.0,255.18832,0.016761579,20,gps,0.8,1.2,1.4,3.6,,,,85,,0.0373940598853332,1.0
77,1577398936.0,-27.71774930984436,-51.09899047528295,977.4292351095894,4.0,255.60893,0.008466949,20,gps,0.9,1.4,1.7,3.6,,,,85,,0.0142463459808879,1.0
78,1577398937.0,-27.717749444144584,-51.09899120846493,977.3836094064848,4.0,255.70398,0.023089655,20,gps,0.8,1.2,1.4,3.6,,,,85,,0.073819934994307,1.0
79,1577398938.0,-27.717749507446864,-51.09899196104738,977.3636211501528,4.0,230.67473,0.023684572,20,gps,0.8,1.2,1.5,3.6,,,,85,,0.0745481744435613,1.0
80,1577398939.0,-27.71774968866712,-51.09899179522686,977.3480136668448,4.0,214.77902,0.03121218,20,gps,0.8,1.4,1.6,3.6,,,,85,,0.0258977677249805,1.0
81,1577398940.0,-27.717749689861552,-51.09899196051676,977.3696244312392,4.0,215.39645,0.013280499,20,gps,0.8,1.2,1.4,3.6,,,,85,,0.016300926543941,1.0
82,1577398941.0,-27.717749805512305,-51.0989921517939,977.3542091427132,4.0,219.26158,0.009232794,20,gps,0.8,1.2,1.4,3.6,,,,85,,0.0228049268740958,1.0
83,1577398942.0,-27.717749931774097,-51.098992304014885,977.3959409822146,4.0,219.81923,0.005653839,20,gps,0.8,1.2,1.4,3.6,,,,85,,0.020521079100731,1.0
84,1577398943.0,-27.717750004286405,-51.09899278050612,977.3964162848008,4.0,215.00713,0.02239898,20,gps,0.8,1.2,1.4,3.6,,,,85,,0.0476722123780412,1.0
85,1577398944.0,-27.71775000830578,-51.09899281334166,977.3711871297236,4.0,214.98747,0.0057201865,20,gps,0.8,1.2,1.4,3.6,,,,85,,0.0032686304304985,1.0
86,1577398945.0,-27.717750638598098,-51.098992386342864,977.3699214695012,4.0,118.425095,0.034203086,20,gps,0.8,1.0,1.3,3.6,,,,85,,0.0815575235449837,1.0
87,1577398946.0,-27.71775053491244,-51.09899192426328,977.3446673251402,4.0,118.266815,0.009604064,21,gps,0.8,1.2,1.5,3.6,,,,85,,0.046995123709391,1.0
88,1577398947.0,-27.71775106547789,-51.09899131821893,977.346931255556,4.0,117.68296,0.0060741478,21,gps,0.8,1.1,1.4,3.6,,,,85,,0.0838379757742037,1.0
89,1577398949.0,-27.717752803865643,-51.09899030413946,977.2953324884433,4.0,118.710724,0.007885129,21,gps,0.8,1.1,1.3,3.6,,,,85,,0.2170506490874333,2.0
90,1577398950.0,-27.71775295465316,-51.0989899605023,977.274683939451,4.0,119.057686,0.009859822,21,gps,0.8,1.1,1.4,3.6,,,,85,,0.0377840559444357,1.0
91,1577398951.0,-27.717753253171143,-51.09898904847626,977.1460738633684,4.0,117.815575,0.011506745,21,gps,0.8,1.2,1.4,3.6,,,,85,,0.0958317753605666,1.0
92,1577398952.0,-27.71775392215776,-51.09898885680098,977.133131807014,4.0,118.859344,0.008847334,21,gps,0.8,1.1,1.4,3.6,,,,85,,0.0765055998593023,1.0
93,1577398953.0,-27.71775393425778,-51.09898881801785,977.0970915211108,4.0,120.47971,0.005469732,21,gps,0.8,1.1,1.4,3.6,,,,85,,0.0040529058146186,1.0
94,1577398954.0,-27.717754621932407,-51.09898884358714,977.0764446800544,4.0,121.89845,0.002353755,21,gps,0.8,1.2,1.4,3.6,,,,85,,0.0762463131261406,1.0
95,1577398955.0,-27.717755054770635,-51.098988877456,977.0099351275054,4.0,124.220146,0.0055169393,21,gps,0.8,1.1,1.4,3.6,,,,85,,0.0480810833668589,1.0
96,1577398956.0,-27.71775494360717,-51.09898870751515,976.9591331092038,4.0,119.704666,0.004954782,21,gps,0.8,1.2,1.4,3.6,,,,85,,0.0207993499842004,1.0
97,1577398957.0,-27.71775529068536,-51.09898891411705,976.8576478528822,4.0,118.79695,0.011511871,21,gps,0.8,1.0,1.3,3.6,,,,85,,0.0435247133185069,1.0
98,1577398958.0,-27.717755242646536,-51.09898916083876,976.8146132890524,4.0,118.593925,0.0013820886,21,gps,0.8,1.4,1.6,3.6,,,,85,,0.0249064991516139,1.0
99,1577398959.0,-27.7177553104531,-51.098989386760834,976.7781836808632,4.0,128.37833,0.014522586,21,gps,0.8,1.2,1.5,3.6,,,,85,,0.0235127001711964,1.0
100,1577398961.0,-27.71775612991981,-51.09898962793922,976.7271860222364,4.0,145.18692,0.014662259,21,gps,0.8,1.1,1.4,3.6,,,,85,,0.0938722039343263,2.0
101,1577398962.0,-27.717756574820804,-51.09898986762473,976.6620415096138,4.0,147.17508,0.006119355,21,gps,0.8,1.1,1.4,3.6,,,,85,,0.0546750834361584,1.0
102,1577398963.0,-27.7177569961337,-51.09898973502498,976.5821390760856,4.0,133.80046,0.011420903,21,gps,0.8,1.1,1.4,3.6,,,,85,,0.0484844652862936,1.0
103,1577398964.0,-27.717757465448315,-51.09898979643663,976.5285969097048,4.0,128.44969,0.0039551565,21,gps,0.8,1.1,1.4,3.6,,,,85,,0.0523584952986251,1.0
104,1577398965.0,-27.717757712085493,-51.09899012553267,976.4740360216292,4.0,118.00952,0.0059616477,21,gps,0.8,1.1,1.4,3.6,,,,85,,0.0424296974606065,1.0
105,1577398966.0,-27.71775755920636,-51.09899031156034,976.4154002747013,4.0,132.43735,0.011289057,21,gps,0.8,1.1,1.4,3.6,,,,85,,0.0249712636792157,1.0
106,1577398967.0,-27.717757894521256,-51.09899045421188,976.3721057351784,4.0,129.66943,0.007942854,21,gps,0.8,1.1,1.4,3.6,,,,85,,0.0397317707428201,1.0
107,1577398968.0,-27.717758130815387,-51.098990365750936,976.370620060655,4.0,107.99061,0.009799801,21,gps,0.8,1.1,1.4,3.6,,,,85,,0.0275998824041108,1.0
108,1577398969.0,-27.71775826521559,-51.09899043926514,976.2918455139694,4.0,247.14278,0.038614847,21,gps,0.8,1.1,1.4,3.6,,,,85,,0.0165643162680341,1.0
109,1577398971.0,-27.71775801733432,-51.09899011516335,976.2043975911276,4.0,246.03697,0.007394364,21,gps,0.8,1.1,1.4,3.6,,,,85,,0.0421438952048882,2.0
110,1577398972.0,-27.71775815305332,-51.09898970831158,976.244300971352,4.0,246.66774,0.005920747,21,gps,0.8,1.2,1.5,3.6,,,,85,,0.0428486416956381,1.0
111,1577398973.0,-27.717757775590066,-51.098989767083104,976.2063164980564,4.0,241.31769,0.01798074,21,gps,0.8,1.2,1.4,3.6,,,,85,,0.0422281943993458,1.0
112,1577398974.0,-27.717757835731057,-51.098989136431065,976.176576694158,4.0,241.30586,0.0055191373,21,gps,0.8,1.1,1.4,3.6,,,,85,,0.0625490483937359,1.0
113,1577398975.0,-27.717758551085662,-51.09898840540164,976.2452560512032,4.0,99.92786,0.06889637,21,gps,0.8,1.1,1.4,3.6,,,,85,,0.1071507611117725,1.0
114,1577398976.0,-27.71775845589348,-51.09898838670983,976.229730646632,4.0,99.995255,0.010062039,21,gps,0.8,1.0,1.3,3.6,,,,85,,0.0107085584284057,1.0
115,1577398977.0,-27.71775821970628,-51.09898828630186,976.2200042900996,4.0,99.21199,0.008117752,20,gps,0.8,1.2,1.4,3.6,,,,85,,0.027983522163598,1.0
116,1577398978.0,-27.717758601410672,-51.09898830611964,976.2491924814092,4.0,99.526215,0.0026747633,20,gps,0.8,1.3,1.5,3.6,,,,85,,0.0423436663395597,1.0
117,1577398979.0,-27.71775897808236,-51.09898841706134,976.2615362613774,4.0,100.827,0.012136579,20,gps,0.8,1.1,1.4,3.6,,,,85,,0.0431508683888396,1.0
118,1577398980.0,-27.71775904295076,-51.09898853293415,976.252656866545,4.0,100.26183,0.011110415,20,gps,0.8,1.2,1.4,3.6,,,,85,,0.013499991579298,1.0
119,1577398981.0,-27.7177593380211,-51.09898902835723,976.2116473268746,4.0,255.5907,0.035974033,20,gps,0.8,1.1,1.4,3.6,,,,85,,0.0587893686638157,1.0
120,1577398983.0,-27.71775937538049,-51.09898961008364,976.2783260963936,4.0,255.60376,0.0030644734,21,gps,0.8,1.1,1.4,3.6,,,,85,,0.0575172766857798,2.0
121,1577398984.0,-27.71775903922,-51.09898961223512,976.307942752089,4.0,255.68138,0.0027333603,21,gps,0.8,1.1,1.4,3.6,,,,85,,0.037252200567574,1.0
122,1577398985.0,-27.717758887675384,-51.09898969736032,976.3139564995496,4.0,253.17831,0.009193063,20,gps,0.8,1.2,1.5,3.6,,,,85,,0.0187747397735171,1.0
123,1577398986.0,-27.717758846584367,-51.09898975031383,976.3502781937588,4.0,258.30847,0.00855989,20,gps,0.8,1.2,1.4,3.6,,,,85,,0.0069285510341568,1.0
124,1577398987.0,-27.71775861865906,-51.0989899081917,976.3519219607264,4.0,258.0888,0.0008484198,19,gps,0.8,1.2,1.4,3.6,,,,85,,0.0296706892779202,1.0
125,1577398988.0,-27.71775809038152,-51.09899011210832,976.3480435181732,4.0,251.07857,0.00959088,19,gps,0.8,1.1,1.3,3.6,,,,85,,0.0618987061870043,1.0
126,1577398989.0,-27.7177578315306,-51.09899057239639,976.3235996982272,4.0,256.00714,0.0069024265,20,gps,0.8,1.2,1.4,3.6,,,,85,,0.05369595663911,1.0
127,1577398990.0,-27.71775783098767,-51.09899104539711,976.3089365771,4.0,254.87135,0.0059480425,20,gps,0.8,1.2,1.4,3.6,,,,85,,0.0466459325185431,1.0
128,1577398991.0,-27.71775749289632,-51.098991361031366,976.2819599618608,4.0,261.1881,0.0077445665,20,gps,0.8,1.2,1.4,3.6,,,,85,,0.0487088471434695,1.0
129,1577398992.0,-27.71775735550002,-51.09899157786014,976.2748989091164,4.0,259.78937,0.0047112475,19,gps,0.8,1.1,1.3,3.6,,,,85,,0.0262497645100287,1.0
130,1577398993.0,-27.71775719665334,-51.09899175731451,976.2391315776114,4.0,258.55075,0.0034031693,20,gps,0.8,1.1,1.4,3.6,,,,85,,0.0249608354858111,1.0
131,1577398995.0,-27.717756587742763,-51.09899221770779,976.2072911362152,4.0,257.512,0.007038092,20,gps,0.9,1.3,1.6,3.6,,,,85,,0.0813293054634253,2.0
132,1577398996.0,-27.71775656761637,-51.09899225140671,976.2101098230914,4.0,257.57565,0.012992736,20,gps,0.8,1.1,1.3,3.6,,,,85,,0.0040023099712742,1.0
133,1577398997.0,-27.717756747086973,-51.09899228871239,976.182329379064,4.0,252.931,0.007103818,19,gps,0.8,1.1,1.3,3.6,,,,85,,0.0202254335629987,1.0
134,1577398998.0,-27.71775674515805,-51.09899245831947,976.1672484859844,4.0,244.90332,0.0048883436,19,gps,0.8,1.1,1.3,3.6,,,,85,,0.0167275010213073,1.0
135,1577398999.0,-27.71775700674793,-51.09899242094688,976.0958327891778,4.0,225.7544,0.012860714,20,gps,0.8,1.3,1.5,3.6,,,,85,,0.0292214154203184,1.0
136,1577399000.0,-27.71775698868576,-51.098992724710776,976.089258744696,4.0,226.54364,0.002374227,19,gps,0.8,1.2,1.4,3.6,,,,85,,0.0300230660938871,1.0
137,1577399001.0,-27.717756936547985,-51.0989929236917,976.090139915153,4.0,226.45306,0.008113849,20,gps,0.8,1.1,1.3,3.6,,,,85,,0.020455784746806,1.0
138,1577399002.0,-27.71775710259246,-51.098993225727845,976.120721518758,4.0,226.30019,0.005183861,20,gps,0.8,1.3,1.6,3.6,,,,85,,0.0350109488652456,1.0
139,1577399003.0,-27.717757542819783,-51.09899338675765,976.1260189297404,4.0,227.07784,0.009227128,20,gps,0.8,1.2,1.4,3.6,,,,85,,0.0513033869909023,1.0
140,1577399004.0,-27.717757894485484,-51.098993585585774,976.151911324936,4.0,223.90541,0.005417073,20,gps,0.8,1.2,1.4,3.6,,,,85,,0.0436246775771466,1.0
141,1577399005.0,-27.71775798056317,-51.09899348283368,976.1810151808264,4.0,231.99724,0.021340363,20,gps,0.8,1.3,1.6,3.6,,,,85,,0.0139164053960824,1.0
142,1577399006.0,-27.71775807915828,-51.09899358335347,976.1680119458958,4.0,228.07033,0.0068864897,20,gps,0.8,1.3,1.5,3.6,,,,85,,0.0147526266581527,1.0
143,1577399007.0,-27.71775809250041,-51.09899383946757,976.1982804431674,4.0,227.44078,0.0032127062,21,gps,0.8,1.1,1.3,3.6,,,,85,,0.0253004313713119,1.0
144,1577399008.0,-27.71775820667157,-51.09899412558296,976.2421427558226,4.0,226.46022,0.005592746,20,gps,0.8,1.2,1.4,3.6,,,,85,,0.0309225292004796,1.0
145,1577399009.0,-27.71775826589609,-51.09899443130008,976.266418836121,4.0,227.47537,0.0017626049,20,gps,0.7,1.2,1.4,3.6,,,,85,,0.030854953749003,1.0
146,1577399010.0,-27.71775835628329,-51.09899497878819,976.2919875793066,4.0,222.41772,0.027700383,20,gps,0.8,1.1,1.3,3.6,,,,85,,0.0549128361833818,1.0
147,1577399011.0,-27.717758352514387,-51.09899521459424,976.2454495486948,4.0,219.54926,0.0061807367,20,gps,0.8,1.2,1.4,3.6,,,,85,,0.0232582258288088,1.0
148,1577399012.0,-27.71775834124869,-51.09899494043332,976.2494702574388,4.0,208.29134,0.02494251,20,gps,0.8,1.1,1.3,3.6,,,,85,,0.0270657229825304,1.0
149,1577399013.0,-27.717758760925044,-51.09899495063446,976.2650423127088,4.0,220.52347,0.0072047436,20,gps,0.9,1.3,1.6,3.6,,,,85,,0.0465172786980041,1.0
150,1577399014.0,-27.71775885095949,-51.0989952538398,976.2822552501964,4.0,225.38324,0.006303916,20,gps,0.8,1.3,1.5,3.6,,,,85,,0.0315218148330247,1.0
151,1577399016.0,-27.717759114202675,-51.098995332679365,976.299310403094,4.0,207.65182,0.02012061,20,gps,0.7,1.2,1.4,3.6,,,,85,,0.0301896069272743,2.0
152,1577399017.0,-27.717759090533807,-51.09899553036158,976.297958443854,4.0,204.31036,0.006732785,20,gps,0.8,1.3,1.5,3.6,,,,85,,0.0196704694478452,1.0
153,1577399018.0,-27.717759617301105,-51.098995109807895,976.290609955724,4.0,121.86318,0.04352711,20,gps,0.8,1.1,1.3,3.6,,,,85,,0.0716069525041303,1.0
154,1577399019.0,-27.717760225284856,-51.09899490135919,976.2794447323124,4.0,149.10257,0.042612225,20,gps,0.8,1.4,1.6,3.6,,,,85,,0.0704399313597417,1.0
155,1577399020.0,-27.717760671889582,-51.09899433359624,976.2414086423656,4.0,132.71202,0.065883785,20,gps,0.8,1.4,1.6,3.6,,,,85,,0.0747282034092989,1.0
156,1577399021.0,-27.71776086029867,-51.09899379728189,976.201032843744,4.0,120.759026,0.04028197,21,gps,0.8,1.1,1.3,3.6,,,,85,,0.0568615206762552,1.0
157,1577399022.0,-27.71776101299876,-51.09899372394207,976.1976652676994,4.0,121.475655,0.010672482,21,gps,0.8,1.1,1.3,3.6,,,,85,,0.0184023138051263,1.0
158,1577399023.0,-27.717761017630107,-51.09899341626006,976.155649312104,4.0,122.227585,0.009561483,21,gps,0.9,1.3,1.6,3.6,,,,85,,0.0303470042456029,1.0
159,1577399024.0,-27.717761349100293,-51.09899336722275,976.1208466452462,4.0,125.02784,0.014413866,21,gps,0.8,1.2,1.4,3.6,,,,85,,0.0370488071289187,1.0
160,1577399025.0,-27.71776151957586,-51.09899327359394,976.0950700786678,4.0,122.9611,0.006518091,21,gps,0.8,1.2,1.4,3.6,,,,84,,0.0210269878974508,1.0
161,1577399027.0,-27.717761556821223,-51.098993063743386,976.0478325909106,4.0,133.77939,0.013272596,21,gps,0.8,1.2,1.4,3.6,,,,84,,0.0211023850404008,2.0
162,1577399028.0,-27.71776168886392,-51.09899297972133,976.0126796922026,4.0,131.90659,0.01826612,20,gps,0.8,1.2,1.4,3.6,,,,84,,0.0168155286635171,1.0
163,1577399029.0,-27.7177613507225,-51.09899249275133,976.0268331478152,4.0,314.19138,0.059659507,21,gps,0.8,1.2,1.4,3.6,,,,84,,0.0609125668314397,1.0
164,1577399030.0,-27.71776136665548,-51.09899197346707,975.9942029646144,4.0,308.30124,0.016431652,20,gps,0.8,1.2,1.4,3.6,,,,84,,0.0512406613634278,1.0
165,1577399031.0,-27.71776063979648,-51.098992747135576,975.9549968073176,4.0,304.49698,0.15362737,20,gps,0.8,1.3,1.6,3.6,,,,84,,0.1109459182415304,1.0
166,1577399032.0,-27.717756490965147,-51.09899752624253,975.9110933442296,4.0,310.44284,0.6569033,20,gps,0.8,1.2,1.4,3.6,,,,84,,0.6584048082553391,1.0
167,1577399033.0,-27.717747829460446,-51.09900813832458,975.9225699443556,4.0,311.13138,1.4359943,20,gps,0.8,1.2,1.4,3.6,,,,84,,1.420031601318797,1.0
168,1577399034.0,-27.71773395560872,-51.09902755121196,975.9331356804332,4.0,309.07632,2.4118328,20,gps,0.8,1.2,1.4,3.6,,,,84,,2.455355675381327,1.0
169,1577399035.0,-27.71771627133872,-51.09905464023878,976.0220043279948,4.0,305.94836,2.4614153,20,gps,0.8,1.3,1.6,3.6,,,,84,,3.313145269847857,1.0
170,1577399036.0,-27.71769201641752,-51.09909214864583,976.146242920362,4.0,306.24426,2.59639,21,gps,0.8,1.2,1.4,3.6,,,,84,,4.572380411468551,1.0
171,1577399037.0,-27.71765871161959,-51.09913570005527,976.233310846882,4.0,310.31537,2.817723,21,gps,0.8,1.2,1.4,3.6,,,,84,,5.662798928590253,1.0
172,1577399038.0,-27.71762431570096,-51.09917674733269,976.3615177570164,4.0,313.3449,3.0558457,21,gps,0.8,1.2,1.4,3.6,,,,84,,5.560048937603093,1.0
173,1577399040.0,-27.71755650537101,-51.0992545514137,976.6488137066384,4.0,314.16595,5.568099,21,gps,0.8,1.2,1.4,3.6,,,,84,,10.73956299852826,2.0
174,1577399041.0,-27.71751642310172,-51.09930014716574,976.8047977780184,4.0,314.95276,6.3315387,20,gps,0.8,1.2,1.4,3.6,,,,84,,6.320406585970737,1.0
175,1577399043.0,-27.71741783562944,-51.09941474697109,976.964608081882,4.0,314.32147,8.569921,20,gps,0.8,1.2,1.4,3.6,,,,84,,15.71874741771779,2.0
176,1577399044.0,-27.71735529090476,-51.09948652028439,977.2159182670516,4.0,314.48297,9.869196,20,gps,0.8,1.2,1.4,3.6,,,,84,,9.906390132159691,1.0
177,1577399045.0,-27.71728451539994,-51.0995674157607,977.4119881347698,4.0,314.71912,11.193803,20,gps,0.8,1.2,1.4,3.6,,,,84,,11.187314891907905,1.0
178,1577399046.0,-27.717206756241207,-51.09965452327726,977.6794522792904,4.0,315.30673,12.16965,20,gps,0.8,1.2,1.4,3.6,,,,84,,12.167337026207578,1.0
179,1577399047.0,-27.71713005086016,-51.09973803579122,977.8456242444596,4.0,315.8712,11.816988,20,gps,0.8,1.2,1.4,3.6,,,,84,,11.83553987641676,1.0
180,1577399048.0,-27.71705641302503,-51.09982031069462,978.2327041409308,4.0,315.325,11.494353,20,gps,0.8,1.2,1.4,3.6,,,,84,,11.5074457978807,1.0
181,1577399049.0,-27.71698048777584,-51.09990613946752,978.4603093285916,4.0,315.05222,11.941675,20,gps,0.8,1.2,1.4,3.6,,,,84,,11.934516212974838,1.0
182,1577399050.0,-27.71689951293154,-51.09999783174696,978.7665486309476,4.0,314.89548,12.699217,20,gps,0.8,1.2,1.5,3.6,,,,84,,12.739118311735128,1.0
183,1577399051.0,-27.716813707976502,-51.10009423577716,979.0701288405702,4.0,315.28665,13.4380245,20,gps,0.8,1.2,1.5,3.6,,,,84,,13.446072551662828,1.0
184,1577399053.0,-27.71662351070982,-51.10029995536036,979.7187045786158,4.0,316.76578,15.009018,20,gps,0.8,1.2,1.5,3.6,,,,84,,29.25431448733824,2.0
185,1577399054.0,-27.71651870820333,-51.100407591250296,980.023088450879,4.0,317.69064,15.7616415,20,gps,0.8,1.2,1.4,3.6,,,,84,,15.733796332579727,1.0
186,1577399055.0,-27.716408649755355,-51.10051833368036,980.3983862273848,4.0,318.34064,16.362583,20,gps,0.8,1.2,1.4,3.6,,,,84,,16.371257482477354,1.0
187,1577399056.0,-27.71629922749004,-51.10062494695442,980.8805316932596,4.0,319.2333,16.04958,20,gps,0.8,1.2,1.4,3.6,,,,84,,16.049143830408873,1.0
188,1577399057.0,-27.716189046432905,-51.10072723584456,981.144052343206,4.0,320.578,15.8292675,20,gps,0.8,1.2,1.4,3.6,,,,84,,15.837792087995794,1.0
189,1577399058.0,-27.716076534917907,-51.100831143248506,981.5481442998162,4.0,320.656,16.148193,20,gps,0.8,1.2,1.4,3.6,,,,84,,16.138605488108766,1.0
190,1577399059.0,-27.715960161177296,-51.10093636927229,982.0013617545792,4.0,321.3972,16.56216,20,gps,0.8,1.2,1.4,3.6,,,,84,,16.55271443426779,1.0
191,1577399060.0,-27.715840566744497,-51.10104413444608,982.3676604711234,4.0,321.4811,17.002867,21,gps,0.8,1.2,1.4,3.6,,,,84,,16.987786322082737,1.0
192,1577399061.0,-27.715717468492294,-51.10115432144945,982.6489628007872,4.0,321.76166,17.481123,21,gps,0.8,1.2,1.4,3.6,,,,84,,17.440212432024566,1.0
193,1577399062.0,-27.71559045823297,-51.10126675258928,982.9499195878644,4.0,321.85907,17.92969,21,gps,0.8,1.2,1.5,3.6,,,,84,,17.917452215542063,1.0
194,1577399063.0,-27.71546062317984,-51.10138265546329,983.2824924537404,4.0,321.74768,18.402548,20,gps,0.8,1.2,1.4,3.6,,,,84,,18.375380500386264,1.0
195,1577399064.0,-27.71532775315615,-51.10150144602067,983.5912864819944,4.0,321.56464,18.840158,21,gps,0.8,1.2,1.5,3.6,,,,84,,18.815872425669998,1.0
196,1577399065.0,-27.71519187896933,-51.10162343517912,983.8647468454336,4.0,321.45493,19.293688,21,gps,0.8,1.2,1.4,3.6,,,,84,,19.27282991111368,1.0
197,1577399066.0,-27.715053064205065,-51.101748568938426,984.2306996860308,4.0,321.34692,19.733746,21,gps,0.8,1.2,1.4,3.6,,,,84,,19.721036964282565,1.0
198,1577399067.0,-27.714911384789225,-51.10187677716047,984.4792517844686,4.0,321.2769,20.19589,21,gps,0.8,1.2,1.4,3.6,,,,84,,20.158426533438856,1.0
199,1577399068.0,-27.71476670949225,-51.10200803837738,984.7486778507712,4.0,321.20898,20.621359,21,gps,0.8,1.2,1.4,3.6,,,,84,,20.60586645768683,1.0
200,1577399069.0,-27.71461902922129,-51.102142215031,985.0153060528404,4.0,321.23236,21.062319,21,gps,0.8,1.2,1.4,3.6,,,,84,,21.045590120939835,1.0
201,1577399070.0,-27.71446751253933,-51.10227830829348,985.2868291313312,4.0,321.47778,21.51439,21,gps,0.8,1.2,1.4,3.6,,,,84,,21.495366469570676,1.0
202,1577399071.0,-27.714313991037955,-51.102415987654624,985.5666334157994,4.0,321.4321,21.797224,21,gps,0.8,1.3,1.6,3.6,,,,84,,21.76658679413744,1.0
203,1577399072.0,-27.71416676914492,-51.10255775007442,985.7912955515336,4.0,319.56314,21.488207,21,gps,0.8,1.2,1.5,3.6,,,,84,,21.48526747472512,1.0
204,1577399073.0,-27.714025815094896,-51.10270171840536,985.9766367314164,4.0,317.82355,21.124485,21,gps,0.8,1.3,1.6,3.6,,,,84,,21.10845644155259,1.0
205,1577399074.0,-27.713889749054427,-51.1028525750927,986.192491218299,4.0,315.55115,21.194607,20,gps,0.8,1.2,1.5,3.6,,,,84,,21.18234079139982,1.0
206,1577399075.0,-27.71375333695652,-51.10300498344756,986.5556549036088,6.0,312.22266,21.42445,19,gps,0.8,1.3,1.6,3.6,,,,84,,21.317287506367137,1.0
207,1577399077.0,-27.71350491093166,-51.10334993607396,986.4624242694322,6.0,309.4989,21.656397,19,gps,0.8,1.2,1.5,3.6,,,,84,,43.76283393780277,2.0
208,1577399078.0,-27.71338251302583,-51.103522736363175,986.5524136728252,6.0,308.27444,21.807028,19,gps,0.8,1.3,1.6,3.6,,,,84,,21.780462419820715,1.0
209,1577399079.0,-27.71325552237425,-51.10369369334636,986.7620609899008,8.0,308.3833,21.92758,20,gps,0.8,1.3,1.6,3.6,,,,84,,21.961134402199416,1.0
210,1577399080.0,-27.713134434420724,-51.10386915720749,986.8114585340178,8.0,307.57495,22.140343,20,gps,0.9,1.5,1.7,3.6,,,,84,,21.897381283605817,1.0
211,1577399081.0,-27.71300889695297,-51.10404471080827,986.890552665692,6.0,307.32822,22.302908,20,gps,0.9,1.5,1.7,3.6,,,,84,,22.209860255058278,1.0
212,1577399082.0,-27.712885391777743,-51.104230180581766,986.9357658080822,6.0,307.13373,22.450054,19,gps,0.9,1.2,1.5,3.6,,,,84,,22.84475242682285,1.0
213,1577399083.0,-27.712761380640988,-51.10441537170127,986.8724178304552,6.0,307.5309,22.643301,19,gps,0.8,1.3,1.6,3.6,,,,84,,22.856437684008142,1.0
214,1577399084.0,-27.71263780993294,-51.10459996240007,986.7189353439234,6.0,306.78482,22.839577,19,gps,0.9,1.3,1.6,3.6,,,,84,,22.779793754814733,1.0
215,1577399085.0,-27.712513082626977,-51.10478595159545,986.7457301256002,4.0,307.1146,23.051228,19,gps,0.8,1.3,1.6,3.6,,,,84,,22.96708449424241,1.0
216,1577399086.0,-27.71238685090501,-51.10497595033902,986.5223879118622,4.0,307.31793,23.26204,19,gps,0.8,1.3,1.5,3.6,,,,84,,23.38347071767167,1.0
217,1577399087.0,-27.71225883178516,-51.10516686829266,986.5304597045798,4.0,307.33554,23.515713,19,gps,0.9,1.2,1.5,3.6,,,,84,,23.574852497386612,1.0
218,1577399088.0,-27.71212895810229,-51.10535686588703,986.3948155437988,4.0,307.2277,23.676388,19,gps,0.9,1.2,1.5,3.6,,,,84,,23.62705832607971,1.0
219,1577399089.0,-27.712000066518765,-51.105546959810304,986.387250608444,4.0,307.06738,23.49364,19,gps,0.8,1.3,1.5,3.6,,,,84,,23.568497760213585,1.0
220,1577399090.0,-27.71187444501123,-51.105738018456,986.167302666219,4.0,306.7941,23.40483,19,gps,0.8,1.3,1.6,3.6,,,,84,,23.427143042406502,1.0
221,1577399091.0,-27.711747892309177,-51.10592732452735,985.8719214988838,4.0,306.7933,23.409775,19,gps,0.8,1.3,1.6,3.6,,,,84,,23.350196808230844,1.0
222,1577399092.0,-27.711621247714103,-51.10611707296312,985.6494543116114,4.0,307.23834,23.431591,19,gps,0.9,1.3,1.6,3.6,,,,84,,23.39121904617016,1.0
223,1577399093.0,-27.7114934238094,-51.10630690447014,985.4229665300531,6.0,307.28696,23.427027,19,gps,1.3,1.3,1.8,3.6,,,,84,,23.476409405532667,1.0
224,1577399094.0,-27.711365626439544,-51.10649375411554,984.9060978121944,4.0,307.24658,23.136105,19,gps,0.8,1.3,1.5,3.6,,,,84,,23.24079353150912,1.0
225,1577399095.0,-27.71124174717492,-51.10667758976196,984.7417349670162,4.0,307.20377,22.811634,19,gps,0.9,1.3,1.6,3.6,,,,84,,22.74113565565313,1.0
226,1577399096.0,-27.71112075717607,-51.10685970828445,984.5852149929066,4.0,306.88742,22.44951,19,gps,0.8,1.3,1.5,3.6,,,,84,,22.41338935893457,1.0
227,1577399097.0,-27.711000240581967,-51.10703980429966,984.1819329714236,4.0,307.6087,22.247189,20,gps,0.8,1.3,1.5,3.6,,,,84,,22.22231557608757,1.0
228,1577399098.0,-27.71087459064829,-51.10721191793532,983.7585017687404,4.0,309.8269,22.075916,20,gps,0.8,1.3,1.5,3.6,,,,84,,21.954584861121077,1.0
229,1577399099.0,-27.71074043825506,-51.10737788611608,983.3504936102044,4.0,312.33823,22.097334,20,gps,0.8,1.3,1.6,3.6,,,,84,,22.11157632965145,1.0
230,1577399100.0,-27.71059874505354,-51.107538818023706,982.8589274745108,4.0,314.4336,22.257053,20,gps,0.8,1.3,1.5,3.6,,,,84,,22.32605012601857,1.0
231,1577399101.0,-27.7104479415528,-51.10769164829722,982.2248337477746,4.0,318.04944,22.474506,20,gps,0.8,1.2,1.5,3.6,,,,84,,22.504466698492145,1.0
232,1577399103.0,-27.71011904242481,-51.10796209681414,980.8652934195414,4.0,326.22742,22.549688,20,gps,0.8,1.2,1.5,3.6,,,,84,,45.1641991181993,2.0
233,1577399104.0,-27.70994558587536,-51.10807850947112,980.1720164535868,4.0,329.684,22.440792,20,gps,0.8,1.2,1.4,3.6,,,,84,,22.38935085984238,1.0
234,1577399105.0,-27.70976575176364,-51.10818139292571,979.490494423824,4.0,333.13602,22.388878,21,gps,0.8,1.2,1.4,3.6,,,,84,,22.362771434043324,1.0
235,1577399106.0,-27.709579454837183,-51.1082708324105,978.6504183380086,4.0,336.72684,22.400183,21,gps,0.8,1.2,1.4,3.6,,,,84,,22.44998359741166,1.0
236,1577399107.0,-27.70939227605972,-51.10835176448192,978.288358491848,6.0,342.27844,22.423782,21,gps,0.8,1.2,1.4,3.6,,,,84,,22.22494554130789,1.0
237,1577399108.0,-27.709190559630084,-51.10840942679664,976.623569494125,6.0,344.80185,22.822016,21,gps,0.8,1.2,1.5,3.6,,,,84,,23.06523157770024,1.0
238,1577399109.0,-27.708984412574186,-51.10845895232265,975.2264552901838,6.0,348.04788,23.494783,20,gps,0.8,1.2,1.5,3.6,,,,84,,23.36049030694116,1.0
239,1577399110.0,-27.70877230758216,-51.10849022973678,973.620632425545,6.0,351.81143,23.94678,20,gps,0.8,1.3,1.5,3.6,,,,84,,23.705923770031912,1.0
240,1577399111.0,-27.708556195843595,-51.10850719151079,972.1735227001608,6.0,355.2321,24.206686,20,gps,0.8,1.2,1.4,3.6,,,,84,,24.00672807777721,1.0
241,1577399112.0,-27.708338285302226,-51.10851844435884,970.7239213185236,4.0,357.18332,24.465704,20,gps,0.8,1.2,1.4,3.6,,,,84,,24.17319540100016,1.0
242,1577399113.0,-27.708115416158023,-51.10853005460012,969.1070098038232,4.0,356.72037,24.60605,21,gps,0.8,1.2,1.5,3.6,,,,84,,24.7237220067348,1.0
243,1577399114.0,-27.70789526287837,-51.10855417432274,967.6154067939505,4.0,355.02744,24.640873,21,gps,0.8,1.2,1.5,3.6,,,,84,,24.51193529042449,1.0
244,1577399115.0,-27.70767567651512,-51.108591706771016,966.1907383944362,4.0,351.446,24.736994,21,gps,0.8,1.2,1.4,3.6,,,,84,,24.61335362164345,1.0
245,1577399116.0,-27.70745669017829,-51.10864344421356,964.8307807789196,4.0,347.76532,24.811115,21,gps,0.9,1.3,1.6,3.6,,,,84,,24.797588841685517,1.0
246,1577399117.0,-27.70724068558744,-51.10870788569798,963.6265104783728,4.0,345.09613,24.806065,21,gps,0.9,1.3,1.6,3.6,,,,84,,24.765898932774206,1.0
247,1577399118.0,-27.707025921693315,-51.1087760720011,962.7649575337016,4.0,344.54007,24.752312,21,gps,0.8,1.2,1.4,3.6,,,,84,,24.730912097684094,1.0
248,1577399119.0,-27.70681045455603,-51.10884240499378,961.86134505538,4.0,344.4322,24.68423,21,gps,0.8,1.2,1.5,3.6,,,,84,,24.75698832855085,1.0
249,1577399120.0,-27.706597467508548,-51.10890988762228,961.05951287826,4.0,344.39935,24.52889,20,gps,0.8,1.2,1.5,3.6,,,,84,,24.522568182647003,1.0
250,1577399121.0,-27.70638505693338,-51.10897505500261,960.4352629741512,4.0,344.6751,24.276508,20,gps,0.9,1.3,1.6,3.6,,,,84,,24.39995205333047,1.0
251,1577399123.0,-27.7059671143567,-51.10910344932283,958.9022595390124,4.0,345.04636,23.997353,20,gps,0.9,1.3,1.6,3.6,,,,84,,48.01417527283784,2.0
252,1577399124.0,-27.705760270420857,-51.109167290418256,958.2543527283044,4.0,344.68167,23.767944,20,gps,0.9,1.3,1.6,3.6,,,,84,,23.770450982976584,1.0
253,1577399125.0,-27.70555474134872,-51.10923100023636,957.5571810289254,4.0,344.71762,23.559128,20,gps,0.8,1.2,1.5,3.6,,,,84,,23.62653671754347,1.0
254,1577399126.0,-27.705352015696285,-51.10929377886655,956.8053316300402,4.0,344.6831,23.369997,21,gps,0.9,1.3,1.6,3.6,,,,84,,23.302642426587116,1.0
255,1577399127.0,-27.705149910379827,-51.109349887483766,955.8619868860512,4.0,346.0479,23.097385,21,gps,0.9,1.3,1.6,3.6,,,,84,,23.06979980445864,1.0
256,1577399128.0,-27.704949390308744,-51.10939488905818,954.8543959739244,6.0,348.60986,22.644493,21,gps,0.8,1.2,1.4,3.6,,,,84,,22.659514225843143,1.0
257,1577399129.0,-27.704748449876995,-51.10942315150928,953.8008484498184,4.0,352.88428,22.498016,20,gps,0.7,1.3,1.5,3.6,,,,84,,22.440950906542025,1.0
258,1577399130.0,-27.704547057126764,-51.10944482783053,953.5941810547644,8.0,0.5406636,22.127459,20,gps,1.0,1.3,1.6,3.6,,,,84,,22.41944597030299,1.0
259,1577399131.0,-27.70434139495877,-51.1094274024596,952.5928898837334,6.0,3.1524649,22.585678,20,gps,0.9,1.5,1.7,3.6,,,,84,,22.85510227959356,1.0
260,1577399132.0,-27.704137384624865,-51.10939177086889,951.6006620939536,6.0,8.034002,22.991013,20,gps,0.8,1.2,1.5,3.6,,,,84,,22.878863085108,1.0
261,1577399133.0,-27.70392940073996,-51.10934688042602,950.7044970847752,6.0,10.277331,23.594995,20,gps,0.9,1.4,1.6,3.6,,,,84,,23.469086053762787,1.0
262,1577399134.0,-27.703713484249977,-51.10930849418905,949.5485292235998,6.0,8.920664,24.034063,20,gps,0.9,1.3,1.6,3.6,,,,84,,24.22440514210125,1.0
263,1577399135.0,-27.703497098149,-51.109282699717866,948.8689894552216,4.0,5.4221787,24.357773,19,gps,0.9,1.4,1.6,3.6,,,,84,,24.113342728888284,1.0
264,1577399136.0,-27.703269440132733,-51.10927557941846,947.6974772349348,4.0,1.1804328,24.756893,19,gps,0.9,1.4,1.6,3.6,,,,84,,25.237624067207506,1.0
265,1577399137.0,-27.703045255486025,-51.10929032292588,947.0046126840774,4.0,356.47015,25.048954,20,gps,0.9,1.4,1.6,3.6,,,,84,,24.885472308718214,1.0
266,1577399138.0,-27.70281756993834,-51.1093230423028,946.6055948927556,4.0,352.02438,25.340605,20,gps,0.9,1.3,1.6,3.6,,,,84,,25.43644344495973,1.0
267,1577399139.0,-27.7025916300738,-51.109378080565456,946.3329016885708,4.0,347.3555,25.483974,20,gps,0.8,1.2,1.4,3.6,,,,84,,25.619174542835975,1.0
268,1577399140.0,-27.70237307635104,-51.10945613271453,946.0840238853316,4.0,342.23004,25.552118,20,gps,0.8,1.2,1.4,3.6,,,,84,,25.41303539108385,1.0
269,1577399141.0,-27.70216356099599,-51.10955150978059,946.1138601746452,4.0,337.2812,25.096449,20,gps,0.8,1.2,1.4,3.6,,,,84,,25.050757815063356,1.0
270,1577399142.0,-27.70196782731701,-51.10966820526527,946.4851785127591,4.0,332.4159,24.514944,21,gps,0.8,1.2,1.4,3.6,,,,84,,24.55480876092432,1.0
271,1577399144.0,-27.70160353277402,-51.10995181277302,947.5417232636725,4.0,322.97235,24.59378,21,gps,0.8,1.4,1.6,3.6,,,,84,,49.113499164298574,2.0
272,1577399145.0,-27.701434061982702,-51.11011611547471,948.4459523061764,4.0,319.30716,24.792297,21,gps,0.8,1.2,1.5,3.6,,,,84,,24.80521528795136,1.0
273,1577399146.0,-27.701269933822022,-51.11028837103599,949.1830810378026,4.0,316.75922,24.788086,21,gps,0.8,1.2,1.5,3.6,,,,84,,24.888785430762585,1.0
274,1577399147.0,-27.701107573786484,-51.1104604708948,949.7915997654486,4.0,316.52017,24.6858,21,gps,0.8,1.2,1.4,3.6,,,,84,,24.735441171959373,1.0
275,1577399148.0,-27.700943208895247,-51.11062338296401,950.5106622671108,4.0,318.48364,24.2509,21,gps,0.8,1.2,1.5,3.6,,,,84,,24.28873924118378,1.0
276,1577399149.0,-27.70077553696365,-51.11076892638745,951.1410042524096,4.0,322.41,23.480042,21,gps,0.8,1.2,1.5,3.6,,,,84,,23.47996433909769,1.0
277,1577399150.0,-27.70060311452085,-51.110895478278174,951.9390323546723,4.0,326.80753,22.740515,20,gps,0.8,1.2,1.4,3.6,,,,84,,22.82274683784969,1.0
278,1577399151.0,-27.700427406283403,-51.11100921018294,952.6851919231668,4.0,330.1127,22.499987,21,gps,0.8,1.2,1.5,3.6,,,,84,,22.471258210965534,1.0
279,1577399152.0,-27.70024625030951,-51.11111063327132,953.3329254962806,4.0,333.72885,22.492586,21,gps,0.8,1.2,1.4,3.6,,,,84,,22.42916499810712,1.0
280,1577399153.0,-27.700058062917144,-51.1111978274128,954.1219079321088,4.0,337.60864,22.55417,21,gps,0.8,1.2,1.4,3.6,,,,84,,22.557688608672567,1.0
281,1577399154.0,-27.699865957603127,-51.11127060203648,954.9213171625936,4.0,341.58365,22.51917,21,gps,0.8,1.3,1.6,3.6,,,,84,,22.465655345653143,1.0
282,1577399155.0,-27.699669826382205,-51.11132719894049,955.6901106212656,4.0,345.6517,22.49289,21,gps,0.8,1.2,1.5,3.6,,,,84,,22.43965708470929,1.0
283,1577399156.0,-27.6994696902888,-51.11136622554371,956.2387643972536,4.0,350.10275,22.52436,21,gps,0.8,1.2,1.5,3.6,,,,84,,22.509580920450425,1.0
284,1577399157.0,-27.69926675558779,-51.11139135836704,956.8281903665772,4.0,353.68872,22.613663,21,gps,0.8,1.2,1.5,3.6,,,,84,,22.624349902941383,1.0
285,1577399158.0,-27.699061130717578,-51.111403065091245,957.2564117963058,4.0,357.22995,22.884989,21,gps,0.8,1.2,1.4,3.6,,,,84,,22.81547872879726,1.0
286,1577399159.0,-27.69885326856588,-51.1113981483322,957.518039898782,4.0,1.2951131,23.022455,21,gps,0.8,1.2,1.4,3.6,,,,84,,23.039268618898557,1.0
287,1577399160.0,-27.698645420258963,-51.11137507615007,957.7234333575494,4.0,5.5937514,23.232124,21,gps,0.8,1.1,1.4,3.6,,,,84,,23.14477973826226,1.0
288,1577399161.0,-27.69843778923481,-51.11133759053604,957.8034995353028,4.0,9.14885,23.329605,21,gps,0.8,1.1,1.4,3.6,,,,84,,23.303731419246397,1.0
289,1577399162.0,-27.698231415643743,-51.11129016012848,957.7103030990248,4.0,11.364437,23.369658,21,gps,0.8,1.1,1.4,3.6,,,,84,,23.342812212149088,1.0
290,1577399163.0,-27.69802443934345,-51.11123852547328,957.5799128294564,4.0,12.257204,23.48208,21,gps,0.8,1.1,1.4,3.6,,,,84,,23.49464190040252,1.0
291,1577399165.0,-27.69760660941444,-51.11113749849624,956.8690157261864,4.0,11.962619,23.720278,21,gps,0.8,1.1,1.4,3.6,,,,84,,47.36180060881509,2.0
292,1577399166.0,-27.69739729948374,-51.11108838599705,956.4216859960952,4.0,11.677148,23.726152,21,gps,0.8,1.2,1.4,3.6,,,,84,,23.69505579907117,1.0
293,1577399167.0,-27.697189299653747,-51.11104251677331,955.8431723274372,4.0,11.033519,23.493692,20,gps,0.8,1.2,1.4,3.6,,,,84,,23.489254653677257,1.0
294,1577399168.0,-27.69698276818912,-51.11100597862523,955.3126153249642,4.0,8.83761,23.217972,20,gps,0.8,1.2,1.4,3.6,,,,84,,23.16871788533264,1.0
295,1577399169.0,-27.69677697483175,-51.1109828651575,954.752253052857,4.0,5.6515627,22.963596,20,gps,0.8,1.2,1.4,3.6,,,,84,,22.918578123393743,1.0
296,1577399170.0,-27.696572502034087,-51.11097440802418,954.2754384763476,4.0,2.1216834,22.710833,20,gps,0.8,1.2,1.4,3.6,,,,84,,22.67391656913409,1.0
297,1577399171.0,-27.69636825301194,-51.11098054846157,953.6643187993302,4.0,358.43466,22.685877,20,gps,0.8,1.2,1.4,3.6,,,,84,,22.641870612668864,1.0
298,1577399172.0,-27.69616422104267,-51.111003648583065,953.1711003808592,4.0,354.27383,22.8241,21,gps,0.8,1.2,1.4,3.6,,,,84,,22.72423429568568,1.0
299,1577399173.0,-27.69595992583121,-51.111042221021926,952.5804899766574,4.0,350.4607,22.996504,21,gps,0.8,1.2,1.4,3.6,,,,84,,22.95636058049169,1.0
300,1577399174.0,-27.69575643576273,-51.11109503400282,951.9875786304724,4.0,347.01324,23.194569,21,gps,0.8,1.2,1.4,3.6,,,,84,,23.143553612239504,1.0
301,1577399175.0,-27.69555299167192,-51.11115686486546,951.6774705397644,4.0,344.91824,23.417637,21,gps,0.8,1.2,1.4,3.6,,,,84,,23.35493303583573,1.0
302,1577399176.0,-27.69534900879162,-51.11122348172184,951.4579618187736,4.0,343.91055,23.594755,21,gps,0.8,1.2,1.4,3.6,,,,84,,23.5399599108303,1.0
303,1577399177.0,-27.695160164320733,-51.11128400558582,951.3927667813116,4.0,344.2232,21.462296,21,gps,0.9,1.5,1.7,3.6,,,,84,,21.76159909033548,1.0
304,1577399178.0,-27.69501513146648,-51.11132866516697,951.3374925364742,4.0,344.63712,16.533304,20,gps,0.8,1.2,1.5,3.6,,,,84,,16.66451620364963,1.0
305,1577399179.0,-27.69491850737125,-51.11136643663963,951.5565774472552,4.0,340.8421,11.23199,20,gps,0.9,1.3,1.6,3.6,,,,84,,11.337026510171626,1.0
306,1577399180.0,-27.69485569289536,-51.11140984472619,951.5895466803388,4.0,328.45795,8.1301155,20,gps,0.8,1.3,1.6,3.6,,,,84,,8.172197695519166,1.0
307,1577399181.0,-27.69481689908612,-51.11146885685258,951.6265572206858,4.0,305.76096,7.1836414,20,gps,0.8,1.3,1.6,3.6,,,,84,,7.2361980432811395,1.0
308,1577399182.0,-27.69480084349281,-51.11152980286651,951.4441790253572,4.0,286.11612,6.24383,20,gps,0.8,1.3,1.6,3.6,,,,84,,6.269328733506674,1.0
309,1577399183.0,-27.69478410374781,-51.1115815752764,951.4738580318548,6.0,272.1758,5.0710187,19,gps,0.8,1.2,1.5,3.6,,,,84,,5.433185695820858,1.0
310,1577399184.0,-27.694784775290064,-51.11163222447245,950.9497188085484,8.0,265.4179,3.8521402,20,gps,0.8,1.2,1.4,3.6,,,,84,,4.996470293680068,1.0
311,1577399186.0,-27.6947788849966,-51.11170903503058,950.9210686458274,6.0,266.40225,3.7941961,20,gps,0.8,1.1,1.4,3.6,,,,84,,7.604476062943178,2.0
312,1577399187.0,-27.694774879808094,-51.111742447538255,950.999153088606,6.0,272.3503,3.4848602,21,gps,0.8,1.1,1.4,3.6,,,,84,,3.325481448612233,1.0
313,1577399188.0,-27.694774937423364,-51.11178014193976,951.021675199922,6.0,276.7585,3.8956454,21,gps,0.8,1.1,1.4,3.6,,,,84,,3.718091807555232,1.0
314,1577399189.0,-27.694764438351,-51.11182421477184,951.0259447144126,4.0,282.34207,4.7486253,21,gps,0.8,1.2,1.4,3.6,,,,84,,4.500234390809617,1.0
315,1577399190.0,-27.69474741406784,-51.111873785276586,951.1411406936888,4.0,287.60782,5.2124534,21,gps,0.8,1.1,1.4,3.6,,,,84,,5.240840670521379,1.0
316,1577399191.0,-27.69472633743494,-51.1119207678229,951.3815964889144,4.0,295.24384,5.388058,21,gps,0.8,1.1,1.4,3.6,,,,84,,5.189535129962609,1.0
317,1577399192.0,-27.69469706043468,-51.11196775267803,951.5220892061266,4.0,303.3309,5.7457943,21,gps,0.8,1.1,1.4,3.6,,,,84,,5.657205648189123,1.0
318,1577399193.0,-27.694662314850145,-51.11201584209129,951.754591253263,4.0,310.62546,6.230838,21,gps,0.8,1.2,1.5,3.6,,,,84,,6.109423877974007,1.0
319,1577399194.0,-27.69462112114098,-51.11206310473507,951.8828707819076,4.0,315.6941,6.701859,21,gps,0.8,1.2,1.5,3.6,,,,84,,6.524653082939962,1.0
320,1577399195.0,-27.694576969406825,-51.11211142298723,951.981680528752,4.0,316.70053,6.988153,20,gps,0.8,1.2,1.4,3.6,,,,84,,6.830290863509777,1.0
321,1577399196.0,-27.694529874143743,-51.11216157999592,952.30326718167,4.0,318.02658,7.189321,20,gps,0.8,1.2,1.4,3.6,,,,84,,7.191164288062942,1.0
322,1577399197.0,-27.694481103314267,-51.11221171646535,952.6934651475376,4.0,318.29208,7.368156,20,gps,0.8,1.2,1.5,3.6,,,,84,,7.325662909099589,1.0
323,1577399198.0,-27.694432372246,-51.1122597807216,953.3438349206552,4.0,318.8875,7.296962,20,gps,0.8,1.2,1.5,3.6,,,,84,,7.185950246236875,1.0
324,1577399199.0,-27.69438181354654,-51.1122988376582,954.0010830117704,6.0,321.54474,6.513724,20,gps,0.8,1.2,1.5,3.6,,,,84,,6.799359790245039,1.0
325,1577399200.0,-27.69433406533708,-51.11233364059309,954.841505029492,6.0,325.03262,6.207799,20,gps,0.8,1.2,1.4,3.6,,,,84,,6.307257802366182,1.0
326,1577399201.0,-27.694290649763385,-51.1123682109093,955.2362679667268,6.0,325.3083,5.976593,20,gps,0.9,1.3,1.6,3.6,,,,84,,5.89696596882936,1.0
327,1577399202.0,-27.69425031733262,-51.11239978119494,955.3674696780724,6.0,321.91565,5.7273264,20,gps,0.8,1.2,1.4,3.6,,,,84,,5.447284664932569,1.0
328,1577399203.0,-27.694213157098936,-51.11244295383285,955.6130130304116,4.0,313.94324,6.061702,20,gps,0.8,1.2,1.5,3.6,,,,84,,5.9238162313692,1.0
329,1577399204.0,-27.69417757154352,-51.11249866087586,955.7229546591328,4.0,306.29727,6.7029233,20,gps,0.8,1.2,1.5,3.6,,,,84,,6.763404518309051,1.0
330,1577399205.0,-27.694141866794933,-51.11256365588691,955.665053103648,4.0,302.29053,7.4164085,20,gps,0.8,1.2,1.5,3.6,,,,84,,7.533625448705151,1.0
331,1577399207.0,-27.69407548387696,-51.11270082695272,955.5882947608256,4.0,297.37457,7.513329,21,gps,0.8,1.4,1.6,3.6,,,,84,,15.400742503892316,2.0
332,1577399208.0,-27.69405171306351,-51.112767807839525,955.5770636024432,4.0,292.5376,7.005454,21,gps,0.8,1.4,1.6,3.6,,,,84,,7.112636598695817,1.0
333,1577399209.0,-27.694034826430435,-51.11283925315245,955.290224186292,4.0,288.3178,7.1747017,21,gps,0.8,1.1,1.4,3.6,,,,84,,7.291456717123999,1.0
334,1577399210.0,-27.694020172407185,-51.11291324439052,955.1699627803732,4.0,281.64542,7.3114514,21,gps,0.8,1.1,1.4,3.6,,,,84,,7.476843252448079,1.0
335,1577399211.0,-27.694011654567525,-51.11299194079131,955.0347907499172,4.0,277.18622,7.66436,21,gps,0.8,1.2,1.5,3.6,,,,84,,7.819657462675905,1.0
336,1577399212.0,-27.69400695479171,-51.11307136212032,955.2703712219812,4.0,274.28064,7.85933,22,gps,0.8,1.2,1.4,3.6,,,,84,,7.851278528930997,1.0
337,1577399213.0,-27.69400841491765,-51.11315368161486,954.9487260799189,4.0,268.3586,8.076528,20,gps,0.9,1.3,1.6,3.6,,,,84,,8.121468343734726,1.0
338,1577399214.0,-27.69401466259463,-51.11323896358462,954.4416174345782,4.0,265.33063,8.33214,19,gps,0.9,1.3,1.6,3.6,,,,84,,8.440511926959614,1.0
339,1577399215.0,-27.69402175403516,-51.11332334315321,953.9738327143358,4.0,264.91776,8.291763,19,gps,0.9,1.3,1.6,3.6,,,,84,,8.360073430608143,1.0
340,1577399216.0,-27.69402915036716,-51.11340586106152,953.2195099332286,4.0,264.32022,8.175237,20,gps,0.8,1.2,1.4,3.6,,,,84,,8.180589145494995,1.0
341,1577399217.0,-27.69403378784669,-51.11348756290586,952.287098203118,4.0,266.5253,8.045756,20,gps,0.8,1.2,1.4,3.6,,,,84,,8.075299179797085,1.0
342,1577399218.0,-27.694036424691674,-51.11356819241178,951.347592284716,4.0,267.36563,7.8955903,20,gps,0.8,1.2,1.4,3.6,,,,84,,7.95852271902299,1.0
343,1577399219.0,-27.69403753232786,-51.11364738164795,950.5573645202592,4.0,269.06232,7.71519,20,gps,0.8,1.2,1.4,3.6,,,,84,,7.812055203134687,1.0
344,1577399220.0,-27.694034557502818,-51.113723081898335,949.8724328319746,4.0,272.87997,7.4393373,20,gps,0.8,1.2,1.4,3.6,,,,84,,7.4742166657984335,1.0
345,1577399221.0,-27.69402467211269,-51.11379329653731,949.1937248213196,4.0,278.512,6.986426,20,gps,0.8,1.2,1.4,3.6,,,,84,,7.0119491858101215,1.0
346,1577399222.0,-27.694015410073074,-51.11386196364206,948.2078676483588,4.0,278.5959,6.758698,20,gps,0.8,1.3,1.5,3.6,,,,84,,6.850530192130608,1.0
347,1577399223.0,-27.69401022902088,-51.11393359979549,947.0766004374884,4.0,274.32312,7.0436616,20,gps,0.8,1.2,1.5,3.6,,,,84,,7.089355893758326,1.0
348,1577399224.0,-27.69401772978157,-51.11401248850642,946.2908675301512,4.0,263.62616,7.785521,20,gps,0.8,1.2,1.4,3.6,,,,84,,7.8257162180956925,1.0
349,1577399225.0,-27.694039530714832,-51.11409235530342,945.4839851797958,4.0,252.82549,8.2402935,20,gps,0.8,1.2,1.4,3.6,,,,84,,8.240029251719863,1.0
350,1577399226.0,-27.694071522124208,-51.11416762955743,945.1048226154126,4.0,244.03369,8.226353,19,gps,0.9,1.3,1.6,3.6,,,,84,,8.22783697245475,1.0
351,1577399228.0,-27.694157065643225,-51.11429261894266,943.949787223642,4.0,228.47874,7.6896877,18,gps,1.0,1.4,1.7,3.6,,,,84,,15.551780042382484,2.0
352,1577399229.0,-27.69420502906064,-51.1143514352203,942.8242916096832,6.0,227.43962,7.899977,18,gps,1.3,1.8,2.2,3.6,,,,84,,7.86812785092363,1.0
353,1577399230.0,-27.69425119859573,-51.11441303519543,941.9890724924968,6.0,229.31729,7.978798,19,gps,1.0,1.4,1.7,3.6,,,,84,,7.9432444522627,1.0
354,1577399231.0,-27.69430083476169,-51.1144809044842,940.8814069488355,6.0,230.48233,8.670463,19,gps,1.1,1.7,2.0,3.6,,,,84,,8.66433925257808,1.0
355,1577399232.0,-27.69434372479648,-51.114546363413545,941.2538196856534,6.0,232.32333,8.538149,19,gps,1.0,1.4,1.8,3.6,,,,84,,8.017417019336005,1.0
356,1577399233.0,-27.69438542923172,-51.11461750642536,941.0817553683586,8.0,233.95671,8.775868,19,gps,0.9,1.3,1.6,3.6,,,,84,,8.402489687842616,1.0
357,1577399234.0,-27.694440119401584,-51.114697924682325,940.5447277642892,8.0,234.31696,9.946298,19,gps,1.0,1.4,1.7,3.6,,,,84,,9.982510158159736,1.0
358,1577399235.0,-27.69449526431632,-51.11478143687034,939.9068349876616,8.0,235.21333,9.471197,19,gps,0.9,1.6,1.9,3.6,,,,84,,10.256629853373282,1.0
359,1577399236.0,-27.69454082643119,-51.114862381441256,939.4469932421064,8.0,234.37888,8.880051,19,gps,1.0,1.4,1.7,3.6,,,,84,,9.44665444272661,1.0
360,1577399237.0,-27.69458347732784,-51.11493106594856,938.7548514667444,8.0,235.04938,8.946359,19,gps,0.9,1.5,1.7,3.6,,,,84,,8.260594434169143,1.0
361,1577399238.0,-27.694635015204653,-51.11500995221631,937.2011410301636,8.0,234.45688,9.575609,19,gps,1.0,1.4,1.7,3.6,,,,84,,9.65213639500379,1.0
362,1577399239.0,-27.694690631832565,-51.1150934909903,935.9881781159148,8.0,233.13939,9.985972,19,gps,1.1,1.6,1.9,3.6,,,,84,,10.28994759085498,1.0
363,1577399240.0,-27.69474276771401,-51.115169916081854,935.168183986867,8.0,233.24156,9.828097,18,gps,1.1,1.4,1.8,3.6,,,,84,,9.497678257963688,1.0
364,1577399241.0,-27.69479170395977,-51.11525005401129,934.3322920610236,6.0,233.67497,9.35593,19,gps,1.0,1.6,1.9,3.6,,,,84,,9.585939162802797,1.0
365,1577399242.0,-27.69483732431636,-51.11532695360829,933.7271952112334,6.0,237.13448,8.654433,19,gps,1.0,1.3,1.6,3.6,,,,84,,9.115491427398505,1.0
366,1577399243.0,-27.694862647706984,-51.11540064155286,933.1992097270044,6.0,249.95728,7.3734765,19,gps,1.3,1.6,2.1,3.6,,,,84,,7.791301784697183,1.0
367,1577399244.0,-27.69487102035293,-51.115460925319326,933.1551436971138,6.0,261.08044,5.8833427,19,gps,0.9,1.5,1.8,3.6,,,,84,,6.018192047502894,1.0
368,1577399245.0,-27.69487199535035,-51.11552184972598,933.6027395973008,6.0,265.84943,5.7872057,19,gps,1.0,1.7,2.0,3.6,,,,84,,6.010404809596409,1.0
369,1577399246.0,-27.694868872551044,-51.1155754945183,933.380811135449,8.0,269.26752,5.1008854,19,gps,1.0,1.5,1.8,3.6,,,,84,,5.302694062947911,1.0
370,1577399247.0,-27.694868521576243,-51.11562110846215,932.7207285844432,8.0,281.62842,4.7014456,20,gps,1.1,1.5,1.8,3.6,,,,84,,4.49941544578529,1.0
371,1577399249.0,-27.694819783901217,-51.11573464942393,934.7658416463746,8.0,316.31015,7.054512,18,gps,1.0,1.5,1.8,3.6,,,,84,,12.43365431468791,2.0
372,1577399250.0,-27.694759991769555,-51.11579748953281,935.3592110969928,12.0,310.81158,8.052769,18,gps,1.1,1.5,1.9,3.6,,,,84,,9.073140118967128,1.0
373,1577399251.0,-27.694695624537367,-51.115876103787855,935.3792147441897,12.0,309.1502,8.772404,19,gps,1.2,1.6,2.0,3.6,,,,84,,10.535975851001256,1.0
374,1577399252.0,-27.694632946707014,-51.115952310136464,935.6920285338822,12.0,307.959,9.495658,19,gps,1.1,1.6,2.0,3.6,,,,84,,10.234459876955942,1.0
375,1577399253.0,-27.694573335942028,-51.116027468103646,935.2990606905956,12.0,306.73178,10.183832,18,gps,1.0,1.5,1.8,3.6,,,,84,,9.92947741940534,1.0
376,1577399254.0,-27.6945232867578,-51.11611927785719,933.0006179320336,12.0,302.50528,10.042403,17,gps,1.1,1.5,1.9,3.6,,,,84,,10.619306957800331,1.0
377,1577399255.0,-27.694486799349217,-51.11622383865443,930.587456032521,12.0,300.05435,9.235614,17,gps,1.0,1.5,1.8,3.6,,,,84,,11.077907160412485,1.0
378,1577399256.0,-27.694445158880164,-51.1163046604413,929.895231546579,12.0,300.09888,8.713974,17,gps,0.9,1.3,1.6,3.6,,,,84,,9.211224264743333,1.0
379,1577399257.0,-27.694411516900068,-51.11636756773833,929.0944419207948,8.0,297.12173,7.8015947,17,gps,0.9,1.3,1.6,3.6,,,,84,,7.238835181628481,1.0
380,1577399258.0,-27.69438412892705,-51.11642960277683,927.6245942706412,8.0,294.99173,6.9778457,17,gps,0.8,1.3,1.5,3.6,,,,84,,6.830331007087495,1.0
381,1577399259.0,-27.69435256184396,-51.11648075413967,926.7523404577762,8.0,294.0652,7.019443,17,gps,0.9,1.5,1.8,3.6,,,,84,,6.139494368506618,1.0
382,1577399260.0,-27.6943317500128,-51.11655217627066,925.885745374772,8.0,294.02817,7.2344775,17,gps,0.8,1.3,1.5,3.6,,,,84,,7.41282314490721,1.0
383,1577399261.0,-27.69430611110312,-51.11661591109855,923.8954332107804,6.0,293.09183,7.0645823,17,gps,0.8,1.3,1.5,3.6,,,,84,,6.898879401659085,1.0
384,1577399262.0,-27.694279635434143,-51.11668147244518,922.9882688559544,6.0,292.5542,7.2035766,17,gps,0.9,1.3,1.5,3.6,,,,84,,7.101251814409925,1.0
385,1577399263.0,-27.69425350694693,-51.11674736204497,921.8721554938438,6.0,292.74982,7.105358,17,gps,0.9,1.6,1.8,3.6,,,,84,,7.115008537738852,1.0
386,1577399264.0,-27.694229565938933,-51.11682771909752,920.7220486215664,8.0,284.82907,6.6777606,17,gps,1.0,1.5,1.8,3.6,,,,84,,8.358480015796214,1.0
387,1577399265.0,-27.694221811743244,-51.11688827736968,920.9004926480548,8.0,293.01147,7.086232,17,gps,1.0,1.5,1.8,3.6,,,,84,,6.034842011261965,1.0
388,1577399266.0,-27.69419747473809,-51.116953694013816,920.085812066627,8.0,292.32648,6.9471426,17,gps,0.8,1.2,1.5,3.6,,,,84,,6.993494947549023,1.0
389,1577399267.0,-27.6941679657182,-51.117034841566586,919.4305688714938,8.0,293.54538,7.777969,17,gps,0.8,1.3,1.5,3.6,,,,84,,8.646445963043899,1.0
390,1577399268.0,-27.694138047991576,-51.117113104330826,918.1520852313068,8.0,293.6995,7.8776064,18,gps,0.8,1.2,1.5,3.6,,,,84,,8.401491759184427,1.0
391,1577399270.0,-27.694083553570547,-51.11726141981989,915.3323512115086,8.0,294.30307,7.8589463,20,gps,0.9,1.5,1.8,3.6,,,,84,,15.826916908479312,2.0
392,1577399271.0,-27.69405222433857,-51.11733604707589,913.8054886469772,6.0,295.1881,8.096225,19,gps,0.9,1.5,1.7,3.6,,,,84,,8.13872070269704,1.0
393,1577399272.0,-27.69402230967515,-51.117406241285614,912.494808189416,6.0,295.62503,8.124464,21,gps,1.0,1.4,1.7,3.6,,,,84,,7.676496970993395,1.0
394,1577399273.0,-27.693991265500703,-51.11747997738235,911.0626595533802,6.0,296.04004,8.122935,21,gps,0.8,1.2,1.5,3.6,,,,84,,8.045750862179094,1.0
395,1577399274.0,-27.693962099077527,-51.11755845499754,909.6593659568572,6.0,295.05328,8.251057,21,gps,0.9,1.4,1.7,3.6,,,,84,,8.388551712219261,1.0
396,1577399275.0,-27.69393445835776,-51.1176396049434,908.5324125343676,4.0,292.55685,8.400236,21,gps,0.8,1.2,1.5,3.6,,,,84,,8.570526457273946,1.0
397,1577399276.0,-27.693903694101703,-51.11771983810078,907.5812550443428,4.0,293.284,8.539887,21,gps,0.8,1.2,1.5,3.6,,,,84,,8.61711370106571,1.0
398,1577399277.0,-27.693872433379035,-51.11779532715299,907.280119002468,8.0,287.7896,8.666587,21,gps,0.8,1.2,1.5,3.6,,,,84,,8.212490659859359,1.0
399,1577399278.0,-27.69384806326897,-51.11788177350744,906.3020135991896,8.0,290.26437,8.788911,21,gps,0.8,1.2,1.4,3.6,,,,84,,8.944363957009523,1.0
400,1577399279.0,-27.693821256941845,-51.11796846942385,905.5778778831058,8.0,291.44183,8.879511,21,gps,0.9,1.3,1.6,3.6,,,,84,,9.052795510938235,1.0
401,1577399280.0,-27.69379299068634,-51.11805772392198,904.2214786381488,8.0,286.21713,9.001845,20,gps,0.8,1.3,1.5,3.6,,,,84,,9.344546713628878,1.0
402,1577399281.0,-27.693772642018462,-51.118144026357,903.4039173508615,6.0,285.545,8.897287,20,gps,0.9,1.2,1.5,3.6,,,,84,,8.806333943225772,1.0
403,1577399282.0,-27.6937508567407,-51.118232336929886,901.6076820827368,6.0,286.0831,9.044482,20,gps,0.8,1.3,1.5,3.6,,,,84,,9.039164074774744,1.0
404,1577399283.0,-27.69372767477724,-51.118323853231104,900.6836858627005,6.0,285.2624,9.434338,20,gps,0.8,1.3,1.5,3.6,,,,84,,9.385447134172372,1.0
405,1577399284.0,-27.69370154723042,-51.11841959959766,899.845933425505,6.0,285.78162,9.740057,20,gps,0.9,1.4,1.7,3.6,,,,84,,9.87812544410262,1.0
406,1577399285.0,-27.693675865711395,-51.118518304829855,899.0119981217744,4.0,285.54907,9.967615,20,gps,0.9,1.4,1.7,3.6,,,,84,,10.143550080582695,1.0
407,1577399286.0,-27.69365047714897,-51.11861661967047,898.5005222499027,4.0,286.10883,10.036239,20,gps,0.9,1.4,1.7,3.6,,,,84,,10.097503605571612,1.0
408,1577399287.0,-27.69362904961097,-51.118715370511495,897.7473219635101,4.0,285.64954,9.913518,19,gps,0.8,1.2,1.5,3.6,,,,84,,10.025887400296082,1.0
409,1577399288.0,-27.693605636020635,-51.11881024876125,897.2222285530389,4.0,285.57828,9.647924,20,gps,0.8,1.2,1.5,3.6,,,,84,,9.711661409912455,1.0
410,1577399289.0,-27.693583601367536,-51.11890372822681,896.7529655367675,4.0,284.4896,9.4180765,20,gps,0.8,1.2,1.5,3.6,,,,84,,9.538519205201952,1.0
411,1577399291.0,-27.693541419388264,-51.11908227930176,895.7275441389525,4.0,283.85007,9.01865,20,gps,0.8,1.2,1.5,3.6,,,,84,,18.221801790360026,2.0
412,1577399292.0,-27.69351669548,-51.11916850017816,894.7787945999955,4.0,286.28345,8.998006,20,gps,0.8,1.2,1.5,3.6,,,,84,,8.935131720156399,1.0
413,1577399293.0,-27.693492658824777,-51.11926120913829,893.4195531007217,4.0,285.46454,9.509964,20,gps,0.8,1.2,1.5,3.6,,,,84,,9.524721380824554,1.0
414,1577399294.0,-27.693474403103163,-51.1193593447475,892.613621653331,4.0,283.72736,9.8091135,20,gps,0.8,1.2,1.5,3.6,,,,84,,9.889109717750118,1.0
415,1577399295.0,-27.69345374661756,-51.11945599575079,892.0745492076762,4.0,283.1569,9.772749,20,gps,0.8,1.2,1.5,3.6,,,,84,,9.804492526059214,1.0
416,1577399296.0,-27.69343303080296,-51.119551238025984,891.6934349927108,4.0,284.0335,9.590023,20,gps,0.8,1.2,1.5,3.6,,,,84,,9.670992011770467,1.0
417,1577399297.0,-27.6934113485798,-51.119642923369256,891.4166713590545,4.0,284.79538,9.310318,19,gps,0.8,1.2,1.5,3.6,,,,84,,9.35746530803605,1.0
418,1577399298.0,-27.693387537271057,-51.11973091483426,890.9283404232399,4.0,286.40558,9.056128,19,gps,0.8,1.4,1.6,3.6,,,,84,,9.07160512458509,1.0
419,1577399299.0,-27.693360860432595,-51.11981501316112,890.4599883536152,4.0,289.47644,8.712033,20,gps,0.8,1.2,1.5,3.6,,,,84,,8.806366594792959,1.0
420,1577399300.0,-27.69332895053821,-51.11989369560932,890.2236666376035,4.0,293.83774,8.469643,20,gps,0.8,1.2,1.5,3.6,,,,84,,8.528735365558774,1.0
421,1577399301.0,-27.693297739133563,-51.11997116973791,889.8541269166163,4.0,293.95267,8.35619,20,gps,0.9,1.4,1.6,3.6,,,,84,,8.388211397004405,1.0
422,1577399302.0,-27.69327108965613,-51.12005089488488,889.3291479837546,4.0,291.43726,8.31476,20,gps,0.8,1.2,1.5,3.6,,,,84,,8.400219186586776,1.0
423,1577399303.0,-27.693250126330383,-51.12013183987713,888.9520311165218,4.0,287.2161,8.24928,20,gps,0.8,1.2,1.5,3.6,,,,84,,8.315412142453603,1.0
424,1577399304.0,-27.69322803914596,-51.12021289329294,889.1073482197843,4.0,282.8651,8.137008,20,gps,0.8,1.2,1.5,3.6,,,,84,,8.361287736117326,1.0
425,1577399305.0,-27.693214614021084,-51.12029670170469,888.571226386753,4.0,279.1563,8.26431,20,gps,0.8,1.2,1.5,3.6,,,,84,,8.399577243300246,1.0
426,1577399306.0,-27.693208988245345,-51.12038447141003,888.1163555751147,4.0,275.44968,8.419475,20,gps,0.8,1.2,1.5,3.6,,,,84,,8.67993555930549,1.0
427,1577399307.0,-27.69320413803361,-51.12047151435672,887.5175440772696,4.0,274.0826,8.520793,20,gps,0.8,1.2,1.5,3.6,,,,84,,8.602638947574729,1.0
428,1577399308.0,-27.69319645569526,-51.12055665625682,887.1295600426905,4.0,275.12427,8.588777,20,gps,0.8,1.2,1.5,3.6,,,,84,,8.44135297685243,1.0
429,1577399309.0,-27.693191583554217,-51.120643447460445,886.852374897978,4.0,274.39627,8.639602,20,gps,0.8,1.2,1.5,3.6,,,,84,,8.578009490844348,1.0
430,1577399310.0,-27.69318517447419,-51.12073013768545,886.7745463387956,4.0,274.0616,8.668812,20,gps,0.8,1.2,1.5,3.6,,,,84,,8.58048517591051,1.0
431,1577399311.0,-27.693181020231982,-51.12081676535094,886.5900466347114,4.0,272.84903,8.578023,20,gps,0.9,1.4,1.6,3.6,,,,84,,8.557262907308642,1.0
432,1577399312.0,-27.69318247654764,-51.12090133289434,886.5773305020853,4.0,269.88278,8.373745,20,gps,0.9,1.4,1.6,3.6,,,,84,,8.343223850097164,1.0
433,1577399313.0,-27.69318415229725,-51.12098159545362,886.7119503443489,4.0,270.41098,7.163826,20,gps,0.9,1.4,1.6,3.6,,,,84,,7.919200740185229,1.0
434,1577399314.0,-27.693177476470805,-51.12105239368394,886.2714067813266,4.0,275.9322,6.91398,20,gps,0.8,1.2,1.5,3.6,,,,84,,7.022544981027347,1.0
435,1577399315.0,-27.69316707835532,-51.12111696465467,885.8081505988662,4.0,280.5591,6.429316,20,gps,0.8,1.2,1.5,3.6,,,,84,,6.472609685311894,1.0
436,1577399316.0,-27.69315790194097,-51.12117526935753,885.9898522351839,4.0,291.595,5.5314407,20,gps,0.8,1.2,1.5,3.6,,,,84,,5.84032958923345,1.0
437,1577399317.0,-27.693134013546644,-51.12121763566831,885.7655192720492,4.0,302.3228,4.75107,20,gps,0.8,1.2,1.5,3.6,,,,84,,4.946856996978851,1.0
438,1577399318.0,-27.6931049436715,-51.12124552354255,885.6467411370868,4.0,316.8327,4.140306,20,gps,0.8,1.2,1.5,3.6,,,,84,,4.2360692001928095,1.0
439,1577399319.0,-27.69307549780843,-51.12126278206355,885.672596604327,4.0,332.71854,3.6337323,20,gps,0.8,1.2,1.5,3.6,,,,84,,3.6804087230599714,1.0
440,1577399320.0,-27.69304360680011,-51.12127241846437,885.7226500754482,4.0,346.41556,3.810139,20,gps,0.8,1.2,1.5,3.6,,,,84,,3.6595851079034394,1.0
441,1577399321.0,-27.693001541329544,-51.12127025042263,885.9243927251733,4.0,359.37006,4.747569,20,gps,0.8,1.2,1.5,3.6,,,,84,,4.666367781964475,1.0
442,1577399322.0,-27.692960728807726,-51.12126797917762,885.9218182779011,4.0,0.12347149,4.680458,20,gps,0.8,1.2,1.5,3.6,,,,84,,4.528165441329234,1.0
443,1577399323.0,-27.69291726590232,-51.12126436807839,885.7553449156031,4.0,2.9534814,4.84543,20,gps,0.8,1.2,1.5,3.6,,,,84,,4.829474363749796,1.0
444,1577399324.0,-27.69287169433393,-51.12125921617366,885.4265754910493,4.0,3.4198155,5.2532587,20,gps,0.8,1.2,1.5,3.6,,,,84,,5.075496001370158,1.0
445,1577399325.0,-27.69281940620871,-51.12125542118878,884.7034877280191,4.0,1.6325616,5.97808,20,gps,0.8,1.2,1.5,3.6,,,,84,,5.80636248966329,1.0
446,1577399326.0,-27.69276136387658,-51.121254421913534,883.9741004387598,4.0,1.4443678,6.4408,20,gps,0.8,1.2,1.5,3.6,,,,84,,6.432688105981053,1.0
447,1577399327.0,-27.692703405856488,-51.12124653125143,883.5654911395657,4.0,5.9620247,6.504736,20,gps,0.8,1.3,1.5,3.6,,,,84,,6.469579491537584,1.0
448,1577399328.0,-27.69264889925721,-51.12123497436206,883.2494072288044,4.0,11.301076,6.254769,20,gps,0.8,1.2,1.5,3.6,,,,84,,6.146755186348711,1.0
449,1577399329.0,-27.692598665022835,-51.121222036051,883.3429891808448,4.0,11.162178,5.6284447,20,gps,0.8,1.2,1.5,3.6,,,,84,,5.7111042562353695,1.0
450,1577399330.0,-27.692555435839363,-51.121215616610186,883.194779480794,4.0,7.3804154,5.1653953,20,gps,0.8,1.2,1.5,3.6,,,,84,,4.832089426608255,1.0
451,1577399331.0,-27.6925152465572,-51.12121072812649,883.0371512530395,4.0,5.1408653,4.6663218,20,gps,0.8,1.3,1.5,3.6,,,,84,,4.479584029104251,1.0
452,1577399332.0,-27.69247260061593,-51.12120711530903,882.665161427002,4.0,1.1933821,4.4361033,20,gps,0.8,1.2,1.5,3.6,,,,84,,4.7392066984674095,1.0
453,1577399333.0,-27.692435174392767,-51.12120457944739,882.9384913814225,4.0,1.0953385,4.8229685,20,gps,0.8,1.2,1.5,3.6,,,,84,,4.154904858125639,1.0
454,1577399334.0,-27.6923921722355,-51.12121022429186,883.0135174841084,4.0,354.8746,4.975748,20,gps,0.8,1.2,1.5,3.6,,,,84,,4.7976831780410105,1.0
455,1577399335.0,-27.692340920035143,-51.12122085993574,882.8143821341812,4.0,348.51654,5.548133,20,gps,0.8,1.2,1.5,3.6,,,,84,,5.775567751692918,1.0
456,1577399336.0,-27.69229144733548,-51.121242005713725,882.847884924434,4.0,340.18253,5.9600577,20,gps,0.8,1.2,1.5,3.6,,,,84,,5.865676739833384,1.0
457,1577399337.0,-27.69223957474579,-51.12127318845551,883.0952413607075,4.0,331.38324,6.3187785,20,gps,0.8,1.2,1.5,3.6,,,,84,,6.519443044639605,1.0
458,1577399338.0,-27.6921926826839,-51.12131115033185,883.0221731562418,4.0,323.1785,6.2358212,20,gps,0.8,1.2,1.5,3.6,,,,84,,6.404955384351698,1.0
459,1577399339.0,-27.69214926607875,-51.12135326370223,883.1269169216638,4.0,318.62314,6.3720446,20,gps,0.8,1.3,1.5,3.6,,,,84,,6.356396181356877,1.0
460,1577399340.0,-27.692107967409232,-51.12140003673245,883.1457797401923,4.0,314.92517,6.5215607,20,gps,0.8,1.3,1.5,3.6,,,,84,,6.498494361204657,1.0
461,1577399341.0,-27.69206908169124,-51.12145228459434,883.1138797883491,4.0,310.17963,6.7377353,20,gps,0.8,1.2,1.5,3.6,,,,84,,6.717834641314839,1.0
462,1577399342.0,-27.69203253720228,-51.12150959103196,883.3104433278706,4.0,305.46933,6.839026,20,gps,0.8,1.2,1.5,3.6,,,,84,,6.953624002061065,1.0
463,1577399343.0,-27.69199869874524,-51.1215685903451,883.7063269940262,4.0,302.23492,6.922225,20,gps,0.8,1.2,1.5,3.6,,,,84,,6.923137299899336,1.0
464,1577399344.0,-27.69196564814777,-51.12162700520094,884.1056481687532,4.0,299.64667,6.3691936,20,gps,0.8,1.2,1.5,3.6,,,,84,,6.827518837465429,1.0
465,1577399345.0,-27.6919403501328,-51.12168348051351,884.7880676461995,4.0,295.62927,6.1849647,20,gps,0.8,1.2,1.5,3.6,,,,84,,6.236349604277377,1.0
466,1577399346.0,-27.69191679232745,-51.12173733943664,885.1470695302975,4.0,294.02695,5.810931,20,gps,0.8,1.2,1.5,3.6,,,,84,,5.919395845620621,1.0
467,1577399347.0,-27.691893795727665,-51.121786959271326,885.0711880348897,4.0,294.0062,5.7834682,20,gps,0.8,1.2,1.4,3.6,,,,84,,5.518184250484225,1.0
468,1577399348.0,-27.69187355662587,-51.121839133690784,885.2936951317675,4.0,293.63428,5.63109,20,gps,0.8,1.2,1.5,3.6,,,,84,,5.613957191725905,1.0
469,1577399349.0,-27.691851247580576,-51.121895273201616,885.7240805852317,4.0,294.33005,5.8948617,20,gps,0.8,1.2,1.5,3.6,,,,84,,6.064386562456465,1.0
470,1577399350.0,-27.69182800548078,-51.12195100350982,886.0268552300131,4.0,295.41913,6.017738,20,gps,0.8,1.2,1.5,3.6,,,,84,,6.070692042040146,1.0
471,1577399351.0,-27.691803131356743,-51.12200716972055,886.1163274126537,4.0,297.41415,6.0168233,21,gps,0.8,1.2,1.5,3.6,,,,84,,6.188069073460322,1.0
472,1577399352.0,-27.69177632630312,-51.12205983368856,886.0523651441573,4.0,297.45926,5.901514,21,gps,0.8,1.3,1.5,3.6,,,,84,,5.984066603852993,1.0
473,1577399353.0,-27.6917516302236,-51.122112657160535,886.1376533411259,4.0,298.54385,5.811053,21,gps,0.8,1.2,1.5,3.6,,,,84,,5.885491246722253,1.0
474,1577399354.0,-27.69172963288191,-51.12216604113643,886.1925671360966,4.0,295.08615,5.944146,21,gps,0.8,1.2,1.5,3.6,,,,84,,5.802655685260713,1.0
475,1577399356.0,-27.69168014428929,-51.1222760502231,886.3391939834949,4.0,297.36636,6.0519333,21,gps,0.8,1.2,1.5,3.6,,,,84,,12.158387967788553,2.0
476,1577399357.0,-27.69165423247722,-51.12233081037135,886.4241981889493,4.0,298.457,6.110739,21,gps,0.8,1.3,1.5,3.6,,,,84,,6.117340729434774,1.0
477,1577399358.0,-27.691626610814858,-51.12238597505287,886.4170390608964,4.0,299.71527,6.0856447,21,gps,0.8,1.2,1.5,3.6,,,,84,,6.243282141289996,1.0
478,1577399359.0,-27.69159690720137,-51.12243794371437,886.4075716082668,4.0,302.4178,6.1369004,21,gps,0.8,1.2,1.5,3.6,,,,84,,6.092013872020828,1.0
479,1577399360.0,-27.691564203901464,-51.12249106133248,886.2882146461383,4.0,304.33884,6.3722525,21,gps,0.8,1.2,1.5,3.6,,,,84,,6.370733113189912,1.0
480,1577399361.0,-27.691530286679583,-51.12254568786708,886.1430192086656,4.0,306.19263,6.577838,21,gps,0.8,1.2,1.5,3.6,,,,84,,6.569719976727227,1.0
481,1577399362.0,-27.69149342398442,-51.122602004745566,885.8140061705535,4.0,307.0716,6.78854,21,gps,0.8,1.2,1.5,3.6,,,,84,,6.895363011037845,1.0
482,1577399363.0,-27.69145468896659,-51.12265617139112,885.4505817432306,4.0,309.0478,6.841163,21,gps,0.8,1.2,1.5,3.6,,,,83,,6.853661827753436,1.0
483,1577399364.0,-27.6914143325024,-51.12270432911935,885.0343003715438,4.0,313.2105,6.5282025,21,gps,0.8,1.2,1.5,3.6,,,,83,,6.524181312890329,1.0
484,1577399365.0,-27.69137375536713,-51.122749571198064,884.638545927368,4.0,315.36346,6.401495,20,gps,0.9,1.3,1.6,3.6,,,,83,,6.335186941246404,1.0
485,1577399366.0,-27.69133090535572,-51.12278999086512,884.1805116334376,4.0,320.41653,6.2896514,20,gps,0.9,1.3,1.6,3.6,,,,83,,6.200297367295096,1.0
486,1577399367.0,-27.69128675961361,-51.122827054321895,883.9795059033395,4.0,322.659,6.2270317,20,gps,0.9,1.3,1.6,3.6,,,,83,,6.107179393689527,1.0
487,1577399368.0,-27.69123883207613,-51.122869491542815,883.5941092926362,4.0,321.90317,6.808775,21,gps,0.9,1.3,1.6,3.6,,,,83,,6.762422306026085,1.0
488,1577399369.0,-27.691186754195183,-51.122912703189954,883.4087972006186,4.0,322.96362,7.168703,20,gps,0.9,1.3,1.6,3.6,,,,83,,7.174439808076828,1.0
489,1577399370.0,-27.691135238646027,-51.12295727846876,883.2393911091458,4.0,322.22116,7.2179065,20,gps,0.8,1.3,1.5,3.6,,,,83,,7.205693985565016,1.0
490,1577399371.0,-27.69108508487525,-51.12300194266866,883.2567684186583,4.0,322.1126,6.9652185,20,gps,0.8,1.2,1.5,3.6,,,,83,,7.092185492847634,1.0
491,1577399372.0,-27.691042827193343,-51.12305198516384,883.1639792815436,4.0,313.94534,7.0185604,21,gps,0.8,1.2,1.5,3.6,,,,83,,6.804023594136955,1.0
492,1577399373.0,-27.69099828998274,-51.12310741894712,883.0913804496687,4.0,313.2422,7.4318833,20,gps,0.8,1.2,1.5,3.6,,,,83,,7.365959736487511,1.0
493,1577399374.0,-27.690946535963487,-51.12316478354094,883.0213204316208,4.0,315.73026,8.385504,20,gps,0.8,1.2,1.5,3.6,,,,83,,8.056672809336925,1.0
494,1577399376.0,-27.6908260256752,-51.12329011303997,882.7696436056929,4.0,316.6106,9.231258,20,gps,0.8,1.2,1.5,3.6,,,,83,,18.19812817895415,2.0
495,1577399377.0,-27.690764674713183,-51.12335610238758,882.6800195870534,4.0,316.22995,9.298746,20,gps,0.8,1.2,1.5,3.6,,,,83,,9.412290004714814,1.0
496,1577399378.0,-27.69070537866929,-51.12342028496064,882.6016960043205,4.0,315.97055,9.250272,20,gps,0.8,1.2,1.5,3.6,,,,83,,9.124603968746806,1.0
497,1577399379.0,-27.690646598198,-51.12348537943048,882.5072807779072,4.0,315.76764,9.171099,20,gps,0.8,1.2,1.5,3.6,,,,83,,9.146471218546044,1.0
498,1577399380.0,-27.69058949595368,-51.123551604748265,882.4307930124629,4.0,314.75003,9.063726,21,gps,0.8,1.2,1.5,3.6,,,,83,,9.094766256906713,1.0
499,1577399381.0,-27.690534104216287,-51.12361830112645,882.3881536998969,4.0,312.79935,8.944644,21,gps,0.8,1.2,1.5,3.6,,,,83,,8.997841419896224,1.0
500,1577399382.0,-27.69048013615982,-51.12368267730616,882.4326516525759,4.0,313.0458,8.786846,21,gps,0.8,1.2,1.5,3.6,,,,83,,8.722971172982044,1.0
501,1577399383.0,-27.6904243529209,-51.12374284965317,882.6042801874727,4.0,316.34912,8.701461,21,gps,0.8,1.2,1.5,3.6,,,,83,,8.569837693420833,1.0
502,1577399384.0,-27.6903667427969,-51.12379860045078,882.479589957824,4.0,319.72046,8.538474,21,gps,0.8,1.2,1.4,3.6,,,,83,,8.42607364450944,1.0
503,1577399385.0,-27.69030863321557,-51.123857281014594,882.3184593069395,4.0,318.33112,8.601702,21,gps,0.8,1.2,1.5,3.6,,,,83,,8.658556211514936,1.0
504,1577399386.0,-27.69025793517321,-51.12392391402189,882.1539658206298,4.0,310.61258,8.536304,21,gps,0.9,1.3,1.6,3.6,,,,83,,8.646639039213156,1.0
505,1577399387.0,-27.690215900115263,-51.12399518400959,881.9943751607199,4.0,303.74103,8.453456,21,gps,0.8,1.2,1.5,3.6,,,,83,,8.43335313174485,1.0
506,1577399388.0,-27.690171539474008,-51.12406757341924,881.8488015618269,4.0,294.99814,8.521845,21,gps,0.8,1.2,1.5,3.6,,,,83,,8.66911306585905,1.0
507,1577399389.0,-27.690141965722336,-51.12414739268896,881.7414554759082,4.0,292.46118,8.324238,21,gps,0.8,1.2,1.5,3.6,,,,83,,8.528321730272117,1.0
508,1577399390.0,-27.69011993035509,-51.1242269805196,881.7107801620735,4.0,287.1488,8.175885,21,gps,0.8,1.2,1.5,3.6,,,,83,,8.221669956700044,1.0
509,1577399391.0,-27.69010032363167,-51.12430592681967,881.8593221508105,4.0,286.95273,8.118239,21,gps,0.8,1.3,1.5,3.6,,,,83,,8.084823226780557,1.0
510,1577399392.0,-27.690088532517454,-51.1243825151757,882.1807637780703,4.0,279.92523,7.7461896,20,gps,0.8,1.3,1.5,3.6,,,,83,,7.666975624760655,1.0
511,1577399393.0,-27.690082464652185,-51.124461644456176,882.1738293094875,4.0,274.57526,7.6271152,20,gps,0.8,1.3,1.5,3.6,,,,83,,7.834366988032058,1.0
512,1577399394.0,-27.690086268603828,-51.12453763201957,882.5571458448566,4.0,266.7454,7.295604,20,gps,0.8,1.3,1.5,3.6,,,,83,,7.507396982087168,1.0
513,1577399395.0,-27.690091418234505,-51.12461085944907,882.3247974079015,4.0,264.45532,7.354976,20,gps,0.9,1.4,1.7,3.6,,,,83,,7.245794625514507,1.0
514,1577399397.0,-27.690102510785223,-51.12477150782713,882.4430523004017,4.0,265.89612,8.35882,20,gps,0.8,1.1,1.4,3.6,,,,83,,15.894253539601902,2.0
515,1577399398.0,-27.6901084625044,-51.1248613300057,882.4862935788981,4.0,266.04755,8.796343,20,gps,0.8,1.1,1.4,3.6,,,,83,,8.884736906174945,1.0
516,1577399399.0,-27.69011189673621,-51.12494937695796,882.7172447968115,4.0,267.41733,8.778173,20,gps,0.8,1.1,1.4,3.6,,,,83,,8.69344532601986,1.0
517,1577399400.0,-27.690117405725346,-51.12503642753477,882.976971873934,4.0,266.83716,8.552947,20,gps,0.9,1.2,1.5,3.6,,,,83,,8.6085003442449,1.0
518,1577399401.0,-27.6901281564742,-51.12511992840079,883.5316577620403,4.0,262.51132,8.355985,20,gps,0.8,1.1,1.4,3.6,,,,83,,8.322387067568165,1.0
519,1577399402.0,-27.690142479089847,-51.12520233662067,884.1035946467125,4.0,259.49393,8.404681,20,gps,0.8,1.1,1.4,3.6,,,,83,,8.282390218982437,1.0
520,1577399403.0,-27.690156409101025,-51.12528401322607,884.6013002530498,4.0,259.97403,8.287488,20,gps,0.8,1.1,1.4,3.6,,,,83,,8.20327260591027,1.0
521,1577399404.0,-27.690168504159136,-51.12536542690446,884.7937535414087,4.0,260.36008,8.127996,20,gps,0.8,1.1,1.4,3.6,,,,83,,8.14186744530639,1.0
522,1577399405.0,-27.69017653247121,-51.12544677645629,884.9948285890595,4.0,264.46677,8.224643,20,gps,0.8,1.1,1.4,3.6,,,,83,,8.073629535484399,1.0
523,1577399406.0,-27.69018470411704,-51.12553069453524,885.0014452549734,4.0,264.5017,8.094483,20,gps,0.8,1.1,1.4,3.6,,,,83,,8.327209129078641,1.0
524,1577399407.0,-27.69019265824401,-51.12561477679992,885.0522462435443,4.0,262.107,7.769669,21,gps,0.8,1.1,1.4,3.6,,,,83,,8.340726514036053,1.0
525,1577399408.0,-27.69020333129465,-51.12569224782949,885.0894033403275,4.0,260.89175,7.4381022,21,gps,0.8,1.1,1.4,3.6,,,,83,,7.732860687942051,1.0
526,1577399409.0,-27.69021278098574,-51.125762967866045,885.3008866032048,4.0,263.07812,6.9570136,21,gps,0.9,1.4,1.6,3.6,,,,83,,7.054104087098295,1.0
527,1577399410.0,-27.690216890821706,-51.125833864494666,885.6367843333933,4.0,267.0687,7.001921,21,gps,0.8,1.2,1.4,3.6,,,,83,,7.008179593533481,1.0
528,1577399411.0,-27.69021942911841,-51.12590479777783,885.8903415610159,4.0,267.56235,7.0376015,20,gps,0.8,1.2,1.5,3.6,,,,83,,7.002632738782293,1.0
529,1577399412.0,-27.690223174994788,-51.125975915479415,885.8058099673382,4.0,266.77014,7.0212665,20,gps,0.9,1.4,1.7,3.6,,,,83,,7.02744262268361,1.0
530,1577399413.0,-27.6902272128056,-51.126047969378334,886.1184508191718,4.0,266.73535,7.119808,21,gps,0.8,1.1,1.4,3.6,,,,83,,7.121590701439223,1.0
531,1577399414.0,-27.6902302369123,-51.12611967545812,886.3762907474004,4.0,268.12885,7.186211,21,gps,0.8,1.1,1.4,3.6,,,,83,,7.08114466495257,1.0
532,1577399415.0,-27.690225317242497,-51.12619341246551,886.6200445422423,4.0,274.31168,7.3644247,21,gps,0.8,1.1,1.4,3.6,,,,83,,7.293947162274574,1.0
533,1577399416.0,-27.690214693070256,-51.12626879341836,886.6683309259513,4.0,278.52658,7.616996,21,gps,0.8,1.1,1.4,3.6,,,,83,,7.52833324138303,1.0
534,1577399417.0,-27.69020131361436,-51.12634848400034,886.6764328921555,4.0,280.24225,8.003838,21,gps,0.8,1.1,1.4,3.6,,,,83,,7.999416104555661,1.0
535,1577399418.0,-27.69018886647406,-51.12643198902564,886.5626332025257,4.0,280.12775,8.072286,21,gps,0.8,1.3,1.5,3.6,,,,83,,8.35176874257672,1.0
536,1577399419.0,-27.69017816210075,-51.126513595393696,886.9387295980805,4.0,277.66925,8.185544,20,gps,0.8,1.3,1.5,3.6,,,,83,,8.136723752606512,1.0
537,1577399420.0,-27.690170058239467,-51.1265882930886,887.0479381930584,4.0,276.81476,7.365486,20,gps,0.8,1.3,1.6,3.6,,,,83,,7.422834702207294,1.0
538,1577399421.0,-27.69016226673932,-51.126659864291526,887.1641151209211,4.0,276.00742,7.3295903,21,gps,0.8,1.3,1.5,3.6,,,,83,,7.112510762547038,1.0
539,1577399422.0,-27.69015747991224,-51.12673854658416,887.3031385921212,4.0,273.47345,7.760837,21,gps,0.8,1.3,1.5,3.6,,,,83,,7.779466689982121,1.0
540,1577399423.0,-27.690152643703406,-51.126819565186736,887.031636045833,4.0,273.46088,8.037335,21,gps,0.8,1.1,1.4,3.6,,,,83,,8.009768132830567,1.0
541,1577399424.0,-27.690146646865376,-51.12690353128718,887.1725722147706,4.0,274.66516,8.363509,21,gps,0.8,1.1,1.4,3.6,,,,83,,8.309182150961037,1.0
542,1577399425.0,-27.69013800558224,-51.12698766738261,887.1886935858101,4.0,276.7237,8.398848,21,gps,0.8,1.2,1.5,3.6,,,,83,,8.354395363916858,1.0
543,1577399426.0,-27.69012978593322,-51.12707098750985,887.2618705821966,4.0,276.33948,8.368084,21,gps,0.8,1.1,1.4,3.6,,,,83,,8.269166123023835,1.0
544,1577399427.0,-27.69012211143322,-51.12715598045461,887.3106219555074,4.0,276.35834,8.340118,21,gps,0.8,1.2,1.5,3.6,,,,83,,8.426881113736062,1.0
545,1577399428.0,-27.69011149594396,-51.12723468846919,887.2671369499793,4.0,279.15262,7.926495,21,gps,0.8,1.3,1.6,3.6,,,,83,,7.852513159649105,1.0
546,1577399429.0,-27.69009223562191,-51.12731002680929,887.4702284991168,4.0,285.69803,7.7499743,21,gps,0.8,1.2,1.5,3.6,,,,83,,7.731927059497658,1.0
547,1577399430.0,-27.69006008089869,-51.12738249442715,887.597629031825,4.0,296.4574,7.9758253,21,gps,0.8,1.2,1.5,3.6,,,,83,,7.987190981256862,1.0
548,1577399431.0,-27.690017871295176,-51.12745219852164,887.7485197869378,4.0,304.4063,8.26175,21,gps,0.8,1.2,1.5,3.6,,,,83,,8.315902936836812,1.0
549,1577399432.0,-27.689970093688466,-51.12751658118689,888.2330567735979,4.0,310.7105,8.352656,20,gps,0.9,1.3,1.6,3.6,,,,83,,8.268267313548868,1.0
550,1577399433.0,-27.68991880890537,-51.12757609083389,888.6473310484713,4.0,314.13837,8.168394,20,gps,0.8,1.2,1.5,3.6,,,,83,,8.170448386700865,1.0
551,1577399434.0,-27.68986655689992,-51.12763167093446,889.1586898796023,4.0,317.00684,8.011424,20,gps,0.8,1.2,1.5,3.6,,,,83,,7.974051132938958,1.0
552,1577399435.0,-27.689812465058942,-51.12768002422771,889.4057881041605,4.0,320.95953,7.716457,20,gps,0.8,1.2,1.4,3.6,,,,83,,7.66026602727054,1.0
553,1577399436.0,-27.689756701890104,-51.12772284833385,889.6440973690113,4.0,325.92365,7.4494715,20,gps,0.8,1.2,1.5,3.6,,,,83,,7.485247965445582,1.0
554,1577399438.0,-27.68963373040718,-51.12778684358238,890.3782655116281,4.0,337.8379,7.65427,21,gps,0.8,1.1,1.4,3.6,,,,83,,15.018154653799035,2.0
555,1577399439.0,-27.68957130057161,-51.12781606939912,890.234215646195,4.0,337.5252,7.5386233,21,gps,0.8,1.3,1.5,3.6,,,,83,,7.494773130638749,1.0
556,1577399440.0,-27.689509028504407,-51.1278453384296,890.0825466616609,4.0,337.5803,7.5255003,21,gps,0.8,1.3,1.5,3.6,,,,83,,7.480283089598317,1.0
557,1577399441.0,-27.68945055445896,-51.12787002049346,890.0130697851944,4.0,339.6393,6.9440217,21,gps,0.9,1.3,1.6,3.6,,,,83,,6.922078488591147,1.0
558,1577399442.0,-27.689396384983525,-51.12789161643591,889.7787962737871,4.0,340.6382,6.4393578,21,gps,0.8,1.3,1.6,3.6,,,,83,,6.369554134880883,1.0
559,1577399443.0,-27.68934482410253,-51.12791292241384,889.8621951675534,4.0,340.40976,6.0922737,21,gps,0.8,1.2,1.5,3.6,,,,83,,6.087963800751301,1.0
560,1577399444.0,-27.689301266858543,-51.12793001352288,889.6449668229734,4.0,340.9338,5.1206393,21,gps,0.8,1.2,1.4,3.6,,,,83,,5.112731702473011,1.0
561,1577399445.0,-27.689271431992825,-51.12794202231595,889.68737815429,4.0,341.2722,3.5286279,21,gps,0.8,1.3,1.5,3.6,,,,83,,3.5119439914843498,1.0
562,1577399446.0,-27.68924734823921,-51.12795062332304,889.44546441176,4.0,342.43436,2.8132746,21,gps,0.8,1.3,1.5,3.6,,,,83,,2.8004409398694605,1.0
563,1577399447.0,-27.689221314448734,-51.12796092505787,889.2314581058573,4.0,341.54474,3.0710733,21,gps,0.8,1.2,1.5,3.6,,,,83,,3.0586610954924005,1.0
564,1577399448.0,-27.68918735822105,-51.12797418745181,889.0494864078668,4.0,341.88812,4.0222564,20,gps,0.8,1.2,1.5,3.6,,,,83,,3.983774255820143,1.0
565,1577399449.0,-27.689140999136733,-51.12799395940988,888.9894140555848,4.0,340.05014,5.5103126,20,gps,0.8,1.1,1.4,3.6,,,,83,,5.4950255836959645,1.0
566,1577399450.0,-27.68908229968552,-51.128017316803074,888.6889676641223,4.0,340.6646,6.9014683,20,gps,0.8,1.2,1.5,3.6,,,,83,,6.900748416025261,1.0
567,1577399451.0,-27.68901916345629,-51.12804343277291,888.5307251238717,4.0,339.93506,7.465745,20,gps,0.8,1.2,1.5,3.6,,,,83,,7.455619764992866,1.0
568,1577399452.0,-27.68895700534492,-51.12806831981262,888.3105279993665,4.0,340.46667,7.3626556,20,gps,0.9,1.3,1.6,3.6,,,,83,,7.312417665931262,1.0
569,1577399453.0,-27.68889714263901,-51.12809275397109,888.2577715120615,4.0,339.65964,7.1030025,20,gps,0.9,1.3,1.6,3.6,,,,83,,7.057951942309295,1.0
570,1577399454.0,-27.688839999748254,-51.12811901907956,888.1368879863946,4.0,337.677,6.8638883,20,gps,0.8,1.2,1.5,3.6,,,,83,,6.841789755236765,1.0
571,1577399455.0,-27.68878450446229,-51.12814966704073,888.0170031804245,4.0,334.46692,6.918123,20,gps,0.8,1.2,1.5,3.6,,,,83,,6.852615342813506,1.0
572,1577399456.0,-27.68872945919328,-51.12818602905601,887.8072026156908,4.0,329.581,7.1359715,20,gps,0.9,1.3,1.6,3.6,,,,83,,7.076246095066949,1.0
573,1577399457.0,-27.688673200899533,-51.12822628869238,887.8063943152791,4.0,327.2663,7.392644,20,gps,0.9,1.3,1.6,3.6,,,,83,,7.3916944429119775,1.0
574,1577399458.0,-27.68861600832822,-51.128266902346525,887.671481420901,4.0,328.13342,7.4900537,20,gps,0.9,1.3,1.6,3.6,,,,83,,7.497822902871344,1.0
575,1577399459.0,-27.68855493181256,-51.1283026668259,887.6110205444901,4.0,332.43787,7.659806,20,gps,0.9,1.3,1.6,3.6,,,,83,,7.632445912164724,1.0
576,1577399460.0,-27.68849044314702,-51.12833490270442,887.7257587018908,4.0,336.30948,7.839323,20,gps,0.8,1.5,1.7,3.6,,,,83,,7.821810187001716,1.0
577,1577399461.0,-27.68842727192391,-51.12836045965,887.6356339723138,4.0,340.27402,7.487368,20,gps,0.9,1.3,1.6,3.6,,,,83,,7.440398292519635,1.0
578,1577399462.0,-27.68836773298945,-51.12838961453157,887.6729121857729,4.0,336.65088,7.219389,20,gps,0.9,1.3,1.6,3.6,,,,83,,7.197334642639929,1.0
579,1577399463.0,-27.688311908110705,-51.128424451491725,887.7482383330441,4.0,331.0731,7.079836,20,gps,0.9,1.3,1.6,3.6,,,,83,,7.076595404257073,1.0
580,1577399464.0,-27.68825715705947,-51.1284597160493,887.6899047484548,4.0,330.60678,7.01636,20,gps,0.9,1.4,1.7,3.6,,,,83,,6.993696224836826,1.0
581,1577399465.0,-27.688200908718706,-51.12849332998097,887.8777985383314,4.0,332.0031,7.0507317,20,gps,0.9,1.3,1.6,3.6,,,,83,,7.060197974833785,1.0
582,1577399466.0,-27.6881445450573,-51.128527452349054,888.0511363908786,4.0,331.82394,7.088579,20,gps,0.9,1.3,1.6,3.6,,,,83,,7.09513878941617,1.0
583,1577399467.0,-27.68808937552696,-51.128562836938585,888.0087244541978,4.0,330.68677,7.057432,20,gps,0.8,1.2,1.5,3.6,,,,83,,7.039829884197511,1.0
584,1577399468.0,-27.68803477684169,-51.128599855206446,888.1877352296494,4.0,328.74103,7.063556,20,gps,0.8,1.2,1.5,3.6,,,,83,,7.066874467897564,1.0
585,1577399469.0,-27.687980909652364,-51.12863682546308,888.3194756118141,4.0,328.68137,7.002974,20,gps,0.8,1.2,1.5,3.6,,,,83,,6.995130469516872,1.0
586,1577399470.0,-27.687927436983504,-51.12867454114448,888.4578242583424,4.0,328.47366,6.993788,20,gps,0.8,1.2,1.5,3.6,,,,83,,6.996682616453556,1.0
587,1577399471.0,-27.687873088637986,-51.1287096540914,888.7642096928162,4.0,330.17725,6.9165998,19,gps,0.9,1.3,1.6,3.6,,,,83,,6.947555548226598,1.0
588,1577399472.0,-27.687818929934814,-51.128744255398594,888.7460305737906,4.0,330.2082,6.904924,20,gps,1.0,1.6,1.9,3.6,,,,83,,6.904257636780708,1.0
589,1577399473.0,-27.687766736967674,-51.12877827651746,888.8144463757516,4.0,330.0527,6.702912,20,gps,0.9,1.4,1.7,3.6,,,,83,,6.686864390568525,1.0
590,1577399474.0,-27.687721371251875,-51.12880715438945,888.893699128053,4.0,330.6331,5.770403,20,gps,0.9,1.5,1.7,3.6,,,,83,,5.778163816615086,1.0
591,1577399475.0,-27.687685418737,-51.128828015246775,888.8870646613594,4.0,333.07416,4.4998937,20,gps,0.9,1.4,1.7,3.6,,,,83,,4.484110566292125,1.0
592,1577399476.0,-27.687658745072262,-51.12884030461891,888.9708477403495,4.0,337.42746,3.1897469,20,gps,0.8,1.2,1.5,3.6,,,,83,,3.1947643416356053,1.0
593,1577399477.0,-27.68763510233337,-51.12885092301114,888.980309447709,4.0,347.38815,1.9779185,20,gps,0.8,1.2,1.5,3.6,,,,83,,2.821578605657966,1.0
594,1577399478.0,-27.6876217467441,-51.12885120395851,889.0434120391542,4.0,0.66736156,1.3664967,20,gps,0.9,1.4,1.7,3.6,,,,83,,1.4802515009054311,1.0
595,1577399482.0,-27.68755351878711,-51.12880002084379,890.4036658131548,4.0,57.85396,2.9001832,20,gps,0.8,1.2,1.5,3.6,,,,83,,9.091469644023292,4.0
596,1577399483.0,-27.68754032876854,-51.12876610332328,891.0266199731611,4.0,62.83194,3.4210126,20,gps,0.8,1.3,1.5,3.6,,,,83,,3.6511014337008816,1.0
597,1577399484.0,-27.68752521870991,-51.12873013739007,891.8306627709886,4.0,62.940918,3.799094,20,gps,0.8,1.2,1.5,3.6,,,,83,,3.923103856179438,1.0
598,1577399485.0,-27.68750997757036,-51.128691251975184,892.6008126633426,4.0,63.765957,4.10577,20,gps,0.8,1.2,1.5,3.6,,,,83,,4.1911832864174565,1.0
599,1577399486.0,-27.687493637331524,-51.12865167696141,893.5562163718724,4.0,64.519966,4.349842,20,gps,0.8,1.3,1.5,3.6,,,,83,,4.303342624902908,1.0
600,1577399487.0,-27.687477788417468,-51.128610700261845,894.3379606563653,4.0,64.0392,4.4358883,20,gps,0.9,1.4,1.7,3.6,,,,83,,4.407178841041987,1.0
601,1577399488.0,-27.68746059020993,-51.128571932460034,895.1702547357478,4.0,63.18476,4.1281643,19,gps,0.9,1.4,1.7,3.6,,,,83,,4.272792710773281,1.0
602,1577399489.0,-27.68744434592534,-51.12853768835124,895.960053982341,4.0,62.33475,3.796313,19,gps,0.9,1.4,1.7,3.6,,,,83,,3.8276798819668287,1.0
603,1577399490.0,-27.68742854715082,-51.12850361379075,896.7904556186214,4.0,62.273846,3.648157,19,gps,0.9,1.4,1.7,3.6,,,,83,,3.789870993492531,1.0
604,1577399491.0,-27.687413286047303,-51.128469802041344,897.5724874784145,4.0,63.803467,3.6733735,19,gps,0.9,1.4,1.7,3.6,,,,83,,3.739578085560973,1.0
605,1577399492.0,-27.68739814489299,-51.12843668813385,898.3708975613472,4.0,63.502167,3.639224,19,gps,0.9,1.4,1.7,3.6,,,,83,,3.672221214247081,1.0
606,1577399493.0,-27.6873837581769,-51.128402633818055,899.1312153097438,4.0,63.42222,3.6850994,19,gps,0.9,1.4,1.7,3.6,,,,83,,3.718373112850734,1.0
607,1577399494.0,-27.687367254705705,-51.12836640314944,900.0008360865604,4.0,62.046455,4.080703,19,gps,0.9,1.4,1.7,3.6,,,,83,,4.01468527057631,1.0
608,1577399495.0,-27.68734818857721,-51.12832581334331,900.9512523256528,4.0,62.235092,4.485187,19,gps,0.9,1.4,1.7,3.6,,,,83,,4.527203383408869,1.0
609,1577399496.0,-27.687327125326537,-51.12828081102715,901.8943781776902,4.0,62.039845,4.9599686,19,gps,0.9,1.4,1.7,3.6,,,,83,,5.015453676140833,1.0
610,1577399497.0,-27.687304376074685,-51.128230872277136,902.8001744656316,4.0,62.34168,5.533264,19,gps,0.9,1.4,1.7,3.6,,,,83,,5.533747511800305,1.0
611,1577399498.0,-27.68727797452843,-51.128174637832295,903.8439918533164,4.0,62.295067,6.261829,19,gps,0.9,1.4,1.7,3.6,,,,83,,6.271451326420634,1.0
612,1577399499.0,-27.687249675300485,-51.128118959739176,904.8974428316376,4.0,60.07065,6.2288823,19,gps,0.9,1.4,1.7,3.6,,,,83,,6.324552195407311,1.0
613,1577399500.0,-27.687224786967807,-51.12807513681371,905.6958329087712,4.0,57.147182,5.1353974,19,gps,0.9,1.4,1.7,3.6,,,,83,,5.127751375827402,1.0
614,1577399501.0,-27.687199611644367,-51.12803284743227,906.4683524817216,4.0,56.23888,5.0161653,19,gps,0.9,1.4,1.7,3.6,,,,83,,5.018492484322129,1.0
615,1577399502.0,-27.6871708435634,-51.12799074052532,907.4847385287788,4.0,52.45201,5.214002,19,gps,0.9,1.4,1.6,3.6,,,,83,,5.235964215412592,1.0
616,1577399503.0,-27.6871404892962,-51.12794672830272,907.6337864184438,4.0,52.45138,5.166305,19,gps,0.9,1.4,1.7,3.6,,,,83,,5.492138080275035,1.0
617,1577399504.0,-27.68711243506427,-51.12790798115148,908.6974304701016,4.0,49.988144,5.0134945,19,gps,0.9,1.4,1.7,3.6,,,,83,,4.926853384455078,1.0
618,1577399505.0,-27.68709151814621,-51.1278814087658,909.253562343946,4.0,48.003193,3.4941413,19,gps,0.9,1.4,1.6,3.6,,,,83,,3.499062574454274,1.0
619,1577399506.0,-27.68707755662234,-51.127865435438586,909.7078341034936,4.0,46.20937,2.0709581,20,gps,0.9,1.4,1.7,3.6,,,,83,,2.208259240382112,1.0
620,1577399507.0,-27.68706518505283,-51.12785153975735,910.1802251249846,4.0,45.01345,2.206619,20,gps,0.8,1.2,1.4,3.6,,,,83,,1.938661641770441,1.0
621,1577399508.0,-27.68704723189884,-51.12783269562295,910.6844787332718,4.0,43.228466,2.8181129,20,gps,0.8,1.2,1.5,3.6,,,,83,,2.7227536683325315,1.0
622,1577399509.0,-27.687026648008978,-51.12781063546099,911.4020118262878,4.0,42.294476,3.1218338,20,gps,0.9,1.4,1.7,3.6,,,,83,,3.152523180852846,1.0
623,1577399510.0,-27.68700348786576,-51.12778736491126,912.2107702228424,4.0,41.60902,3.5209415,20,gps,0.8,1.2,1.5,3.6,,,,83,,3.443282417340135,1.0
624,1577399511.0,-27.6869787199166,-51.12776277381789,912.9865578456582,4.0,41.552937,3.6031256,20,gps,0.8,1.2,1.5,3.6,,,,83,,3.662988662962872,1.0
625,1577399512.0,-27.68695241008955,-51.12773857714106,912.9945045048644,4.0,39.985176,3.5237997,20,gps,0.8,1.2,1.5,3.6,,,,83,,3.7679370203142586,1.0
626,1577399513.0,-27.686924636514423,-51.127715443676856,913.640190078216,4.0,38.45375,3.5132992,20,gps,0.8,1.2,1.5,3.6,,,,83,,3.831423627799334,1.0
627,1577399514.0,-27.68690017777393,-51.12769365560923,914.2982982435236,4.0,37.489155,3.4919622,20,gps,0.8,1.2,1.5,3.6,,,,83,,3.4591268837162152,1.0
628,1577399515.0,-27.68687510563577,-51.12767244087801,914.5416332292258,4.0,36.680107,3.4471838,20,gps,0.8,1.2,1.5,3.6,,,,83,,3.4783236299455558,1.0
629,1577399516.0,-27.68684932932732,-51.12765105469117,915.1928471727188,4.0,35.78858,3.4881284,20,gps,0.8,1.2,1.5,3.6,,,,83,,3.550986326160242,1.0
630,1577399517.0,-27.68682305682088,-51.127630290968845,915.8048107272726,4.0,34.963684,3.5660088,20,gps,0.8,1.2,1.5,3.6,,,,83,,3.5596834600456058,1.0
631,1577399518.0,-27.68679644453707,-51.127609589521,916.3753999213118,4.0,33.61862,3.5510235,20,gps,0.8,1.2,1.5,3.6,,,,83,,3.5870431080562004,1.0
632,1577399519.0,-27.686767073973044,-51.12758676118402,916.8732832671328,4.0,33.442173,3.864874,20,gps,0.8,1.2,1.5,3.6,,,,83,,3.957776506559416,1.0
633,1577399520.0,-27.68673621551165,-51.12756118725761,917.3303599805216,4.0,33.57881,4.2763543,20,gps,0.8,1.2,1.5,3.6,,,,83,,4.24942389485499,1.0
634,1577399521.0,-27.686701164383944,-51.12753275686151,917.7665518827226,4.0,34.8652,4.706975,20,gps,0.8,1.2,1.5,3.6,,,,83,,4.790831901203952,1.0
635,1577399522.0,-27.686672633934176,-51.12750658696054,918.1363012709024,4.0,36.71134,4.2582655,20,gps,0.8,1.2,1.5,3.6,,,,83,,4.081654480540455,1.0
636,1577399523.0,-27.68664448735493,-51.12748298651786,918.2902377192216,4.0,36.772137,4.0599127,20,gps,0.9,1.4,1.7,3.6,,,,83,,3.892086061155224,1.0
637,1577399524.0,-27.68661123062232,-51.12745692642064,918.1488244448254,4.0,36.760273,4.2749095,20,gps,0.8,1.2,1.5,3.6,,,,83,,4.493340221050081,1.0
638,1577399525.0,-27.68658096488756,-51.12742983694408,917.9226939472352,4.0,38.926437,4.368825,20,gps,0.8,1.2,1.5,3.6,,,,83,,4.2882840582825645,1.0
