,gpstime,latitude,longitude,altitude,speed,heading,hpdop,vdop,pdop
611,1518262273.0,41.2394042,-8.5637116,107.4,11.987,251.50,1.6,2.2,2.7
612,1518262274.0,41.239379467,-8.5638662,106.3,12.861,257.10,1.6,2.2,2.7
613,1518262275.0,41.239351467,-8.5640165,105.4,13.118,258.20,4.3,6.2,7.6
614,1518262278.0,41.239328567,-8.564171267,105.1,?,?,18.2,1.0,18.2
615,1518262279.0,41.239226017,-8.564583917,108.7,11.987,253.50,10.3,1.0,10.3
616,1518262280.0,41.2391659,-8.564746633,108.0,12.604,249.60,2.8,1.0,3.0
617,1518262281.0,41.239130417,-8.564843933,106.2,11.369,245.70,2.8,1.0,3.0
618,1518262282.0,41.239117217,-8.56499435,105.8,11.061,248.50,2.3,4.3,4.8
619,1518262283.0,41.239082783,-8.565103467,105.5,10.649,249.30,2.3,4.3,4.8
620,1518262284.0,41.239049367,-8.565215433,105.6,10.135,246.60,2.3,4.3,4.9
621,1518262285.0,41.2390179,-8.5653192,105.8,9.620,245.30,2.3,4.3,4.9
622,1518262286.0,41.238982733,-8.5654153,106.2,9.157,243.30,2.3,4.3,4.9
623,1518262287.0,41.23894725,-8.565501883,107.0,8.540,240.80,2.3,4.3,4.9
624,1518262288.0,41.238917617,-8.565580733,106.8,7.305,237.90,2.3,4.3,4.9
625,1518262289.0,41.2389113,-8.565633083,106.6,4.579,240.50,2.3,4.3,4.9
626,1518262290.0,41.238907,-8.565667933,105.5,1.801,249.50,2.2,?,?
627,1518262291.0,41.238902067,-8.5656883,103.4,0.103,224.50,2.2,?,?
628,1518262292.0,41.2389008,-8.565696817,102.1,0.360,84.00,1.2,?,?
629,1518262293.0,41.2388997,-8.565701683,101.5,0.154,117.80,1.1,?,?
630,1518262294.0,41.238900333,-8.565703383,101.7,0.154,198.90,1.1,?,?
631,1518262295.0,41.238927183,-8.565664833,111.0,0.103,65.20,1.1,?,?
632,1518262296.0,41.23892545,-8.565663683,110.9,0.051,113.70,1.1,?,?
633,1518262297.0,41.238924633,-8.565662733,110.9,0.103,107.30,0.9,?,?
634,1518262298.0,41.238923917,-8.565662367,110.8,0.051,103.20,0.8,?,?
635,1518262299.0,41.238923783,-8.565662717,110.8,0.000,324.10,0.8,?,?
636,1518262300.0,41.238923217,-8.565662583,110.7,0.000,103.20,0.8,?,?
637,1518262301.0,41.2389227,-8.565662583,110.7,0.000,229.40,0.9,?,?
638,1518262302.0,41.238922383,-8.56566205,110.5,0.051,58.00,0.9,?,?
639,1518262303.0,41.238922383,-8.565661983,110.5,0.000,65.80,0.9,?,?
640,1518262304.0,41.238922583,-8.565661633,110.5,0.051,103.30,0.9,?,?
641,1518262305.0,41.238922917,-8.565662917,110.6,0.103,272.50,0.9,?,?
642,1518262306.0,41.238923583,-8.565665033,110.6,0.154,292.30,0.9,?,?
643,1518262307.0,41.23892315,-8.56566395,110.6,0.103,137.90,0.9,?,?
644,1518262308.0,41.2389238,-8.565664983,110.4,0.051,166.40,0.9,?,?
645,1518262309.0,41.238924783,-8.565665,110.3,0.051,116.70,1.1,?,?
646,1518262310.0,41.2389251,-8.5656651,110.0,0.051,121.30,1.1,?,?
647,1518262311.0,41.238925783,-8.565665233,109.9,0.051,274.60,1.1,?,?
648,1518262312.0,41.238926283,-8.565664983,109.7,0.051,284.60,1.1,?,?
649,1518262313.0,41.238926567,-8.56566385,109.6,0.051,212.60,1.1,?,?
650,1518262314.0,41.238926333,-8.565663383,109.4,0.051,172.00,1.1,?,?
651,1518262315.0,41.23892795,-8.565664067,109.3,0.051,345.10,1.1,?,?
652,1518262316.0,41.238927683,-8.565665367,109.0,0.051,224.70,1.2,?,?
653,1518262317.0,41.238928,-8.5656656,108.8,0.051,206.50,1.1,?,?
654,1518262318.0,41.23892745,-8.56566675,108.5,0.051,216.40,1.1,?,?
655,1518262319.0,41.238926117,-8.565668333,108.1,0.154,213.60,1.2,?,?
656,1518262320.0,41.238926217,-8.565668417,107.9,0.051,229.40,1.1,?,?
657,1518262321.0,41.238925383,-8.565668217,107.6,0.051,259.70,1.1,?,?
658,1518262322.0,41.238924383,-8.565667917,107.4,0.051,217.50,1.1,?,?
659,1518262323.0,41.2389225,-8.565668733,107.2,0.103,216.20,1.1,?,?
660,1518262324.0,41.2389215,-8.5656692,107.1,0.103,221.80,1.1,?,?
661,1518262325.0,41.238920083,-8.5656707,106.8,0.103,242.10,1.1,?,?
662,1518262326.0,41.238919333,-8.5656718,106.6,0.051,242.00,1.2,?,?
663,1518262327.0,41.23891895,-8.565672517,106.4,0.000,225.50,1.1,?,?
664,1518262328.0,41.238918617,-8.56567415,106.4,0.051,262.50,1.2,?,?
665,1518262329.0,41.23891845,-8.565675833,106.3,0.051,275.90,1.2,?,?
666,1518262330.0,41.238918633,-8.56567655,106.4,0.000,319.10,1.2,?,?
667,1518262331.0,41.238918917,-8.565677517,106.5,0.051,1.90,1.2,?,?
668,1518262332.0,41.238918933,-8.565677533,106.6,0.000,38.20,1.2,?,?
669,1518262333.0,41.2389189,-8.5656789,106.7,0.000,344.10,1.2,?,?
670,1518262334.0,41.238918717,-8.5656805,106.6,0.103,252.50,1.2,?,?
671,1518262335.0,41.238918717,-8.565681167,106.7,0.051,234.30,1.2,?,?
672,1518262336.0,41.2389152,-8.565684817,106.8,0.720,212.10,1.2,?,?
673,1518262337.0,41.238903383,-8.565688967,107.0,1.801,198.40,1.2,?,?
674,1518262338.0,41.2388785,-8.565683733,106.8,2.984,173.60,1.2,?,?
675,1518262339.0,41.238860883,-8.56566465,107.1,3.035,135.50,1.0,?,?
676,1518262340.0,41.238857717,-8.565621017,108.4,3.138,93.80,0.8,?,?
677,1518262341.0,41.238862567,-8.56559155,108.8,2.932,69.80,1.0,?,?
678,1518262342.0,41.238869683,-8.5655595,108.5,3.087,55.80,1.1,1.6,1.9
679,1518262343.0,41.23888295,-8.565519033,108.2,3.961,53.40,1.1,1.6,1.9
680,1518262344.0,41.238895517,-8.565471867,107.9,4.527,59.20,1.3,2.0,2.4
681,1518262345.0,41.238913717,-8.56542145,108.1,4.784,62.40,1.3,2.0,2.4
682,1518262346.0,41.238934983,-8.565365883,108.2,5.453,62.30,1.3,?,?
683,1518262347.0,41.238957317,-8.565301867,108.5,6.173,64.40,1.3,?,?
684,1518262348.0,41.238987133,-8.565224533,108.7,7.357,63.90,1.3,?,?
685,1518262349.0,41.239023467,-8.5651311,109.1,8.951,63.50,1.3,?,?
686,1518262350.0,41.23906215,-8.565026117,109.1,10.237,64.20,1.1,?,?
687,1518262351.0,41.2391096,-8.564923083,109.1,10.598,61.70,1.1,1.6,1.9
688,1518262352.0,41.239155683,-8.564808467,108.8,11.163,62.40,1.1,1.6,1.9
689,1518262353.0,41.23919965,-8.564691233,108.3,11.472,64.20,1.0,?,?
690,1518262354.0,41.2392355,-8.564554117,107.7,11.729,70.80,1.5,2.1,2.6
691,1518262355.0,41.239263267,-8.564417333,107.6,11.935,74.20,3.4,4.2,5.4
692,1518262357.0,41.239288817,-8.564275567,107.7,?,?,8.8,1.0,8.9
693,1518262358.0,41.239328333,-8.56398765,108.7,12.450,80.40,15.9,1.0,16.0
694,1518262359.0,41.239333867,-8.56386025,108.7,11.987,82.70,15.9,1.0,16.0
695,1518262360.0,41.239348567,-8.563719233,108.9,11.935,83.30,14.2,?,?
696,1518262361.0,41.239361067,-8.563576433,108.8,12.192,82.40,14.2,?,?
697,1518262362.0,41.23938235,-8.56344615,109.0,11.884,80.70,14.1,?,?
698,1518262363.0,41.2394035,-8.563301683,108.9,12.244,78.90,14.1,?,?
699,1518262364.0,41.2394849,-8.56321055,109.3,11.781,67.00,3.2,?,?
700,1518262365.0,41.239569783,-8.563117233,110.1,11.421,58.10,3.2,?,?
701,1518262366.0,41.239635417,-8.563003167,109.6,11.472,54.10,2.9,?,?
702,1518262367.0,41.239702883,-8.562884483,111.5,11.472,52.90,2.7,?,?
703,1518262368.0,41.239775117,-8.562777817,112.7,11.575,51.90,1.0,?,?
704,1518262369.0,41.23984785,-8.56267315,113.6,11.626,49.90,1.0,?,?
705,1518262370.0,41.239921183,-8.56257075,113.8,11.575,47.20,1.1,?,?
706,1518262371.0,41.240000017,-8.56247835,113.8,11.626,41.40,1.1,?,?
707,1518262372.0,41.240086,-8.562399867,113.8,11.626,33.60,1.1,?,?
708,1518262373.0,41.240177633,-8.562328617,113.9,11.884,27.40,1.1,?,?
709,1518262374.0,41.240274383,-8.562271967,113.9,11.884,20.60,1.4,?,?
710,1518262375.0,41.240374383,-8.562231417,113.8,11.575,14.90,1.7,?,?
711,1518262376.0,41.240474433,-8.562203167,113.8,11.421,8.90,1.2,1.6,2.0
712,1518262377.0,41.240576167,-8.56219045,113.7,11.369,3.50,1.2,1.6,2.0
713,1518262378.0,41.24067945,-8.5621892,113.5,11.472,359.40,1.2,?,?
714,1518262379.0,41.240782117,-8.562189733,113.6,11.472,357.80,1.2,?,?
715,1518262380.0,41.240887883,-8.56219475,113.7,11.678,357.30,1.0,?,?
716,1518262381.0,41.240994933,-8.562204633,114.0,11.884,358.10,1.0,?,?
717,1518262382.0,41.241103683,-8.56221035,114.0,12.089,359.10,1.0,?,?
718,1518262383.0,41.241214867,-8.5622135,113.7,12.398,0.00,1.0,?,?
719,1518262384.0,41.241325017,-8.562217983,113.2,12.347,359.00,1.2,?,?
720,1518262385.0,41.241438483,-8.56222245,112.8,12.552,358.30,1.3,?,?
721,1518262386.0,41.241549,-8.562233317,112.3,12.552,356.00,1.0,?,?
722,1518262387.0,41.241660217,-8.562245333,111.8,12.552,354.70,1.1,1.6,1.9
723,1518262388.0,41.241768167,-8.562264167,111.2,12.244,352.10,1.1,1.6,1.9
724,1518262389.0,41.241881983,-8.562278817,111.0,12.347,351.50,1.1,1.6,1.9
725,1518262390.0,41.241975933,-8.562312283,110.3,11.266,345.20,1.1,?,?
726,1518262391.0,41.242063083,-8.5623496,109.4,10.340,341.80,1.1,?,?
727,1518262392.0,41.242146483,-8.562384333,108.7,9.517,341.70,1.5,?,?
728,1518262393.0,41.242221083,-8.562409017,108.3,8.540,348.30,1.1,?,?
729,1518262394.0,41.242290067,-8.562410567,107.6,8.283,5.00,1.1,?,?
730,1518262395.0,41.242363333,-8.562387,107.8,8.643,22.00,1.1,?,?
731,1518262396.0,41.24243425,-8.562339367,107.9,9.157,31.00,1.1,?,?
732,1518262397.0,41.242505333,-8.562285017,107.8,9.466,32.00,1.1,1.5,1.9
733,1518262398.0,41.242574717,-8.562225917,107.8,9.260,31.80,1.1,1.5,1.9
734,1518262399.0,41.242638517,-8.562158067,107.4,8.900,38.20,1.1,1.5,1.9
735,1518262400.0,41.242685083,-8.562086033,106.7,8.694,50.00,1.1,1.5,1.9
736,1518262401.0,41.242720417,-8.561989367,106.1,9.311,66.60,1.1,1.5,1.9
737,1518262402.0,41.2427382,-8.5618726,105.8,10.546,79.10,1.1,1.5,1.9
738,1518262403.0,41.242757967,-8.561746517,105.3,11.472,80.10,1.1,1.5,1.9
739,1518262404.0,41.24278035,-8.561609967,104.6,12.192,78.70,1.1,?,?
740,1518262405.0,41.242804583,-8.561470833,103.8,12.295,77.50,1.1,?,?
741,1518262406.0,41.242829633,-8.561329683,103.1,12.244,76.70,1.1,?,?
742,1518262407.0,41.242856383,-8.561189317,102.4,12.295,76.60,1.5,?,?
743,1518262408.0,41.24288415,-8.56104795,101.6,12.398,76.60,1.5,?,?
744,1518262409.0,41.24291235,-8.560904583,100.9,12.604,76.60,1.5,?,?
745,1518262410.0,41.24294,-8.560758817,100.3,12.758,77.00,1.6,2.2,2.8
746,1518262411.0,41.242966717,-8.560611767,99.5,12.707,76.90,1.5,?,?
747,1518262412.0,41.242990933,-8.560462333,98.7,12.861,77.80,1.5,?,?
748,1518262413.0,41.24301525,-8.560310783,97.7,13.067,78.00,1.2,?,?
749,1518262414.0,41.243040167,-8.560158017,96.8,13.170,77.70,1.2,?,?
750,1518262415.0,41.243064867,-8.560003417,95.8,13.324,77.60,1.2,?,?
751,1518262416.0,41.2430976,-8.55985825,94.1,13.118,76.80,1.0,?,?
752,1518262417.0,41.24313825,-8.559720983,93.7,12.964,77.10,0.8,?,?
753,1518262418.0,41.243170117,-8.55957955,93.7,12.552,77.40,0.8,?,?
754,1518262419.0,41.243197767,-8.559437717,93.3,12.244,77.00,0.8,?,?
755,1518262420.0,41.243222733,-8.55929375,92.9,12.038,76.80,0.8,?,?
756,1518262421.0,41.2432466,-8.559149667,92.9,12.038,77.00,0.8,?,?
757,1518262422.0,41.24327045,-8.559012517,93.1,11.678,77.20,1.0,?,?
758,1518262423.0,41.2432925,-8.558869167,93.6,11.935,77.50,1.0,?,?
759,1518262424.0,41.24331715,-8.5587236,94.4,12.295,77.20,0.8,?,?
760,1518262425.0,41.24334145,-8.558576233,95.0,12.244,77.20,0.9,?,?
761,1518262426.0,41.2433639,-8.558431683,95.5,12.244,77.00,1.0,?,?
762,1518262427.0,41.2433874,-8.558285883,96.0,12.244,76.70,1.0,?,?
763,1518262428.0,41.243409767,-8.558143733,96.4,11.884,76.70,1.0,?,?
764,1518262429.0,41.243432733,-8.5580029,97.0,11.781,76.80,1.0,?,?
765,1518262430.0,41.243451533,-8.557857667,97.7,11.935,77.50,1.0,?,?
766,1518262431.0,41.2434658,-8.557706467,98.5,12.038,78.20,1.0,?,?
767,1518262432.0,41.243483967,-8.55756375,99.2,11.987,78.20,1.1,?,?
768,1518262433.0,41.243505317,-8.557422,99.8,11.987,77.90,1.0,?,?
769,1518262434.0,41.243527783,-8.557281817,100.5,11.884,77.30,1.0,?,?
770,1518262435.0,41.24355165,-8.557143833,101.0,11.781,76.80,0.9,?,?
771,1518262436.0,41.2435795,-8.557010983,101.8,11.729,76.40,0.9,?,?
772,1518262437.0,41.243607217,-8.556876933,102.3,11.935,76.50,0.8,?,?
773,1518262438.0,41.24363565,-8.556742183,103.0,12.141,77.00,0.8,?,?
774,1518262439.0,41.243661983,-8.55660615,103.3,11.935,77.80,0.8,?,?
775,1518262440.0,41.2436869,-8.556469767,103.5,11.781,77.60,0.8,?,?
776,1518262441.0,41.243710567,-8.5563324,103.2,11.729,76.80,0.8,?,?
777,1518262442.0,41.243737133,-8.556195517,102.7,11.729,76.00,0.8,?,?
778,1518262443.0,41.243763717,-8.55605865,102.2,11.678,76.20,0.9,?,?
779,1518262444.0,41.243788417,-8.55592305,101.7,11.626,76.70,0.9,?,?
780,1518262445.0,41.243812967,-8.55579005,101.2,11.626,77.20,0.9,?,?
781,1518262446.0,41.243836417,-8.555658167,100.7,11.575,77.50,0.9,?,?
782,1518262447.0,41.24385745,-8.555526383,100.2,11.472,77.90,0.9,?,?
783,1518262448.0,41.243879767,-8.55539835,100.0,11.215,77.50,0.8,?,?
784,1518262449.0,41.243902867,-8.555270617,100.3,10.752,76.60,0.8,?,?
785,1518262450.0,41.24392565,-8.555148333,100.9,10.032,75.80,0.9,?,?
786,1518262451.0,41.24394875,-8.555034467,101.6,9.260,75.40,0.9,?,?
787,1518262452.0,41.24396385,-8.554930817,102.0,8.334,79.50,1.4,?,?
788,1518262453.0,41.243962517,-8.5548352,102.7,7.511,92.10,0.9,?,?
789,1518262454.0,41.2439359,-8.5547476,102.7,7.459,112.30,1.0,?,?
790,1518262455.0,41.243895683,-8.554658183,102.3,8.437,123.90,1.0,?,?
791,1518262456.0,41.24385105,-8.554567983,102.0,8.746,123.80,1.0,?,?
792,1518262457.0,41.243819167,-8.5544734,101.7,8.746,110.60,1.0,?,?
793,1518262458.0,41.243805817,-8.5543731,101.3,8.694,94.20,1.0,?,?
794,1518262459.0,41.2438193,-8.554271967,100.8,9.054,75.30,1.0,?,?
795,1518262460.0,41.243866183,-8.554187733,101.0,9.311,53.00,1.0,?,?
796,1518262461.0,41.2439333,-8.55412235,101.0,9.672,33.00,1.1,?,?
797,1518262462.0,41.244013567,-8.554082567,100.8,10.032,15.60,1.1,?,?
798,1518262463.0,41.244100333,-8.554074217,100.8,10.237,0.00,1.1,?,?
799,1518262464.0,41.244185683,-8.554096483,101.1,10.340,345.30,1.0,?,?
800,1518262465.0,41.2442555,-8.55415885,101.1,10.083,325.00,1.0,?,?
801,1518262466.0,41.244293683,-8.554256733,101.4,9.466,296.10,1.0,?,?
802,1518262467.0,41.24431755,-8.55435335,101.7,9.620,276.80,1.0,?,?
803,1518262468.0,41.24431865,-8.55446285,102.1,9.980,261.30,1.0,?,?
804,1518262469.0,41.244288183,-8.55456865,102.3,10.237,244.60,1.0,?,?
805,1518262470.0,41.244223683,-8.554656583,102.3,10.546,224.00,1.0,?,?
806,1518262471.0,41.244139617,-8.554728467,102.0,10.855,213.90,0.9,?,?
807,1518262472.0,41.2440511,-8.554811683,100.2,11.215,214.10,0.9,?,?
808,1518262473.0,41.243990617,-8.5549316,99.6,11.987,234.40,0.9,?,?
809,1518262474.0,41.243952467,-8.555085583,99.1,13.890,253.00,0.9,?,?
810,1518262475.0,41.243921467,-8.55524665,98.9,15.330,259.30,0.9,?,?
811,1518262476.0,41.24388965,-8.555427417,98.8,16.308,258.70,0.9,?,?
812,1518262477.0,41.243858883,-8.555614633,99.3,16.411,258.00,1.0,?,?
813,1518262478.0,41.2438299,-8.555799317,100.2,15.742,257.90,1.0,?,?
814,1518262479.0,41.243799167,-8.55598105,101.0,15.485,256.90,1.0,?,?
815,1518262480.0,41.243765883,-8.55615785,101.7,15.073,255.50,0.9,?,?
816,1518262481.0,41.243733033,-8.556330433,102.3,14.713,255.60,0.9,?,?
817,1518262482.0,41.243702533,-8.5565,102.4,14.353,256.80,0.9,?,?
818,1518262483.0,41.243673783,-8.5566679,102.4,14.302,257.20,1.0,?,?
819,1518262484.0,41.24364545,-8.55683735,102.3,14.456,257.50,1.0,?,?
820,1518262485.0,41.24361615,-8.557004667,102.2,14.404,257.10,1.0,?,?
821,1518262486.0,41.243586067,-8.557175883,101.5,14.662,257.40,0.9,?,?
822,1518262487.0,41.243552883,-8.557356233,99.8,15.176,257.40,0.9,?,?
823,1518262488.0,41.243519217,-8.557538933,98.3,15.588,256.60,0.9,?,?
824,1518262489.0,41.243486817,-8.557729433,97.0,16.308,257.00,0.8,?,?
825,1518262490.0,41.2434513,-8.5579252,95.6,16.668,256.60,0.9,?,?
826,1518262491.0,41.2434157,-8.558126833,94.1,17.182,257.00,0.9,?,?
827,1518262492.0,41.24338105,-8.5583325,92.6,17.594,257.20,0.9,?,?
828,1518262493.0,41.243343933,-8.558539367,91.3,17.903,256.60,0.9,?,?
829,1518262494.0,41.243307267,-8.558747067,90.1,17.903,256.80,0.9,?,?
830,1518262495.0,41.243272067,-8.5589594,89.1,18.211,257.20,0.9,?,?
831,1518262496.0,41.24323735,-8.559172433,88.6,18.469,257.00,1.2,?,?
832,1518262497.0,41.243203717,-8.559388333,89.6,18.623,257.20,0.9,?,?
833,1518262498.0,41.243170417,-8.559605767,91.1,18.571,257.00,0.8,?,?
834,1518262499.0,41.24313595,-8.559818083,92.5,18.211,257.00,0.9,?,?
835,1518262500.0,41.243102417,-8.560027517,94.1,17.903,257.10,0.9,?,?
836,1518262501.0,41.2430684,-8.560234467,95.5,17.645,257.30,0.8,?,?
837,1518262502.0,41.243034683,-8.560436683,96.8,17.337,257.50,1.1,?,?
838,1518262503.0,41.24300245,-8.560638367,97.9,17.080,258.00,1.6,?,?
839,1518262504.0,41.242968983,-8.560837317,99.2,16.977,257.10,1.6,?,?
840,1518262505.0,41.242932133,-8.561028883,100.4,16.617,255.60,1.2,?,?
841,1518262506.0,41.24289035,-8.561219983,101.3,16.514,253.80,1.2,?,?
842,1518262507.0,41.242855867,-8.561405967,102.3,15.999,255.00,1.2,?,?
843,1518262508.0,41.24282775,-8.561580433,103.5,14.816,257.10,1.2,?,?
844,1518262509.0,41.242786467,-8.561750533,104.1,13.941,257.40,1.2,?,?
845,1518262510.0,41.24276235,-8.5619029,105.3,12.758,258.20,1.4,?,?
846,1518262511.0,41.2427465,-8.562039633,106.0,11.266,262.20,3.9,?,?
847,1518262512.0,41.24275185,-8.56216465,107.0,10.186,273.80,1.1,1.5,1.9
848,1518262513.0,41.242788217,-8.562277783,107.6,10.032,293.80,1.1,1.5,1.9
849,1518262514.0,41.2428329,-8.562383633,107.5,10.237,302.30,1.1,1.5,1.9
850,1518262515.0,41.2428727,-8.56249175,107.3,10.237,293.00,1.0,?,?
851,1518262516.0,41.24289345,-8.56260515,107.8,10.083,279.40,1.0,?,?
852,1518262517.0,41.242890883,-8.562729717,108.2,10.906,264.30,1.2,?,?
853,1518262518.0,41.242874717,-8.562864967,108.9,11.729,256.50,1.2,?,?
854,1518262519.0,41.242825783,-8.562971683,109.5,11.061,242.70,1.7,?,?
855,1518262520.0,41.242703167,-8.562958167,109.1,10.700,193.20,1.7,?,?
856,1518262521.0,41.242608133,-8.56294575,109.3,11.009,170.50,1.7,?,?
857,1518262522.0,41.242517317,-8.562893667,108.0,11.472,146.90,1.7,?,?
858,1518262523.0,41.242440667,-8.562798,107.9,12.089,130.30,1.5,?,?
859,1518262524.0,41.242375767,-8.562683417,108.1,11.729,124.10,1.5,?,?
860,1518262525.0,41.242304267,-8.562571483,108.0,11.884,131.70,1.4,?,?
861,1518262526.0,41.242217783,-8.562478717,107.7,12.141,146.50,1.4,?,?
862,1518262527.0,41.2421174,-8.5624115,107.7,12.552,158.80,1.4,?,?
863,1518262528.0,41.242003183,-8.562364183,107.7,13.067,166.40,1.4,?,?
864,1518262529.0,41.24188645,-8.562329233,108.0,13.324,169.60,1.4,?,?
865,1518262530.0,41.24176475,-8.562298367,108.4,13.684,170.80,1.4,?,?
866,1518262531.0,41.241640583,-8.5622771,109.1,14.199,173.50,1.4,?,?
867,1518262532.0,41.241511733,-8.562261567,109.7,14.662,176.20,1.8,?,?
868,1518262533.0,41.241378133,-8.562252383,110.3,15.073,178.00,1.6,?,?
869,1518262534.0,41.2412421,-8.562246283,111.0,15.330,179.00,1.8,?,?
870,1518262535.0,41.241104133,-8.562241783,111.9,15.485,179.20,1.3,?,?
871,1518262536.0,41.240964767,-8.562239083,112.6,15.536,179.40,1.3,?,?
872,1518262537.0,41.24082585,-8.562237267,113.3,15.433,179.20,1.3,?,?
873,1518262538.0,41.24068975,-8.562235083,113.8,15.022,178.90,1.1,?,?
874,1518262539.0,41.24055745,-8.562240083,114.2,14.662,181.90,1.1,?,?
875,1518262540.0,41.2404273,-8.5622624,114.6,14.816,188.90,1.3,?,?
876,1518262541.0,41.24029195,-8.562303367,114.3,15.228,196.30,1.3,?,?
877,1518262542.0,41.240165783,-8.56237415,114.3,15.485,205.70,1.3,?,?
878,1518262543.0,41.240047217,-8.562470317,114.2,15.896,214.70,1.3,?,?
879,1518262544.0,41.2399486,-8.562588067,113.3,15.639,224.40,1.3,?,?
880,1518262545.0,41.2398561,-8.56272275,112.6,15.896,230.70,1.3,?,?
881,1518262546.0,41.239768883,-8.56286925,111.9,15.896,234.20,1.3,?,?
882,1518262547.0,41.239686217,-8.5630202,111.7,15.793,235.60,1.1,?,?
883,1518262548.0,41.239608283,-8.5631787,111.1,15.999,238.10,1.2,?,?
884,1518262549.0,41.239537067,-8.563348533,109.9,16.256,242.10,1.2,?,?
885,1518262550.0,41.239475767,-8.563526083,109.0,16.462,246.50,1.7,2.3,2.9
886,1518262551.0,41.239419933,-8.563707067,108.0,16.565,249.20,1.7,2.3,2.9
887,1518262552.0,41.239374533,-8.563897667,107.2,16.822,253.00,1.7,2.3,2.9
888,1518262557.0,41.239334217,-8.56409205,106.1,?,?,2.6,4.7,5.3
889,1518262558.0,41.23916835,-8.565091483,106.3,17.440,260.10,7.8,1.0,7.8
890,1518262559.0,41.2391471,-8.5651661,106.7,13.067,258.20,2.4,1.0,2.6
891,1518262560.0,41.2391028,-8.565328933,106.3,12.501,254.70,4.6,?,?
892,1518262561.0,41.23906835,-8.565459233,106.2,10.906,252.30,4.6,?,?
893,1518262562.0,41.23902385,-8.5655642,105.8,9.106,245.20,4.6,?,?
894,1518262563.0,41.238986967,-8.56563815,105.3,6.739,236.20,4.6,?,?
895,1518262564.0,41.238918667,-8.565678867,105.1,3.087,233.40,2.7,?,?
896,1518262565.0,41.238910283,-8.565689683,105.0,0.463,208.50,2.7,?,?
897,1518262566.0,41.2389059,-8.565692767,104.6,0.360,101.70,1.3,?,?
898,1518262567.0,41.238904783,-8.565687417,105.1,0.309,114.00,1.3,?,?
899,1518262568.0,41.2389043,-8.565685867,105.0,0.154,144.40,1.3,?,?
900,1518262569.0,41.238903633,-8.56568525,104.8,0.103,179.10,1.2,?,?
901,1518262570.0,41.238901117,-8.5656848,104.4,0.206,185.40,1.2,?,?
902,1518262571.0,41.2389043,-8.565673417,105.9,0.051,156.30,1.2,?,?
903,1518262572.0,41.238905333,-8.56566685,106.6,0.051,27.90,1.2,?,?
904,1518262573.0,41.23890035,-8.565668317,106.1,0.051,331.70,1.2,?,?
905,1518262574.0,41.238896717,-8.565669567,105.7,0.051,210.90,1.2,?,?
906,1518262575.0,41.238892367,-8.565669267,105.2,0.103,171.10,1.3,?,?
907,1518262576.0,41.238890333,-8.565668133,105.1,0.000,30.50,1.3,?,?
908,1518262577.0,41.23888675,-8.5656673,104.7,0.154,152.50,1.0,?,?
909,1518262578.0,41.2388851,-8.565668433,104.4,0.051,175.00,1.0,?,?
910,1518262579.0,41.238882917,-8.5656682,104.2,0.051,199.30,1.0,?,?
911,1518262580.0,41.238882633,-8.565667967,104.2,0.051,230.30,1.0,?,?
912,1518262581.0,41.238882283,-8.565668917,103.9,0.051,296.10,1.0,?,?
913,1518262582.0,41.238878517,-8.56567055,103.1,0.154,172.90,1.0,?,?
914,1518262583.0,41.2388762,-8.5656723,102.8,0.154,168.30,1.0,?,?
915,1518262584.0,41.238875333,-8.565673917,102.6,0.103,218.70,1.0,?,?
916,1518262585.0,41.238875567,-8.565675533,102.4,0.103,280.10,1.1,?,?
917,1518262586.0,41.238875317,-8.565677067,102.3,0.154,296.10,1.1,?,?
918,1518262587.0,41.23887455,-8.565678517,102.2,0.051,237.80,1.1,?,?
919,1518262588.0,41.238874717,-8.5656798,102.1,0.051,329.50,1.1,?,?
920,1518262589.0,41.23887555,-8.56567915,102.2,0.051,309.90,1.1,?,?
921,1518262590.0,41.238875433,-8.56568,102.1,0.051,168.70,1.1,?,?
922,1518262591.0,41.238875983,-8.565680467,102.1,0.051,208.90,0.9,?,?
923,1518262592.0,41.238877533,-8.565680983,102.2,0.103,299.40,0.9,?,?
924,1518262593.0,41.2388779,-8.565680583,102.2,0.051,232.00,0.8,?,?
925,1518262594.0,41.238879083,-8.565679133,102.5,0.000,241.60,0.8,?,?
926,1518262595.0,41.2388793,-8.56567855,102.5,0.000,315.70,1.0,?,?
927,1518262596.0,41.23888055,-8.565680267,102.5,0.051,337.10,1.0,?,?
928,1518262597.0,41.238881783,-8.5656832,102.5,0.000,283.90,1.2,?,?
929,1518262598.0,41.238882783,-8.565685083,102.4,0.000,293.80,1.2,?,?
930,1518262599.0,41.238883567,-8.56568605,102.4,0.000,266.90,1.2,?,?
931,1518262600.0,41.238884,-8.56568675,102.2,0.051,146.50,1.2,?,?
932,1518262601.0,41.238884517,-8.5656878,102.1,0.000,90.20,1.2,?,?
933,1518262602.0,41.238884517,-8.565689617,101.9,0.051,258.10,1.2,?,?
934,1518262603.0,41.238884283,-8.565691783,101.7,0.051,242.40,1.5,?,?
935,1518262604.0,41.238883883,-8.565695417,101.4,0.051,234.10,1.9,?,?
936,1518262605.0,41.238883833,-8.5656996,100.9,0.103,251.60,1.9,?,?
937,1518262606.0,41.238884283,-8.5656986,101.0,0.051,231.30,1.5,?,?
938,1518262607.0,41.2388851,-8.565698133,101.0,0.103,242.30,1.5,?,?
939,1518262608.0,41.238885833,-8.565698083,101.0,0.103,242.90,1.5,?,?
940,1518262609.0,41.23888645,-8.565697767,101.1,0.051,201.00,1.5,?,?
941,1518262610.0,41.238887467,-8.565698167,101.1,0.000,60.50,1.5,?,?
942,1518262611.0,41.238887533,-8.5656989,101.1,0.154,215.00,1.2,?,?
943,1518262612.0,41.2388822,-8.565705517,100.8,0.977,210.90,1.5,?,?
944,1518262613.0,41.238865583,-8.565711517,101.0,2.315,192.60,1.5,?,?
945,1518262614.0,41.238840083,-8.565705367,100.8,3.447,159.90,1.3,?,?
946,1518262615.0,41.238826117,-8.565674933,101.0,3.447,120.50,1.3,?,?
947,1518262616.0,41.2388302,-8.565636717,101.8,3.241,80.40,1.9,2.6,3.2
948,1518262617.0,41.238845317,-8.565617783,102.0,2.778,50.00,1.7,2.4,2.9
949,1518262618.0,41.238866217,-8.56559065,102.7,3.447,42.70,1.5,?,?
950,1518262619.0,41.238886133,-8.565559217,102.6,4.116,49.40,1.3,?,?
951,1518262620.0,41.238911467,-8.565503233,103.1,5.607,59.00,1.3,?,?
952,1518262621.0,41.23894185,-8.56542815,103.5,7.357,62.20,1.3,?,?
953,1518262622.0,41.238975833,-8.565329617,105.0,9.054,66.20,1.3,?,?
954,1518262623.0,41.23901035,-8.565217983,105.2,10.495,68.00,1.6,?,?
955,1518262624.0,41.239046583,-8.56509315,104.8,11.729,68.80,1.9,?,?
956,1518262625.0,41.23908445,-8.564957817,105.1,12.604,69.50,1.9,?,?
957,1518262626.0,41.239121083,-8.564820283,105.1,12.861,69.90,1.9,?,?
958,1518262627.0,41.239162233,-8.564678783,105.1,13.118,69.30,1.9,?,?
959,1518262628.0,41.2392012,-8.564528383,105.7,13.273,69.40,3.1,4.2,5.2
960,1518262634.0,41.2392397,-8.564367333,106.6,?,?,5.7,1.0,5.8
961,1518262635.0,41.239017617,-8.563189267,103.0,15.073,64.00,27.2,?,?
962,1518262636.0,41.239440967,-8.563094567,103.4,16.308,90.60,8.8,?,?
963,1518262637.0,41.239558167,-8.5629442,104.0,16.617,55.70,8.8,?,?
964,1518262638.0,41.2396917,-8.56279865,104.5,15.485,59.10,8.8,?,?
965,1518262639.0,41.239858717,-8.562657533,109.8,16.308,47.00,2.6,?,?
966,1518262640.0,41.239973383,-8.562516883,112.5,16.411,43.10,1.1,?,?
967,1518262641.0,41.240086617,-8.562395433,112.9,15.948,37.40,1.2,?,?
968,1518262642.0,41.240214383,-8.562306117,113.1,15.845,25.30,1.2,?,?
969,1518262643.0,41.2403563,-8.562243633,113.5,16.462,15.90,1.4,?,?
970,1518262644.0,41.24050215,-8.562208617,113.7,16.771,7.80,1.4,?,?
971,1518262645.0,41.24065155,-8.562188667,114.5,17.388,1.10,1.4,?,?
972,1518262646.0,41.240806917,-8.562188117,114.6,17.594,357.70,1.4,?,?
973,1518262647.0,41.24096095,-8.56219645,114.4,17.182,356.70,1.4,?,?
974,1518262648.0,41.2411156,-8.5622034,114.0,17.028,357.60,1.4,?,?
975,1518262649.0,41.241270367,-8.562217183,114.3,16.977,358.80,1.2,?,?
976,1518262650.0,41.241423067,-8.562229983,114.1,16.977,358.10,1.2,?,?
977,1518262651.0,41.241578733,-8.56224245,114.0,17.285,356.70,1.2,?,?
978,1518262652.0,41.241729117,-8.562266767,113.4,17.028,353.00,2.8,?,?
979,1518262653.0,41.241870717,-8.5623057,113.4,16.411,346.80,2.8,?,?
980,1518262654.0,41.242000367,-8.5623565,112.8,15.279,342.60,1.4,?,?
981,1518262655.0,41.242116667,-8.562405483,112.1,13.530,341.60,1.4,?,?
982,1518262656.0,41.242220467,-8.562434033,112.2,11.575,348.30,2.8,?,?
983,1518262657.0,41.242316367,-8.562423117,112.2,10.392,8.50,2.8,?,?
984,1518262658.0,41.242409667,-8.562389283,112.7,10.392,22.40,1.2,?,?
985,1518262659.0,41.242505433,-8.562323033,111.6,11.575,30.20,1.3,1.5,2.0
986,1518262660.0,41.2425927,-8.562240883,110.0,12.038,36.70,1.2,1.5,2.0
987,1518262661.0,41.242670117,-8.562132433,108.9,11.472,47.80,1.1,1.5,1.8
988,1518262662.0,41.242728067,-8.562012117,108.5,11.729,61.90,1.1,1.5,1.8
989,1518262663.0,41.242757867,-8.5618725,108.0,12.604,76.60,1.1,1.5,1.8
990,1518262664.0,41.2427793,-8.561718467,107.2,13.787,80.50,1.0,?,?
991,1518262665.0,41.242804017,-8.561553667,106.0,14.713,79.50,1.0,?,?
992,1518262666.0,41.242833217,-8.561377467,104.7,15.742,78.40,1.0,?,?
993,1518262667.0,41.242865183,-8.561188517,103.5,16.822,77.70,1.2,?,?
994,1518262668.0,41.242901017,-8.56098895,102.4,17.697,76.90,1.0,?,?
995,1518262669.0,41.2429383,-8.560785583,101.5,17.851,76.50,1.0,?,?
996,1518262670.0,41.242974767,-8.5605801,100.5,17.851,76.60,1.0,?,?
997,1518262671.0,41.243011183,-8.56037465,99.6,17.800,76.80,1.2,?,?
998,1518262672.0,41.2430465,-8.560166733,98.3,17.954,77.10,1.2,?,?
999,1518262673.0,41.243081933,-8.559957683,97.1,18.108,77.30,1.2,?,?
1000,1518262674.0,41.243118283,-8.559748667,95.8,18.160,77.50,1.0,?,?
1001,1518262675.0,41.243155117,-8.5595364,94.7,18.263,77.50,0.8,?,?
1002,1518262676.0,41.243195867,-8.559320417,93.5,18.417,76.80,0.8,?,?
1003,1518262677.0,41.243233733,-8.559103117,93.1,18.314,77.10,0.9,?,?
1004,1518262678.0,41.24327225,-8.558888,93.6,17.954,77.50,0.8,?,?
1005,1518262679.0,41.2433084,-8.558677417,95.1,17.903,76.90,0.9,?,?
1006,1518262680.0,41.243343883,-8.5584698,96.2,17.800,76.60,1.0,?,?
1007,1518262681.0,41.243381333,-8.558262033,97.5,17.748,76.50,1.0,?,?
1008,1518262682.0,41.243418317,-8.558055083,98.7,17.748,76.70,1.0,?,?
1009,1518262683.0,41.243455117,-8.5578482,99.8,17.748,76.80,1.0,?,?
1010,1518262684.0,41.24349135,-8.557642383,100.9,17.645,77.20,1.0,?,?
1011,1518262685.0,41.243524883,-8.557438633,101.8,17.594,77.70,1.0,?,?
1012,1518262686.0,41.243558633,-8.557233033,102.7,17.543,77.60,0.8,?,?
1013,1518262687.0,41.243592983,-8.557028533,103.0,17.594,77.20,0.8,?,?
1014,1518262688.0,41.243628417,-8.5568222,103.1,17.800,77.20,0.9,?,?
1015,1518262689.0,41.2436655,-8.556617533,103.3,17.903,77.10,0.9,?,?
1016,1518262690.0,41.243702617,-8.556412683,103.3,17.851,76.90,0.9,?,?
1017,1518262691.0,41.243740217,-8.556205983,102.8,18.057,76.80,0.9,?,?
1018,1518262692.0,41.243779533,-8.555995517,101.9,18.469,76.70,0.9,?,?
1019,1518262693.0,41.243818917,-8.555779767,101.1,18.726,76.80,0.9,?,?
1020,1518262694.0,41.243857717,-8.555564383,100.6,18.469,76.80,0.9,?,?
1021,1518262695.0,41.24389285,-8.555356733,100.5,17.388,76.70,0.9,?,?
1022,1518262696.0,41.243925333,-8.555169767,100.9,15.228,76.30,0.9,?,?
1023,1518262697.0,41.243953533,-8.55501135,101.7,12.501,77.70,0.9,?,?
1024,1518262698.0,41.243961167,-8.554877267,102.4,10.443,87.50,1.1,?,?
1025,1518262699.0,41.243942767,-8.55476145,102.6,9.414,106.90,1.1,?,?
1026,1518262700.0,41.243892967,-8.5546476,102.4,10.546,125.00,1.2,?,?
1027,1518262701.0,41.243844433,-8.554539717,102.6,10.649,120.70,1.0,?,?
1028,1518262702.0,41.243815367,-8.554424717,103.2,10.340,105.40,1.2,?,?
1029,1518262703.0,41.243823583,-8.554305233,103.6,10.546,80.00,1.0,?,?
1030,1518262704.0,41.243870017,-8.554198817,103.7,11.112,55.50,1.1,1.5,1.8
1031,1518262705.0,41.243945583,-8.5541255,104.2,11.215,32.30,1.0,?,?
1032,1518262706.0,41.2440431,-8.55409725,104.3,11.729,8.50,1.0,?,?
1033,1518262707.0,41.24415025,-8.55410625,105.0,12.861,352.80,1.0,?,?
1034,1518262708.0,41.244241317,-8.554162033,105.6,12.347,334.30,1.0,?,?
1035,1518262709.0,41.2442841,-8.55427615,104.8,11.421,302.90,1.0,?,?
1036,1518262710.0,41.24430465,-8.5544052,105.1,11.832,277.80,0.9,?,?
1037,1518262711.0,41.244304533,-8.554530517,105.2,11.987,259.40,0.9,?,?
1038,1518262712.0,41.244266117,-8.554640817,104.5,12.089,238.60,0.9,?,?
1039,1518262713.0,41.24420245,-8.554750833,104.8,12.501,225.40,0.9,?,?
1040,1518262714.0,41.24411555,-8.554826267,104.8,12.089,216.90,0.9,?,?
1041,1518262715.0,41.244043833,-8.55491825,104.3,11.266,222.80,0.9,?,?
1042,1518262716.0,41.243992517,-8.5550453,103.0,12.347,244.70,0.9,?,?
1043,1518262717.0,41.243956167,-8.555195933,102.0,14.302,257.70,0.9,?,?
1044,1518262718.0,41.243920567,-8.555363517,101.0,15.793,259.00,0.9,?,?
1045,1518262719.0,41.243889917,-8.5555534,101.0,16.771,258.60,0.9,?,?
1046,1518262720.0,41.243859467,-8.555751583,101.8,17.285,257.70,0.9,?,?
1047,1518262721.0,41.243826833,-8.55595645,102.7,17.748,256.90,0.9,?,?
1048,1518262722.0,41.243791283,-8.55616725,103.5,18.263,256.60,0.9,?,?
1049,1518262723.0,41.243756267,-8.556383817,104.5,18.777,256.90,0.8,?,?
1050,1518262724.0,41.243717717,-8.55660465,104.7,19.497,257.00,0.8,?,?
1051,1518262725.0,41.24367605,-8.556837183,104.4,20.423,257.10,0.8,?,?
1052,1518262726.0,41.24363205,-8.557076167,103.6,20.475,257.20,0.8,?,?
1053,1518262727.0,41.243585433,-8.55731865,102.5,21.144,256.70,0.8,?,?
1054,1518262728.0,41.243536067,-8.557570067,100.8,22.173,256.80,0.8,?,?
1055,1518262729.0,41.243487317,-8.5578333,99.0,23.099,257.30,0.9,?,?
1056,1518262730.0,41.24343775,-8.55810135,97.3,23.304,257.00,0.9,?,?
1057,1518262731.0,41.243387167,-8.558370717,95.5,23.253,256.60,0.9,?,?
1058,1518262732.0,41.2433385,-8.558643183,93.8,23.510,257.30,0.9,?,?
1059,1518262733.0,41.243291317,-8.558920467,92.3,23.973,257.70,1.0,?,?
1060,1518262734.0,41.243240217,-8.559199817,92.0,24.333,256.80,1.1,1.5,1.8
1061,1518262735.0,41.24318905,-8.559481,93.4,24.333,256.50,1.1,1.5,1.8
1062,1518262736.0,41.243138633,-8.5597629,94.8,24.230,256.60,1.1,1.5,1.8
1063,1518262737.0,41.243092283,-8.5600427,95.8,23.870,257.30,1.0,?,?
1064,1518262738.0,41.2430467,-8.560320117,96.8,23.664,257.30,1.1,?,?
1065,1518262739.0,41.243002217,-8.5605928,98.5,23.459,257.30,1.6,?,?
1066,1518262740.0,41.2429551,-8.560861833,99.9,23.099,256.80,1.7,?,?
1067,1518262741.0,41.242908483,-8.561120683,101.1,22.018,256.60,1.5,?,?
1068,1518262742.0,41.242861383,-8.561367217,102.1,20.784,256.00,1.5,?,?
1069,1518262743.0,41.242818617,-8.56159565,102.8,19.086,255.70,1.5,?,?
1070,1518262744.0,41.242782083,-8.56179975,103.5,16.719,257.20,1.5,?,?
1071,1518262745.0,41.24276035,-8.56196965,104.1,14.044,259.40,1.5,?,?
1072,1518262746.0,41.242760617,-8.562115967,105.4,11.832,268.80,1.5,?,?
1073,1518262747.0,41.24277975,-8.562254017,105.2,11.112,284.90,1.5,?,?
1074,1518262748.0,41.242828867,-8.562373317,106.0,11.369,299.80,1.1,1.5,1.8
1075,1518262749.0,41.242871333,-8.562492667,107.3,11.369,294.80,1.1,?,?
1076,1518262750.0,41.242892767,-8.56261875,108.1,11.318,279.10,1.1,?,?
1077,1518262751.0,41.242870567,-8.562743033,108.5,11.678,255.40,1.0,?,?
1078,1518262752.0,41.242830167,-8.5628671,109.3,12.038,243.00,1.1,?,?
1079,1518262753.0,41.242723633,-8.562898783,109.2,11.524,202.80,1.4,?,?
1080,1518262754.0,41.242634533,-8.562914867,110.0,11.369,180.70,1.4,?,?
1081,1518262755.0,41.24253395,-8.562883317,109.3,12.038,157.70,1.7,2.4,3.0
1082,1518262756.0,41.2424468,-8.562799267,108.5,12.964,136.10,1.2,?,?
1083,1518262757.0,41.24237155,-8.562678633,108.3,14.044,125.30,1.2,?,?
1084,1518262758.0,41.242298333,-8.56256365,108.0,12.810,128.00,1.5,?,?
1085,1518262759.0,41.2422075,-8.5624643,107.8,12.758,144.50,1.5,?,?
1086,1518262760.0,41.242097433,-8.562395767,107.7,13.427,160.70,1.5,?,?
1087,1518262761.0,41.2419776,-8.562353033,108.2,13.993,168.30,1.5,?,?
1088,1518262762.0,41.241851267,-8.56231615,108.3,14.404,169.00,1.5,?,?
1089,1518262763.0,41.241726883,-8.562284667,109.0,14.713,170.10,1.5,?,?
1090,1518262764.0,41.241592267,-8.562260167,109.2,15.125,173.50,1.5,?,?
1091,1518262765.0,41.24145115,-8.562243333,109.3,15.742,176.40,1.5,?,?
1092,1518262766.0,41.24130985,-8.562234583,110.1,16.256,177.80,1.5,?,?
1093,1518262767.0,41.24116555,-8.5622288,110.8,16.462,178.70,1.5,?,?
1094,1518262768.0,41.24102105,-8.562224417,111.4,16.359,179.30,1.1,?,?
1095,1518262769.0,41.240885183,-8.562224133,113.1,15.948,179.50,1.1,?,?
1096,1518262770.0,41.240752983,-8.562223133,115.3,15.639,178.80,1.1,?,?
1097,1518262771.0,41.240619183,-8.562234817,115.6,15.330,181.70,1.2,?,?
1098,1518262772.0,41.240477,-8.5622508,115.8,15.639,187.80,1.2,?,?
1099,1518262773.0,41.240334567,-8.562289517,115.8,16.102,194.90,1.7,?,?
1100,1518262774.0,41.240198883,-8.56235895,115.6,16.411,204.20,1.7,?,?
1101,1518262775.0,41.240071917,-8.56245335,115.7,16.617,214.20,1.4,?,?
1102,1518262776.0,41.239959417,-8.5625769,115.2,16.925,223.50,1.4,?,?
1103,1518262777.0,41.239849883,-8.562729517,114.5,17.954,230.00,1.4,?,?
1104,1518262778.0,41.23974555,-8.5629056,113.8,18.932,234.60,1.4,?,?
1105,1518262779.0,41.2396489,-8.563095817,113.1,19.497,237.80,1.7,?,?
1106,1518262780.0,41.2395619,-8.563294567,112.1,19.446,241.20,1.7,?,?
1107,1518262781.0,41.2394859,-8.563502283,111.0,19.497,245.10,1.7,?,?
1108,1518262782.0,41.239420733,-8.563714367,109.7,19.240,249.00,2.7,5.0,5.7
1109,1518262783.0,41.239367067,-8.56394475,108.3,19.960,253.50,2.7,5.0,5.7
1110,1518262784.0,41.239321133,-8.56417195,107.6,20.012,256.20,3.7,5.6,6.7
1111,1518262785.0,41.239273167,-8.564410967,107.1,20.578,257.20,2.5,1.0,2.7
1112,1518262786.0,41.2391247,-8.564636917,108.6,22.481,242.70,2.5,1.0,2.7
1113,1518262787.0,41.239052467,-8.564881217,109.1,21.607,246.90,4.4,1.0,4.5
1114,1518262788.0,41.238986883,-8.565089533,108.2,20.321,247.60,2.5,1.0,2.7
1115,1518262789.0,41.2389311,-8.5652963,107.2,19.497,248.10,3.1,7.9,8.5
1116,1518262790.0,41.238923567,-8.565407583,104.8,15.639,248.10,3.1,7.9,8.5
1117,1518262791.0,41.23890515,-8.565517783,104.2,11.987,245.60,2.4,?,?
1118,1518262792.0,41.2388753,-8.565625717,103.6,9.877,243.00,2.4,?,?
1119,1518262793.0,41.238852617,-8.565700183,104.1,7.357,236.00,2.4,?,?
1120,1518262794.0,41.238858617,-8.565753767,102.6,4.116,223.10,2.1,?,?
1121,1518262795.0,41.2388261,-8.5657527,101.8,3.858,163.60,2.1,?,?
1122,1518262796.0,41.238810117,-8.565715767,102.5,4.373,119.20,1.9,?,?
1123,1518262797.0,41.238800267,-8.565662833,101.9,5.607,101.10,2.4,?,?
1124,1518262798.0,41.238804133,-8.56560675,101.0,5.916,87.30,2.5,?,?
1125,1518262799.0,41.238853183,-8.565565983,100.2,6.585,52.80,1.9,?,?
1126,1518262800.0,41.238882467,-8.565487217,100.6,7.562,54.80,1.9,?,?
1127,1518262801.0,41.23891535,-8.565395533,100.9,8.797,60.90,2.7,?,?
1128,1518262802.0,41.23895465,-8.5652821,101.5,10.495,65.90,2.9,4.2,5.1
1129,1518262803.0,41.2389971,-8.565159367,102.0,11.626,67.50,1.9,2.7,3.3
1130,1518262804.0,41.2390357,-8.565027267,102.7,12.347,69.60,1.9,2.7,3.3
1131,1518262805.0,41.239077,-8.56488725,103.2,12.861,70.20,1.9,2.7,3.3
1132,1518262806.0,41.239116017,-8.564745733,103.7,12.913,71.20,1.9,2.7,3.3
1133,1518262807.0,41.23915285,-8.564602017,104.1,12.861,72.40,5.4,1.0,5.5
1134,1518262811.0,41.2391846,-8.5644583,103.8,?,?,7.3,1.0,7.3
1135,1518262812.0,41.239301733,-8.563866967,105.0,12.758,74.80,9.6,1.0,9.6
1136,1518262813.0,41.239307017,-8.56368465,104.4,12.810,73.80,9.6,1.0,9.6
1137,1518262814.0,41.239327567,-8.563548333,103.8,12.141,67.00,9.6,1.0,9.6
1138,1518262815.0,41.239382683,-8.5634401,103.8,11.781,58.00,9.6,1.0,9.6
1139,1518262816.0,41.239658183,-8.562954833,107.8,18.366,51.80,5.4,?,?
1140,1518262817.0,41.239784117,-8.5627971,107.7,18.829,43.90,9.6,?,?
1141,1518262818.0,41.2400318,-8.562438983,109.6,18.160,35.70,2.9,?,?
1142,1518262819.0,41.24019625,-8.56230505,110.1,18.160,26.40,3.5,5.5,6.6
1143,1518262820.0,41.2403596,-8.56220975,110.8,18.829,19.70,2.5,1.0,2.7
1144,1518262821.0,41.2405416,-8.562154933,110.9,20.578,12.10,9.6,1.0,9.6
1145,1518262822.0,41.240702433,-8.5621353,111.0,20.629,1.40,9.4,1.0,9.5
1146,1518262823.0,41.240883417,-8.562135533,110.2,20.629,358.50,9.4,1.0,9.5
1147,1518262824.0,41.241064133,-8.562140067,109.2,20.423,358.10,9.4,1.0,9.5
1148,1518262825.0,41.241227167,-8.562167067,108.4,19.909,357.80,2.9,?,?
1149,1518262826.0,41.241413767,-8.56218765,108.0,19.549,357.90,3.1,?,?
1150,1518262827.0,41.241589617,-8.562206367,107.5,19.034,356.00,1.7,?,?
1151,1518262828.0,41.241755917,-8.562257967,106.9,17.697,349.80,2.9,?,?
1152,1518262829.0,41.241906433,-8.562302633,106.8,15.999,344.00,2.7,?,?
1153,1518262830.0,41.242050233,-8.562361783,107.5,14.456,341.00,2.7,?,?
1154,1518262831.0,41.242167267,-8.562405233,107.2,12.861,343.60,2.7,?,?
1155,1518262832.0,41.242269583,-8.56240935,106.9,10.958,0.00,1.5,?,?
1156,1518262833.0,41.242386767,-8.562379217,107.5,11.318,16.60,1.5,?,?
1157,1518262834.0,41.24248375,-8.562323767,107.1,12.089,26.10,1.7,2.5,3.0
1158,1518262835.0,41.24257365,-8.562242567,106.6,13.067,34.50,1.1,1.5,1.8
1159,1518262836.0,41.242653083,-8.5621457,107.0,13.015,45.90,1.1,1.5,1.8
1160,1518262837.0,41.242719017,-8.5620227,106.4,13.530,59.70,1.1,1.5,1.8
1161,1518262838.0,41.242758867,-8.561861117,106.7,14.559,74.40,1.0,?,?
1162,1518262839.0,41.242790017,-8.561680083,106.4,15.742,80.80,1.0,?,?
1163,1518262840.0,41.242818983,-8.561492683,105.5,17.080,80.60,1.1,?,?
1164,1518262841.0,41.2428513,-8.561287317,104.6,18.366,79.20,1.0,?,?
1165,1518262842.0,41.242887683,-8.5610645,103.9,19.652,77.80,1.3,?,?
1166,1518262843.0,41.242929017,-8.56082735,103.0,20.989,77.10,1.0,?,?
1167,1518262844.0,41.24297295,-8.56057695,102.2,22.121,77.00,1.3,?,?
1168,1518262845.0,41.243018283,-8.560316533,101.1,22.893,76.80,1.3,?,?
1169,1518262846.0,41.24306525,-8.560044017,99.4,23.767,77.00,1.3,?,?
1170,1518262847.0,41.243119867,-8.5597625,97.6,24.436,76.80,1.1,?,?
1171,1518262848.0,41.243177183,-8.55947635,96.8,24.693,77.10,1.0,?,?
1172,1518262849.0,41.243232033,-8.559188533,94.7,24.899,77.30,0.8,?,?
1173,1518262850.0,41.243284717,-8.558896883,94.6,25.002,77.10,0.8,?,?
1174,1518262851.0,41.243328967,-8.558608283,96.5,24.642,76.70,0.8,?,?
1175,1518262852.0,41.243377483,-8.55832435,97.8,24.127,76.60,1.0,?,?
1176,1518262853.0,41.243424217,-8.558045583,99.2,23.767,76.60,1.0,?,?
1177,1518262854.0,41.243466517,-8.557767467,99.4,23.459,77.00,1.0,?,?
1178,1518262855.0,41.2435125,-8.557497383,100.7,23.099,77.30,1.0,?,?
1179,1518262856.0,41.243557,-8.557231033,102.0,22.841,77.50,1.0,?,?
1180,1518262857.0,41.243601883,-8.556965167,102.4,22.738,77.40,0.8,?,?
1181,1518262858.0,41.243648933,-8.5566996,102.1,22.790,77.20,0.9,?,?
1182,1518262859.0,41.2436971,-8.556433383,101.8,22.944,76.90,0.8,?,?
1183,1518262860.0,41.243746783,-8.556168867,101.1,23.150,76.80,0.9,?,?
1184,1518262861.0,41.24379685,-8.55590295,100.2,23.099,76.50,0.8,?,?
1185,1518262862.0,41.243845717,-8.555643333,99.3,22.224,76.50,0.8,?,?
1186,1518262863.0,41.243888433,-8.55540135,98.9,20.012,76.80,0.8,?,?
1187,1518262864.0,41.243924933,-8.555190267,99.2,16.874,77.20,0.9,?,?
1188,1518262865.0,41.243954083,-8.55501865,99.9,13.273,78.70,0.8,?,?
1189,1518262866.0,41.243967333,-8.5548839,100.3,10.340,87.40,0.8,?,?
1190,1518262867.0,41.243949017,-8.5547667,101.2,9.466,104.70,1.0,?,?
1191,1518262868.0,41.243896467,-8.554654733,102.2,10.237,124.80,1.0,?,?
1192,1518262869.0,41.243843783,-8.554553533,102.6,10.495,122.70,1.0,?,?
1193,1518262870.0,41.243811983,-8.554440733,103.2,10.340,105.80,1.0,?,?
1194,1518262871.0,41.243812733,-8.5543253,103.7,10.186,84.10,1.0,?,?
1195,1518262872.0,41.2438552,-8.554217883,103.9,10.752,58.40,1.0,?,?
1196,1518262873.0,41.2439249,-8.554135017,104.5,11.061,38.60,1.0,?,?
1197,1518262874.0,41.244017867,-8.554095917,104.8,11.266,13.80,1.1,1.5,1.8
1198,1518262875.0,41.244120383,-8.5540953,104.9,12.192,355.80,1.1,1.5,1.8
1199,1518262876.0,41.24420485,-8.55414795,106.3,11.781,335.60,1.0,?,?
1200,1518262877.0,41.24427115,-8.554245483,106.5,11.421,311.40,0.9,?,?
1201,1518262878.0,41.244304133,-8.554375333,107.2,11.884,282.50,1.0,?,?
1202,1518262879.0,41.24430105,-8.554511683,107.7,12.655,261.80,1.0,?,?
1203,1518262880.0,41.244260017,-8.554641117,107.9,12.758,243.80,1.3,?,?
1204,1518262881.0,41.2441742,-8.554729267,107.9,13.015,220.70,1.0,?,?
1205,1518262882.0,41.244078083,-8.554810367,107.7,13.324,214.70,1.0,?,?
1206,1518262883.0,41.244020283,-8.5549209,108.3,12.655,234.30,0.8,?,?
1207,1518262884.0,41.24396865,-8.555066417,106.4,14.250,249.10,0.9,?,?
1208,1518262885.0,41.243924867,-8.555241783,104.1,15.948,258.60,0.9,?,?
1209,1518262886.0,41.24388625,-8.5554305,102.8,17.337,259.30,0.9,?,?
1210,1518262887.0,41.243852317,-8.5556347,102.6,18.108,258.30,0.9,?,?
1211,1518262888.0,41.243815117,-8.555849217,102.6,18.623,257.00,0.9,?,?
1212,1518262889.0,41.24377735,-8.556069617,102.9,19.034,256.80,0.8,?,?
1213,1518262890.0,41.243736,-8.556290083,103.2,19.086,256.70,0.8,?,?
1214,1518262891.0,41.243695217,-8.5565132,103.0,19.395,256.90,0.8,?,?
1215,1518262892.0,41.243653383,-8.556744483,102.4,20.115,257.00,0.8,?,?
1216,1518262893.0,41.243611267,-8.556983933,102.0,20.835,257.10,0.8,?,?
1217,1518262894.0,41.243567817,-8.557233467,101.1,21.658,257.20,0.8,?,?
1218,1518262895.0,41.243524467,-8.5574948,99.5,22.636,257.30,0.8,?,?
1219,1518262896.0,41.243479383,-8.557769817,97.9,23.767,257.00,0.8,?,?
1220,1518262897.0,41.24343015,-8.558049833,96.4,24.127,256.50,0.8,?,?
1221,1518262898.0,41.243380467,-8.558330033,94.9,24.230,256.70,0.8,?,?
1222,1518262899.0,41.243331833,-8.5586173,93.4,24.899,257.50,0.9,?,?
1223,1518262900.0,41.243281967,-8.55891425,91.9,25.774,257.70,0.9,?,?
1224,1518262901.0,41.2432307,-8.559215717,91.4,26.134,257.80,0.9,?,?
1225,1518262902.0,41.243178033,-8.55951525,92.9,26.082,256.80,0.9,?,?
1226,1518262903.0,41.243123983,-8.559813467,94.7,25.979,256.10,0.9,?,?
1227,1518262904.0,41.243075033,-8.5601096,95.7,25.311,257.20,0.8,?,?
1228,1518262905.0,41.243025383,-8.560404083,96.9,25.053,257.10,1.0,?,?
1229,1518262906.0,41.24297645,-8.560697283,98.1,24.796,257.40,1.0,?,?
1230,1518262907.0,41.2429264,-8.5609817,99.5,24.385,257.00,1.1,?,?
1231,1518262908.0,41.24287605,-8.561254333,100.9,23.459,256.20,1.0,?,?
1232,1518262909.0,41.242831017,-8.5615063,102.2,21.452,255.90,1.0,?,?
1233,1518262910.0,41.24279555,-8.561728383,103.3,18.777,256.90,1.0,?,?
1234,1518262911.0,41.2427685,-8.561906633,104.3,14.970,258.60,1.4,?,?
1235,1518262912.0,41.24275495,-8.56206315,104.7,12.141,265.10,1.5,?,?
1236,1518262913.0,41.242776117,-8.562208683,105.9,11.112,283.00,1.5,?,?
1237,1518262914.0,41.242813833,-8.562332683,106.3,11.266,298.80,1.5,?,?
1238,1518262915.0,41.2428628,-8.562449167,106.2,11.421,304.00,1.5,?,?
1239,1518262916.0,41.242885267,-8.56257155,106.1,10.803,286.30,1.0,?,?
1240,1518262917.0,41.242878417,-8.56269945,107.3,11.472,263.30,1.0,?,?
1241,1518262918.0,41.242838433,-8.56281605,107.5,11.781,243.30,1.0,?,?
1242,1518262919.0,41.242763417,-8.56290375,108.1,11.987,222.50,1.6,?,?
1243,1518262920.0,41.24266035,-8.562917183,109.3,12.089,188.80,1.8,?,?
1244,1518262921.0,41.242556333,-8.562896733,109.6,12.758,165.80,1.9,?,?
1245,1518262922.0,41.242466633,-8.562821883,109.3,13.376,141.30,1.9,?,?
1246,1518262923.0,41.242384917,-8.5626972,109.0,15.228,125.60,2.2,?,?
1247,1518262924.0,41.242300633,-8.562557067,108.2,16.359,125.60,2.2,?,?
1248,1518262925.0,41.24218375,-8.562412183,106.8,18.160,135.90,2.2,?,?
1249,1518262926.0,41.24203515,-8.562268733,104.0,20.835,144.30,2.6,?,?
1250,1518262927.0,41.241909767,-8.56222475,104.3,19.189,157.10,2.6,?,?
1251,1518262928.0,41.241759017,-8.5621606,104.2,18.932,161.90,2.6,?,?
1252,1518262929.0,41.241639733,-8.562166967,104.3,16.051,171.80,2.8,?,?
1253,1518262930.0,41.24150945,-8.562160517,104.4,15.742,175.00,2.1,?,?
1254,1518262931.0,41.241374,-8.5621666,104.4,16.462,177.10,1.6,?,?
1255,1518262932.0,41.24123435,-8.562176283,104.8,16.771,178.80,1.5,?,?
1256,1518262933.0,41.2410953,-8.56220725,104.9,17.182,180.30,1.5,?,?
1257,1518262934.0,41.240944267,-8.56221515,105.1,17.388,180.30,2.1,?,?
1258,1518262935.0,41.240789683,-8.562215217,105.3,17.337,179.10,1.5,?,?
1259,1518262936.0,41.240638183,-8.56221485,107.9,17.131,178.80,1.5,?,?
1260,1518262937.0,41.240493983,-8.5622343,106.9,16.514,183.20,1.1,?,?
1261,1518262938.0,41.240354817,-8.562265017,108.2,16.874,189.80,1.5,?,?
1262,1518262939.0,41.240215017,-8.56232505,109.1,17.285,199.30,1.8,?,?
1263,1518262940.0,41.240080817,-8.5624152,110.1,17.491,208.90,2.0,?,?
1264,1518262941.0,41.2399597,-8.562534717,111.2,17.645,220.00,1.4,?,?
1265,1518262942.0,41.23985505,-8.562685217,112.1,17.954,229.20,1.4,?,?
1266,1518262943.0,41.239760733,-8.562855767,112.6,18.366,234.10,1.4,?,?
1267,1518262944.0,41.239666683,-8.563035233,112.3,18.623,235.80,1.4,?,?
1268,1518262945.0,41.23957795,-8.563226517,111.5,19.086,238.80,1.8,?,?
1269,1518262946.0,41.239497333,-8.5634314,110.4,19.652,243.30,1.8,?,?
1270,1518262947.0,41.2394281,-8.563650283,109.2,20.166,248.40,2.9,5.1,5.9
1271,1518262948.0,41.239369067,-8.5638827,108.8,20.732,252.20,1.8,2.5,3.1
1272,1518262952.0,41.239316633,-8.564123733,107.4,?,?,2.9,5.1,5.9
1273,1518262953.0,41.239146767,-8.565144967,109.0,21.915,261.30,10.0,1.0,10.1
1274,1518262954.0,41.239115567,-8.565403567,109.5,21.967,262.40,10.0,1.0,10.1
1275,1518262955.0,41.2389721,-8.565390467,107.2,15.022,246.70,5.0,?,?
1276,1518262956.0,41.238908567,-8.56552945,106.6,12.501,241.50,5.0,?,?
1277,1518262957.0,41.238861183,-8.565631283,106.2,9.311,235.60,5.0,?,?
1278,1518262958.0,41.23882645,-8.56569475,106.1,6.225,223.10,6.9,?,?
