No of GPS Satellites Available, Time Since Start of Day (seconds), Latitude (degrees), Longitude (degrees), Velocity (km/hr), Heading (degrees), Height (km), Vertical velocity (km/hr), Sample period (seconds), Steering Angle (degrees), Wheel Speed Front Left (rad/sec), Wheel Speed Front Right (rad/sec), Wheel Speed Rear Left (rad/sec), Wheel Speed Rear Right (rad/sec), Yaw Rate (deg/sec), Indicated Vehicle Speed (km/hr), Indicated Longitudinal Acceleration (g), Indicated Lateral Acceleration (g), Handbrake (0 or 1), Gear Requested (Number fof gear employed 1-5), Gear (Number fof gear employed 1-5), Engine Speed (rev/min), Coolant Temperature (degrees), Clutch Position (0 or 1), Brake Pressure (psi), Brake Position (0 or 1), Battery Voltage (volts), Air Temperature (degrees), Accelerator Pedal Position (0 or 1)
138.0,66180.9,52.557834400000004,-1.4802802,65.34,113.675,86.57,0.28,0.1,0.0,65.59999,65.64999,65.56999,65.39,-0.1999817,65.37,0.06936002,-0.03978014,0.0,5.0,3.0,2032.0,85.0,0.0,-0.2400208,0.0,14.0,7.5,30.5
138.0,66181.0,52.557827800000005,-1.4802558,65.27199999999999,113.778,86.59,0.27,0.1,0.0,66.01999,65.94,65.73,65.51999,-0.1999817,65.95,0.05915999,-0.01938009,0.0,5.0,3.0,2044.0,85.0,0.0,-0.01000977,0.0,14.0,7.5,30.5
138.0,66181.1,52.5578211,-1.4802312,65.689,114.04,86.61,0.28,0.1,0.0,66.14999,66.05,66.0,65.75,-0.8999939,66.13,0.06936002,-0.01938009,0.0,5.0,3.0,2045.0,85.0,0.0,-0.2400208,0.0,14.0,7.5,30.5
138.0,66181.2,52.5578145,-1.4802065999999996,65.675,113.654,86.62,0.26,0.1,0.0,66.33,66.12,66.22,65.95999,-1.600006,66.27,0.06936002,-0.03978014,0.0,5.0,3.0,2057.0,85.0,0.0,-0.01000977,0.0,14.0,7.5,30.5
138.0,66181.3,52.55780789999999,-1.4801818,65.873,113.787,86.65,0.27,0.1,0.0,66.59999,66.47,66.48,66.22,-1.5,66.59,0.06936002,-0.04997993,0.0,5.0,3.0,2058.0,85.0,0.0,-0.01000977,0.0,14.0,7.5,30.5
139.0,66181.4,52.5578012,-1.4801571,66.089,113.939,86.69,0.29,0.1,0.0,66.73999,66.56999,66.69,66.3,-1.199982,66.76,0.06936002,-0.05915999,0.0,5.0,3.0,2051.0,85.0,0.0,-0.01000977,0.0,14.0,7.5,30.5
139.0,66181.5,52.5577944,-1.4801323000000004,66.352,114.084,86.7,0.29,0.1,0.0,66.95,66.8,66.86,66.47,-1.299988,66.87,0.06936002,-0.06936002,0.0,5.0,3.0,2051.0,85.0,0.0,-0.01000977,0.0,14.0,7.5,30.5
139.0,66181.6,52.5577876,-1.4801074,66.48100000000001,114.022,86.72,0.28,0.1,0.0,67.09,66.98999,67.06999,66.45999,-1.600006,67.0,0.06936002,-0.07956004,0.0,5.0,3.0,2065.0,85.0,0.0,-0.01000977,0.0,14.0,7.5,30.5
139.0,66181.7,52.5577806,-1.4800825000000002,66.80199999999999,114.618,86.75,0.28,0.1,0.0,67.39999,67.2,67.19,66.75999,-1.699982,67.18999000000001,0.06936002,-0.05915999,0.0,5.0,3.0,2059.0,85.0,0.0,-0.01000977,0.0,14.0,7.5,30.5
139.0,66181.8,52.5577737,-1.4800576000000005,66.888,114.415,86.77,0.28,0.1,0.0,67.53999,67.37999,67.37999,67.03,-1.399994,67.39,0.05915999,-0.06936002,0.0,5.0,3.0,2075.0,85.0,0.0,-0.01000977,0.0,14.0,7.5,30.5
139.0,66181.9,52.5577666,-1.4800326000000001,67.057,114.758,86.8,0.29,0.1,0.0,67.70999,67.59999,67.51999,67.16,-1.600006,67.6,0.05915999,-0.05915999,0.0,5.0,3.0,2072.0,85.0,0.0,-0.01000977,0.0,14.0,7.5,30.5
139.0,66182.0,52.557759499999996,-1.4800077,67.244,114.824,86.82,0.29,0.1,0.0,67.84999,67.75,67.70999,67.42,-1.5,67.72,0.05915999,-0.05915999,0.0,5.0,3.0,2086.0,85.0,0.0,-0.01000977,0.0,14.0,7.5,30.5
139.0,66182.1,52.5577523,-1.4799827,67.464,115.128,86.84,0.28,0.1,0.0,67.98999,67.87,67.89,67.53999,-1.399994,67.87,0.06936002,-0.04997993,0.0,5.0,3.0,2079.0,85.0,0.0,-0.01000977,0.0,14.0,7.5,31.0
139.0,66182.2,52.557745100000005,-1.4799576000000003,67.583,115.247,86.86,0.28,0.1,0.0,68.17999,68.08,68.11,67.72,-1.399994,68.04,0.06936002,-0.05915999,0.0,5.0,3.0,2087.0,85.0,0.0,-0.01000977,0.0,14.0,7.5,31.0
139.0,66182.3,52.5577379,-1.4799325,67.712,115.21,86.89,0.28,0.1,0.0,68.34,68.25999,68.26999,67.92999,-1.199982,68.24,0.05915999,-0.04997993,0.0,5.0,3.0,2100.0,85.0,0.0,-0.01000977,0.0,14.0,7.5,31.0
139.0,66182.4,52.5577306,-1.4799073,68.033,115.367,86.91,0.28,0.1,0.0,68.59999,68.42,68.42,67.98,-0.6999816999999999,68.43999000000001,0.05915999,-0.04997993,0.0,5.0,3.0,2105.0,85.0,0.0,-0.2400208,0.0,14.0,7.5,31.0
139.0,66182.5,52.5577233,-1.4798821999999998,68.044,115.583,86.95,0.29,0.1,0.0,68.67,68.62,68.56,68.23999,-0.3999939,68.59,0.05915999,-0.02958012,0.0,5.0,3.0,2111.0,85.0,0.0,-0.01000977,0.0,14.0,7.5,31.0
139.0,66182.6,52.5577159,-1.4798569000000001,68.267,115.578,86.97,0.28,0.1,0.0,68.75,68.81999,68.66,68.53,0.3000183,68.79,0.05915999,0.0,0.0,5.0,3.0,2114.0,85.0,0.0,-0.01000977,0.0,14.0,7.5,31.0
139.0,66182.7,52.55770850000001,-1.4798315,68.688,115.737,87.01,0.29,0.1,0.0,69.0,68.95999,69.0,68.59999,0.2000122,68.96,0.05915999,0.009180069,0.0,5.0,3.0,2115.0,85.0,0.0,-0.01000977,0.0,14.0,7.5,31.0
139.0,66182.8,52.5577011,-1.4798061999999998,68.67699999999999,115.52,87.03,0.28,0.1,0.0,69.23,69.20999,69.09,68.83,0.0,69.17,0.05915999,0.009180069,0.0,5.0,3.0,2127.0,85.0,0.0,-0.01000977,0.0,14.0,7.5,31.0
139.0,66182.9,52.5576938,-1.4797807999999997,68.638,115.457,87.06,0.29,0.1,0.0,69.39999,69.33,69.19,68.91,0.0,69.3,0.05915999,0.0,0.0,5.0,3.0,2123.0,85.0,0.0,-0.01000977,0.0,14.0,7.5,31.0
139.0,66183.0,52.557686399999994,-1.4797552,69.095,115.386,87.09,0.28,0.1,0.0,69.51999,69.56,69.36,69.20999,0.0,69.37,0.06936002,0.0,0.0,5.0,3.0,2135.0,85.0,0.0,-0.01000977,0.0,14.0,7.5,31.0
139.0,66183.1,52.557679,-1.4797294999999997,69.196,115.438,87.12,0.29,0.1,0.0,69.73,69.83,69.50999,69.37999,0.3000183,69.59,0.05915999,0.0,0.0,5.0,3.0,2131.0,85.0,0.0,-0.01000977,0.0,14.0,7.5,31.0
139.0,66183.2,52.5576715,-1.4797038,69.415,115.488,87.15,0.29,0.1,0.0,69.94,70.03999,69.62,69.48999,0.1000061,69.75,0.05915999,0.0,0.0,5.0,3.0,2147.0,85.0,0.0,-0.01000977,0.0,14.0,7.5,31.0
139.0,66183.3,52.5576642,-1.4796781,69.376,115.251,87.19,0.3,0.1,0.0,70.06,70.14999,69.81,69.69,0.0,70.0,0.05915999,0.0,0.0,5.0,3.0,2140.0,85.0,0.0,-0.01000977,0.0,14.0,7.5,31.0
139.0,66183.4,52.557656800000004,-1.4796523000000001,69.538,115.248,87.22,0.3,0.1,0.0,70.14999,70.23999,69.98999,69.87999,0.0,70.18999000000001,0.05915999,0.0,0.0,5.0,3.0,2156.0,85.0,0.0,-0.2400208,0.0,14.0,7.5,30.0
139.0,66183.5,52.557649399999995,-1.4796263,70.002,115.131,87.25,0.3,0.1,0.0,70.39,70.31,70.06999,69.91,0.2000122,70.29,0.05915999,0.0,0.0,5.0,3.0,2161.0,85.0,0.0,-0.01000977,0.0,14.1,7.5,29.5
139.0,66183.6,52.5576419,-1.4796003000000004,70.085,115.302,87.28,0.3,0.1,0.0,70.51999,70.48999,70.36,70.06999,0.2000122,70.51,0.04997993,-0.009180069,0.0,5.0,3.0,2157.0,85.0,0.0,-0.01000977,0.0,14.0,7.5,29.5
139.0,66183.7,52.5576345,-1.4795744,70.042,115.253,87.31,0.3,0.1,0.0,70.69,70.64,70.47,70.09,0.2000122,70.72,0.04997993,0.0,0.0,5.0,3.0,2175.0,85.0,0.0,-0.01000977,0.0,14.0,7.5,29.5
139.0,66183.8,52.557627000000004,-1.4795483,70.225,115.149,87.33,0.3,0.1,0.0,70.75,70.76999,70.64999,70.42,-0.1000061,70.84,0.05915999,-0.01938009,0.0,5.0,3.0,2168.0,85.0,0.0,-0.01000977,0.0,14.0,7.5,29.5
139.0,66183.9,52.5576195,-1.4795222000000001,70.51,115.205,87.36,0.3,0.1,0.0,70.98,70.95999,70.86,70.62,-0.1000061,70.96,0.05915999,0.0,0.0,5.0,3.0,2181.0,85.0,0.0,-0.2400208,0.0,14.0,7.5,29.5
139.0,66184.0,52.557612,-1.4794959999999997,70.765,115.133,87.39,0.3,0.1,0.0,71.06,71.09999,71.0,70.76999,0.0,71.07,0.05915999,0.0,0.0,5.0,3.0,2186.0,85.0,0.0,-0.2400208,0.0,14.0,7.5,29.5
139.0,66184.1,52.557604500000004,-1.4794696999999999,70.877,115.107,87.41,0.3,0.1,0.0,71.28999,71.34,71.12999,70.91,0.0,71.18999000000002,0.04997993,0.0,0.0,5.0,3.0,2184.0,85.0,0.0,-0.9599915,0.0,14.0,7.5,29.5
139.0,66184.2,52.557597,-1.4794434,70.697,115.123,87.45,0.31,0.1,0.0,71.41,71.42999,71.31999,71.05,0.0,71.41,0.05915999,0.0,0.0,5.0,3.0,2195.0,85.0,0.0,-0.2400208,0.0,14.0,7.5,29.5
139.0,66184.3,52.5575895,-1.4794169999999995,71.165,115.063,87.48,0.31,0.1,0.0,71.64999,71.56999,71.48,71.16,0.0,71.53,0.05915999,0.0,0.0,5.0,3.0,2201.0,85.0,0.0,-0.01000977,0.0,14.0,7.5,29.5
139.0,66184.4,52.557581899999995,-1.4793905,71.30199999999998,114.923,87.51,0.3,0.1,0.0,71.73999,71.78,71.64999,71.34,0.0,71.67,0.05915999,-0.01938009,0.0,5.0,3.0,2194.0,85.0,0.0,-0.01000977,0.0,14.0,7.5,29.5
139.0,66184.5,52.557574300000006,-1.4793640000000001,71.32,115.201,87.55,0.33,0.1,0.0,71.92999,71.98,71.67,71.42,-0.1999817,71.86,0.05915999,-0.01938009,0.0,5.0,3.0,2209.0,85.0,0.0,-0.01000977,0.0,14.0,7.5,29.5
139.0,66184.6,52.5575667,-1.4793375,71.42,115.174,87.58,0.33,0.1,0.0,72.06,72.14,71.78999,71.53999,-0.1000061,72.0,0.05915999,-0.01938009,0.0,5.0,3.0,2215.0,85.0,0.0,-0.01000977,0.0,14.1,7.5,29.5
139.0,66184.7,52.557559100000006,-1.4793108,71.852,114.874,87.61,0.32,0.1,0.0,72.25999,72.25999,72.03,71.8,-0.3999939,72.25,0.05915999,-0.02958012,0.0,5.0,3.0,2220.0,85.0,0.0,-0.01000977,0.0,14.0,7.5,29.5
139.0,66184.8,52.557551600000004,-1.4792841,71.863,114.781,87.64,0.31,0.1,0.0,72.48999,72.39,72.22,71.84,-0.6999816999999999,72.4,0.05915999,-0.03978014,0.0,5.0,3.0,2224.0,85.0,0.0,-0.01000977,0.0,14.0,7.5,29.5
139.0,66184.9,52.557543900000006,-1.4792573,72.256,115.134,87.65,0.29,0.1,0.0,72.61,72.53,72.48,72.06,-0.7999878,72.55,0.05915999,-0.03978014,0.0,5.0,3.0,2219.0,85.0,0.0,-0.01000977,0.0,14.0,7.5,29.5
139.0,66185.0,52.5575363,-1.4792305999999997,72.115,115.207,87.68,0.3,0.1,0.0,72.75999,72.66,72.58,72.19,-0.6999816999999999,72.65,0.05915999,-0.02958012,0.0,5.0,3.0,2225.0,85.0,0.0,-0.01000977,0.0,14.0,7.5,29.5
139.0,66185.1,52.55752850000001,-1.4792039000000001,72.202,115.542,87.72,0.3,0.1,0.0,72.86,72.83,72.62999,72.39999,-0.6999816999999999,72.77,0.05915999,-0.02958012,0.0,5.0,3.0,2230.0,85.0,0.0,-0.01000977,0.0,14.1,7.5,29.5
139.0,66185.2,52.5575206,-1.4791771,72.443,115.781,87.75,0.3,0.1,0.0,73.03,72.92,72.86,72.67,-0.6999816999999999,72.93,0.05915999,-0.02958012,0.0,5.0,3.0,2243.0,85.0,0.0,-0.01000977,0.0,14.0,7.5,29.5
139.0,66185.3,52.557513,-1.47915,72.954,115.025,87.77,0.3,0.1,0.0,73.17999,73.08,72.95,72.75999,-0.2999878,73.11,0.05915999,-0.02958012,0.0,5.0,3.0,2250.0,85.0,0.0,-0.01000977,0.0,14.1,7.5,29.5
139.0,66185.4,52.5575051,-1.4791230999999996,72.835,115.6,87.81,0.3,0.1,0.0,73.34,73.34999,73.22,72.91,0.0,73.26,0.04997993,-0.02958012,0.0,5.0,3.0,2245.0,85.0,0.0,-0.01000977,0.0,14.0,7.5,29.5
139.0,66185.5,52.5574974,-1.4790961,72.785,115.225,87.83,0.29,0.1,0.0,73.62999,73.59,73.28999,72.98,-0.1999817,73.42,0.04997993,-0.01938009,0.0,5.0,3.0,2251.0,85.0,0.0,-0.2400208,0.0,14.0,7.5,29.5
139.0,66185.6,52.557489499999996,-1.4790691,72.954,115.476,87.85,0.29,0.1,0.0,73.67999,73.75999,73.26999,73.17999,-0.1000061,73.63,0.05915999,-0.009180069,0.0,5.0,3.0,2264.0,85.0,0.0,-0.01000977,0.0,14.0,7.5,29.5
139.0,66185.7,52.5574815,-1.479042,73.267,115.555,87.89,0.3,0.1,0.0,73.81999,73.76999,73.56999,73.42,-0.1999817,73.81,0.05915999,-0.01938009,0.0,5.0,3.0,2267.0,85.0,0.0,-0.01000977,0.0,14.0,7.5,29.5
139.0,66185.8,52.557473699999996,-1.4790148,73.429,115.272,87.92,0.32,0.1,0.0,73.89,73.81999,73.70999,73.53,-0.1000061,73.9,0.05915999,-0.009180069,0.0,5.0,3.0,2264.0,85.0,0.0,-0.2400208,0.0,14.0,7.5,28.0
139.0,66185.9,52.557465699999995,-1.4789876000000004,73.66,115.563,87.96,0.33,0.1,0.0,74.05,74.06,73.98999,73.62,-0.1999817,74.09,0.05915999,-0.009180069,0.0,5.0,3.0,2266.0,85.0,0.0,-0.01000977,0.0,14.0,7.5,26.0
139.0,66186.0,52.5574577,-1.4789603000000004,73.847,115.644,87.99,0.33,0.1,0.0,74.14,74.2,73.98999,73.64999,-0.1000061,74.17,0.04997993,-0.02958012,0.0,5.0,3.0,2277.0,85.0,0.0,-0.01000977,0.0,14.0,7.5,25.5
139.0,66186.1,52.557449900000016,-1.478933,73.73899999999998,115.156,88.0,0.31,0.1,0.0,74.3,74.26999,74.17,73.98999,-0.2999878,74.26,0.04997993,-0.02958012,0.0,5.0,3.0,2287.0,85.0,0.0,-0.2400208,0.0,14.0,7.5,24.0
139.0,66186.2,52.5574419,-1.4789056,74.03399999999998,115.645,88.03,0.31,0.1,0.0,74.48999,74.28999,74.31,74.05,-0.2999878,74.36,0.04997993,-0.01938009,0.0,5.0,3.0,2283.0,85.0,0.0,-0.01000977,0.0,14.1,7.5,21.5
139.0,66186.3,52.5574339,-1.4788782,74.092,115.497,88.06,0.32,0.1,0.0,74.55,74.53,74.39999,74.06999,-0.1999817,74.43,0.039779900000000014,-0.01938009,0.0,5.0,3.0,2278.0,86.0,0.0,-0.01000977,0.0,14.0,7.5,20.0
139.0,66186.4,52.557426,-1.4788508,74.182,115.444,88.09,0.31,0.1,0.0,74.62,74.64999,74.37999,74.03999,-0.3999939,74.52,0.02957988,-0.02958012,0.0,5.0,3.0,2275.0,86.0,0.0,-0.01000977,0.0,14.0,7.5,18.0
139.0,66186.5,52.557418,-1.4788233,74.048,115.381,88.12,0.32,0.1,0.0,74.66,74.56999,74.45,74.17,-0.6000061,74.63,0.01937985,-0.03978014,0.0,5.0,3.0,2287.0,86.0,0.0,-0.2400208,0.0,14.1,7.5,17.0
139.0,66186.6,52.55741,-1.4787957999999997,74.383,115.637,88.15,0.31,0.1,0.0,74.64,74.53,74.45999,74.16,-0.6000061,74.68,0.009180069,-0.03978014,0.0,5.0,3.0,2287.0,86.0,0.0,-0.2400208,0.0,14.0,7.5,17.0
139.0,66186.7,52.557402,-1.4787684,74.214,115.556,88.18,0.31,0.1,0.0,74.64,74.48,74.53,74.14999,-0.6000061,74.6,0.0,-0.02958012,0.0,5.0,3.0,2292.0,85.0,0.0,-0.01000977,0.0,14.1,7.5,17.0
139.0,66186.8,52.557394,-1.4787411000000001,74.066,115.592,88.21,0.3,0.1,0.0,74.59999,74.55,74.50999,74.16,-0.6999816999999999,74.58,0.009180069,-0.03978014,0.0,5.0,3.0,2285.0,86.0,0.0,-0.01000977,0.0,14.0,7.5,17.0
139.0,66186.9,52.5573859,-1.4787136000000003,74.297,115.826,88.24,0.32,0.1,0.0,74.56,74.48,74.53,74.22,-0.6000061,74.5,0.009180069,-0.03978014,0.0,5.0,3.0,2287.0,86.0,0.0,-0.01000977,0.0,14.0,7.5,20.0
139.0,66187.0,52.5573779,-1.4786861999999998,74.27199999999998,115.782,88.28,0.32,0.1,0.0,74.62,74.5,74.53,74.19,-0.6999816999999999,74.52,0.0,-0.03978014,0.0,5.0,3.0,2299.0,86.0,0.0,-0.2400208,0.0,14.0,7.5,22.0
139.0,66187.1,52.557369900000005,-1.4786588999999999,74.07,115.831,88.3,0.32,0.1,0.0,74.62999,74.56999,74.39999,74.14999,-0.6999816999999999,74.56,0.009180069,-0.02958012,0.0,5.0,3.0,2324.0,86.0,0.0,-0.01000977,0.0,14.0,7.5,22.5
139.0,66187.2,52.557361799999995,-1.4786316,74.182,115.966,88.34,0.33,0.1,0.0,74.75,74.73,74.45,74.09,-0.6999816999999999,74.61,0.01937985,-0.02958012,0.0,5.0,3.0,2318.0,86.0,0.0,-0.2400208,0.0,14.0,7.5,22.5
139.0,66187.3,52.5573537,-1.4786042,74.22800000000002,115.922,88.37,0.33,0.1,0.0,74.84,74.75999,74.39999,74.17999,-0.6999816999999999,74.75,0.02957988,-0.02958012,0.0,5.0,3.0,2314.0,86.0,0.0,-0.01000977,0.0,14.0,7.5,22.5
139.0,66187.4,52.55734550000001,-1.4785768,74.297,116.068,88.41,0.34,0.1,0.0,74.81,74.76999,74.62,74.41,-0.6999816999999999,74.78,0.039779900000000014,-0.02958012,0.0,5.0,3.0,2294.0,86.0,0.0,-0.2400208,0.0,14.0,7.5,22.5
139.0,66187.5,52.557337400000016,-1.4785494,74.452,115.998,88.44,0.34,0.1,0.0,74.87999,74.75999,74.81,74.33,-0.6999816999999999,74.79,0.039779900000000014,-0.03978014,0.0,5.0,3.0,2290.0,86.0,0.0,-0.01000977,0.0,14.0,7.5,22.5
139.0,66187.6,52.557329200000005,-1.4785219,74.55199999999998,116.016,88.47,0.34,0.1,0.0,75.01999,74.87,74.87999,74.50999,-0.7999878,74.88,0.02957988,-0.04997993,0.0,5.0,3.0,2295.0,86.0,0.0,-0.01000977,0.0,14.0,7.5,22.5
139.0,66187.7,52.557321,-1.4784944999999996,74.59899999999998,116.212,88.5,0.33,0.1,0.0,75.06,75.00999,74.89,74.61,-0.5,74.99,0.02957988,-0.03978014,0.0,5.0,3.0,2305.0,86.0,0.0,-0.01000977,0.0,14.0,7.5,22.5
139.0,66187.8,52.557312700000004,-1.4784671,74.639,116.198,88.53,0.32,0.1,0.0,75.17999,75.14999,74.98999,74.67999,-0.5,75.09,0.02957988,-0.03978014,0.0,5.0,3.0,2309.0,86.0,0.0,-0.01000977,0.0,14.0,7.5,22.5
139.0,66187.9,52.5573044,-1.4784396000000002,74.873,116.441,88.56,0.32,0.1,0.0,75.25,75.23999,75.03999,74.8,-0.6999816999999999,75.2,0.02957988,-0.02958012,0.0,5.0,3.0,2311.0,86.0,0.0,-0.2400208,0.0,14.0,7.5,23.0
139.0,66188.0,52.5572961,-1.4784121999999997,74.725,116.369,88.59,0.32,0.1,0.0,75.31999,75.25,75.12,74.81,-0.7999878,75.31,0.039779900000000014,-0.02958012,0.0,5.0,3.0,2301.0,86.0,0.0,-0.01000977,0.0,14.0,7.5,23.0
139.0,66188.1,52.557287800000005,-1.4783846999999999,74.98100000000002,116.422,88.63,0.34,0.1,0.0,75.39999,75.31,75.23,74.92999,-0.6000061,75.37,0.039779900000000014,-0.02958012,0.0,5.0,3.0,2307.0,86.0,0.0,-0.01000977,0.0,14.0,7.5,23.0
139.0,66188.2,52.5572794,-1.4783571,75.071,116.421,88.66,0.34,0.1,0.0,75.45999,75.39999,75.41,75.06,-0.5,75.43,0.039779900000000014,-0.03978014,0.0,5.0,3.0,2307.0,86.0,0.0,-0.01000977,0.0,14.0,7.5,23.0
139.0,66188.3,52.557271,-1.4783296,75.1,116.632,88.69,0.33,0.1,0.0,75.47,75.48,75.48,75.08,-0.2999878,75.5,0.02957988,-0.01938009,0.0,5.0,3.0,2310.0,86.0,0.0,-0.01000977,0.0,14.0,7.5,20.5
139.0,66188.4,52.5572627,-1.4783019999999996,75.247,116.426,88.72,0.33,0.1,0.0,75.72,75.61,75.5,75.26999,-0.1999817,75.64,0.02957988,-0.009180069,0.0,5.0,3.0,2321.0,86.0,0.0,-0.2400208,0.0,14.0,7.5,11.5
139.0,66188.5,52.5572543,-1.4782744999999997,75.089,116.543,88.75,0.33,0.1,0.0,75.61,75.59999,75.53999,75.34,-0.1999817,75.57,0.01937985,0.0,0.0,6.0,3.0,2318.0,86.0,0.0,-0.01000977,0.0,13.9,7.5,0.0
139.0,66188.6,52.557245800000004,-1.4782469000000005,75.34100000000002,116.58,88.78,0.33,0.1,0.0,75.56,75.64,75.47,75.26999,0.0,75.54,0.009180069,0.009180069,0.0,6.0,3.0,2309.0,86.0,0.0,-0.2400208,0.0,14.1,7.5,0.0
139.0,66188.7,52.5572375,-1.4782193,75.33,116.477,88.81,0.34,0.1,0.0,75.5,75.51999,75.39999,75.14999,0.0,75.50999,0.0,0.0,0.0,6.0,3.0,2312.0,86.0,0.0,-0.01000977,0.0,14.0,7.5,0.0
139.0,66188.8,52.5572292,-1.4781917,75.11,116.439,88.85,0.34,0.1,0.0,75.37,75.39999,75.25,75.06,0.0,75.49,0.0,0.0,0.0,6.0,3.0,2296.0,86.0,0.0,-0.2400208,0.0,14.0,7.5,0.0
139.0,66188.9,52.557220799999996,-1.4781642,75.11,116.47,88.88,0.34,0.1,0.0,75.31,75.20999,75.22,74.98,0.0,75.31,-0.01938009,0.0,0.0,6.0,3.0,2306.0,86.0,0.0,-0.01000977,0.0,14.0,7.5,0.0
139.0,66189.0,52.557212299999996,-1.4781367,74.93,116.544,88.91,0.35,0.1,0.0,74.95,75.01999,75.06,74.69,0.2000122,75.12,-0.02958012,0.009180069,0.0,6.0,3.0,2308.0,86.0,0.0,-0.01000977,0.0,14.0,7.5,0.0
139.0,66189.1,52.557204,-1.4781092999999996,74.779,116.402,88.95,0.35,0.1,0.0,74.87,74.83,74.84,74.58,0.3000183,74.86,-0.02958012,0.009180069,0.0,6.0,3.0,2252.0,86.0,0.0,-0.01000977,0.0,14.0,7.5,0.0
139.0,66189.2,52.5571957,-1.4780819999999997,74.624,116.561,88.97,0.35,0.1,0.0,74.8,74.73,74.67,74.53,0.2000122,74.65,-0.02958012,0.009180069,0.0,6.0,3.0,2172.0,86.0,0.0,-0.01000977,0.0,14.1,7.5,0.0
139.0,66189.3,52.55718740000001,-1.4780546999999997,74.48,116.444,89.0,0.35,0.1,0.0,74.59,74.61,74.51999,74.28999,0.1000061,74.52,-0.02958012,0.0,0.0,6.0,3.0,2091.0,86.0,0.0,-0.01000977,0.0,14.1,7.5,0.0
139.0,66189.4,52.557179,-1.4780275,74.344,116.513,89.03,0.34,0.1,0.0,74.39999,74.41,74.23999,74.12,0.3999939,74.49,-0.02958012,0.0,0.0,6.0,3.0,1974.0,86.0,0.0,-0.01000977,0.0,14.1,7.5,0.0
139.0,66189.5,52.557170899999996,-1.4780003000000002,74.048,116.202,89.06,0.35,0.1,0.0,74.26999,74.25999,74.00999,73.87,0.3999939,74.32,-0.02958012,0.009180069,0.0,6.0,3.0,1865.0,86.0,0.0,-0.01000977,0.0,14.0,7.5,2.0
139.0,66189.6,52.5571629,-1.477973,73.955,115.806,89.1,0.35,0.1,0.0,74.03,74.03,74.12,73.84999,0.1000061,74.17,-0.01938009,0.009180069,0.0,6.0,3.0,1820.0,86.0,0.0,-0.01000977,0.0,14.1,7.5,4.0
139.0,66189.7,52.55715460000001,-1.4779459000000001,73.836,116.47,89.13,0.35,0.1,0.0,73.95999,73.84,73.86,73.64,0.0,73.96,-0.02958012,0.0,0.0,6.0,3.0,1850.0,86.0,0.0,-0.01000977,0.0,14.1,7.5,5.0
139.0,66189.8,52.5571464,-1.4779189,73.75,116.279,89.15,0.34,0.1,0.0,73.76999,73.76999,73.75,73.50999,0.3999939,73.79,-0.03978014,0.009180069,0.0,6.0,3.0,1842.0,86.0,0.0,-0.01000977,0.0,14.1,7.5,5.0
139.0,66189.9,52.5571384,-1.4778919,73.45100000000002,116.172,89.19,0.34,0.1,0.0,73.56,73.51999,73.55,73.23,0.3999939,73.57,-0.01938009,0.009180069,0.0,6.0,3.0,1827.0,86.0,0.0,-0.01000977,0.0,14.1,7.5,6.0
139.0,66190.0,52.5571304,-1.4778649,73.318,115.991,89.22,0.34,0.1,0.0,73.53999,73.36,73.34999,73.22,0.2000122,73.5,-0.01938009,0.02957988,0.0,6.0,3.0,1829.0,86.0,0.0,-0.01000977,0.0,14.1,7.5,9.0
139.0,66190.1,52.557122400000004,-1.477838,73.15899999999998,116.1,89.25,0.34,0.1,0.0,73.28999,73.28999,73.17,73.09999,0.1000061,73.26,-0.01938009,0.039779900000000014,0.0,6.0,3.0,1827.0,86.0,0.0,-0.2400208,0.0,14.0,7.5,10.5
139.0,66190.2,52.5571144,-1.477811,73.145,115.85,89.27,0.33,0.1,0.0,73.11,73.17999,73.11,72.94,0.3999939,73.21,-0.02958012,0.039779900000000014,0.0,6.0,3.0,1817.0,86.0,0.0,-0.2400208,0.0,14.1,7.5,11.0
139.0,66190.3,52.5571065,-1.4777841,72.958,115.794,89.28,0.32,0.1,0.0,73.20999,73.11,72.86,72.73,0.3000183,73.15,-0.02958012,0.009180069,0.0,6.0,3.0,1821.0,86.0,0.0,-0.01000977,0.0,14.1,7.5,11.5
139.0,66190.4,52.5570986,-1.4777574,72.59,115.849,89.31,0.32,0.1,0.0,73.01999,73.01999,72.73,72.59,0.3000183,73.01,-0.02958012,0.009180069,0.0,6.0,3.0,1824.0,86.0,0.0,-0.2400208,0.0,14.0,7.5,12.5
139.0,66190.5,52.5570907,-1.4777306000000001,72.572,115.817,89.35,0.33,0.1,0.0,72.75999,72.81,72.69,72.45999,0.8000183000000001,72.9,-0.01938009,0.009180069,0.0,6.0,3.0,1815.0,86.0,0.0,-0.01000977,0.0,14.0,7.5,12.5
139.0,66190.6,52.5570829,-1.4777039,72.346,115.645,89.38,0.34,0.1,0.0,72.62999,72.62999,72.62999,72.45,0.6000061,72.71,-0.009180069,0.01937985,0.0,6.0,3.0,1809.0,86.0,0.0,-0.01000977,0.0,14.0,7.5,13.5
139.0,66190.7,52.5570751,-1.4776771999999996,72.274,115.644,89.42,0.35,0.1,0.0,72.45999,72.50999,72.5,72.33,0.5,72.51,0.0,0.009180069,0.0,6.0,3.0,1806.0,86.0,0.0,-0.2400208,0.0,14.0,7.5,14.5
139.0,66190.8,52.557067400000015,-1.4776505,72.158,115.539,89.46,0.36,0.1,0.0,72.42,72.39999,72.41,72.14,0.1000061,72.47,0.0,0.0,0.0,6.0,3.0,1806.0,86.0,0.0,-0.01000977,0.0,14.0,7.5,15.0
139.0,66190.9,52.557059699999996,-1.4776239,72.018,115.437,89.5,0.37,0.1,0.0,72.41,72.28999,72.26999,72.0,-0.2999878,72.36,0.0,-0.01938009,0.0,6.0,3.0,1804.0,86.0,0.0,-0.01000977,0.0,14.0,7.5,15.5
139.0,66191.0,52.557051900000005,-1.4775971999999995,72.0,115.471,89.54,0.38,0.1,0.0,72.33,72.26999,72.22,71.98,-0.5,72.29,0.0,-0.009180069,0.0,6.0,3.0,1807.0,86.0,0.0,-0.01000977,0.0,14.0,7.5,16.0
139.0,66191.1,52.5570442,-1.4775706,72.00399999999998,115.403,89.59,0.39,0.1,0.0,72.25999,72.25999,72.14999,71.87,-0.5,72.2,0.0,-0.009180069,0.0,6.0,3.0,1813.0,86.0,0.0,-0.01000977,0.0,14.0,7.5,16.5
139.0,66191.2,52.557036499999995,-1.4775440000000002,71.971,115.539,89.62,0.39,0.1,0.0,72.17,72.20999,72.09,71.89,-0.6999816999999999,72.15,0.0,-0.02958012,0.0,6.0,3.0,1819.0,86.0,0.0,-0.01000977,0.0,14.0,7.5,16.5
139.0,66191.3,52.55702880000001,-1.4775174,71.737,115.497,89.67,0.41,0.1,0.0,72.14,72.16,72.01999,71.81999,-0.5,72.14,0.0,-0.02958012,0.0,6.0,3.0,1820.0,86.0,0.0,-0.01000977,0.0,14.0,7.5,17.5
139.0,66191.4,52.557021,-1.4774909,71.83800000000002,115.485,89.7,0.4,0.1,0.0,72.06999,72.14,71.81,71.62,-0.6999816999999999,72.15,0.0,-0.02958012,0.0,6.0,3.0,1805.0,86.0,0.0,-0.01000977,0.0,14.0,7.5,17.5
139.0,66191.5,52.557013200000014,-1.4774644,71.69800000000002,115.689,89.75,0.41,0.1,0.0,72.06,72.05,72.03,71.61,-0.3999939,72.07,0.0,-0.02958012,0.0,6.0,3.0,1798.0,86.0,0.0,-0.2400208,0.0,14.0,7.5,17.5
139.0,66191.6,52.5570054,-1.477438,71.70100000000002,115.717,89.79,0.42,0.1,0.0,72.01999,71.98999,71.92,71.56,-0.5,72.02,0.009180069,-0.03978014,0.0,6.0,3.0,1802.0,86.0,0.0,-0.01000977,0.0,14.1,7.5,17.5
139.0,66191.7,52.5569976,-1.4774114999999999,71.69800000000002,115.856,89.84,0.42,0.1,0.0,72.0,71.87999,71.98,71.64999,-0.3999939,72.01,0.009180069,-0.009180069,0.0,6.0,3.0,1802.0,86.0,0.0,-0.01000977,0.0,14.0,7.5,17.5
139.0,66191.8,52.5569899,-1.4773850000000002,71.633,115.527,89.88,0.42,0.1,0.0,71.89,71.87,71.86,71.66,-0.5,71.99,0.009180069,-0.009180069,0.0,6.0,3.0,1817.0,86.0,0.0,-0.2400208,0.0,14.0,7.5,18.0
139.0,66191.9,52.55698210000001,-1.4773587,71.528,115.925,89.92,0.43,0.1,0.0,71.81999,71.84,71.87,71.56,-0.2999878,71.93,0.009180069,0.0,0.0,6.0,3.0,1833.0,86.0,0.0,-0.01000977,0.0,14.0,7.5,18.0
139.0,66192.0,52.5569743,-1.4773322,71.622,115.668,89.96,0.43,0.1,0.0,71.84999,71.78,71.83,71.5,-0.1999817,71.9,0.009180069,-0.009180069,0.0,6.0,3.0,1838.0,86.0,0.0,-0.01000977,0.0,14.0,7.5,18.0
139.0,66192.1,52.5569665,-1.4773059000000002,71.597,115.888,90.01,0.43,0.1,0.0,71.87999,71.78,71.78,71.47,-0.2999878,71.86,0.009180069,-0.009180069,0.0,6.0,3.0,1839.0,86.0,0.0,-0.01000977,0.0,14.0,7.5,18.0
139.0,66192.2,52.5569588,-1.4772795,71.388,115.832,90.05,0.43,0.1,0.0,71.95,71.81999,71.70999,71.44,-0.2999878,71.81,0.0,-0.009180069,0.0,6.0,3.0,1845.0,86.0,0.0,-0.01000977,0.0,14.0,7.5,18.0
139.0,66192.3,52.556951000000005,-1.4772532,71.46,115.724,90.09,0.43,0.1,0.0,71.84999,71.81,71.73,71.51999,-0.2999878,71.81,0.009180069,-0.009180069,0.0,6.0,3.0,1845.0,86.0,0.0,-0.01000977,0.0,14.0,7.5,18.0
139.0,66192.4,52.55694329999999,-1.4772268,71.374,115.848,90.14,0.45,0.1,0.0,71.73999,71.73,71.61,71.47,-0.3999939,71.78,0.0,-0.01938009,0.0,6.0,3.0,1841.0,86.0,0.0,-0.01000977,0.0,14.0,7.5,18.0
139.0,66192.5,52.5569355,-1.4772005,71.366,115.879,90.19,0.45,0.1,0.0,71.59999,71.73999,71.5,71.42,-0.1999817,71.66,0.009180069,0.0,0.0,6.0,3.0,1848.0,86.0,0.0,-0.2400208,0.0,14.0,7.5,18.0
139.0,66192.6,52.556927699999996,-1.4771742,71.399,115.791,90.24,0.47,0.1,0.0,71.7,71.69,71.53,71.31999,-0.2999878,71.76,0.0,-0.009180069,0.0,6.0,3.0,1849.0,86.0,0.0,-0.01000977,0.0,14.1,7.5,18.0
139.0,66192.7,52.55692,-1.4771478999999998,71.262,115.894,90.29,0.46,0.1,0.0,71.70999,71.62999,71.26999,70.89999,-0.5,71.72,0.0,-0.009180069,0.0,6.0,3.0,1847.0,86.0,0.0,-0.2400208,0.0,14.1,7.5,14.5
139.0,66192.8,52.5569123,-1.4771217,71.12899999999998,115.803,90.34,0.47,0.1,0.0,71.55,71.45,71.51999,71.16,-0.2999878,71.52,0.009180069,-0.01938009,0.0,6.0,3.0,1830.0,86.0,0.0,-0.2400208,0.0,14.1,7.5,9.5
139.0,66192.9,52.5569045,-1.4770953,71.384,115.935,90.4,0.49,0.1,0.0,71.48999,71.45,71.48999,71.17999,-0.5,71.47,0.009180069,-0.02958012,0.0,6.0,3.0,1811.0,86.0,0.0,-0.01000977,0.0,14.0,7.5,8.5
139.0,66193.0,52.5568967,-1.4770691,71.176,115.954,90.45,0.49,0.1,0.0,71.37,71.41,71.36,71.14,-0.2999878,71.42,0.0,-0.009180069,0.0,6.0,3.0,1810.0,86.0,0.0,-0.01000977,0.0,14.0,7.5,8.5
139.0,66193.1,52.556889,-1.4770429,71.014,115.937,90.5,0.49,0.1,0.0,71.28,71.2,71.2,70.95999,-0.2999878,71.35,0.0,-0.01938009,0.0,6.0,3.0,1804.0,86.0,0.0,-0.01000977,0.0,14.0,7.5,8.5
139.0,66193.2,52.5568813,-1.4770167999999997,70.938,115.868,90.55,0.49,0.1,0.0,71.2,70.98999,71.12999,70.78,-0.5,71.2,0.0,-0.01938009,0.0,6.0,3.0,1788.0,86.0,0.0,-0.2400208,0.0,14.0,7.5,8.5
139.0,66193.3,52.556873500000016,-1.4769907999999996,70.668,116.016,90.61,0.5,0.1,0.0,71.00999,70.94,70.95999,70.62999,-0.6000061,70.95,-0.009180069,-0.01938009,0.0,6.0,3.0,1780.0,86.0,0.0,-0.01000977,0.0,14.0,7.5,8.5
139.0,66193.4,52.5568658,-1.4769647,70.729,116.069,90.67,0.52,0.1,0.0,70.89,70.73999,70.76999,70.5,-0.5,70.79,-0.009180069,-0.009180069,0.0,6.0,3.0,1773.0,86.0,0.0,-0.01000977,0.0,14.0,7.5,13.5
139.0,66193.5,52.5568581,-1.4769387,70.492,115.869,90.72,0.52,0.1,0.0,70.73,70.67999,70.64999,70.37999,-0.1999817,70.65,-0.01938009,-0.009180069,0.0,6.0,3.0,1767.0,86.0,0.0,-0.2400208,0.0,14.0,7.5,16.0
139.0,66193.6,52.5568505,-1.4769128999999999,70.236,115.984,90.77,0.52,0.1,0.0,70.64999,70.62,70.5,70.22,-0.2999878,70.61,-0.009180069,-0.009180069,0.0,6.0,3.0,1780.0,86.0,0.0,-0.01000977,0.0,14.0,7.5,17.5
139.0,66193.7,52.5568428,-1.4768871,70.027,116.09,90.83,0.53,0.1,0.0,70.56,70.51999,70.28,70.14999,-0.5,70.42,0.0,-0.009180069,0.0,6.0,3.0,1758.0,86.0,0.0,-0.2400208,0.0,14.0,7.5,18.0
139.0,66193.8,52.556835,-1.4768613,70.16,116.188,90.89,0.54,0.1,0.0,70.39999,70.33,70.20999,70.03999,-0.3999939,70.32,0.0,-0.01938009,0.0,6.0,3.0,1743.0,86.0,0.0,-0.01000977,0.0,14.0,7.5,18.0
139.0,66193.9,52.55682740000001,-1.4768355,69.937,116.051,90.95,0.55,0.1,0.0,70.31,70.26999,70.14,69.91,-0.3999939,70.32,0.0,-0.009180069,0.0,6.0,3.0,1748.0,86.0,0.0,-0.01000977,0.0,14.0,7.5,18.5
139.0,66194.0,52.5568197,-1.4768098,69.952,116.137,91.0,0.55,0.1,0.0,70.3,70.19,70.09,69.89999,-0.2999878,70.3,0.009180069,-0.01938009,0.0,6.0,3.0,1754.0,86.0,0.0,-0.01000977,0.0,14.0,7.5,19.5
139.0,66194.1,52.556812,-1.4767841,69.865,116.221,91.06,0.55,0.1,0.0,70.22,70.08,70.06,69.84999,-0.3999939,70.26,0.009180069,-0.009180069,0.0,6.0,3.0,1751.0,86.0,0.0,-0.2400208,0.0,14.0,7.5,21.0
139.0,66194.2,52.556804299999996,-1.4767584000000005,69.793,116.197,91.11,0.55,0.1,0.0,70.20999,70.09999,69.97,69.8,-0.2999878,70.24,0.01937985,-0.009180069,0.0,6.0,3.0,1758.0,86.0,0.0,-0.2400208,0.0,14.0,7.5,21.5
139.0,66194.3,52.5567967,-1.4767328000000004,69.75,116.135,91.17,0.55,0.1,0.0,70.20999,70.14999,70.08,69.76999,-0.5,70.23,0.02957988,-0.009180069,0.0,6.0,3.0,1776.0,86.0,0.0,-0.01000977,0.0,14.0,7.5,22.0
139.0,66194.4,52.556789,-1.4767070999999998,69.779,116.183,91.23,0.56,0.1,0.0,70.17,70.11,70.14999,69.8,-0.3999939,70.18999000000001,0.02957988,-0.01938009,0.0,6.0,3.0,1769.0,86.0,0.0,-0.01000977,0.0,14.0,7.5,22.0
139.0,66194.5,52.5567813,-1.4766814,69.944,116.271,91.28,0.56,0.1,0.0,70.20999,70.17,70.12999,69.81999,-0.3999939,70.18999000000001,0.02957988,-0.009180069,0.0,6.0,3.0,1779.0,86.0,0.0,-0.01000977,0.0,14.0,7.5,22.0
139.0,66194.6,52.5567736,-1.4766557999999996,69.757,116.168,91.34,0.56,0.1,0.0,70.23,70.23999,70.12,69.89999,-0.1000061,70.23,0.02957988,-0.01938009,0.0,6.0,3.0,1806.0,86.0,0.0,-0.2400208,0.0,14.0,7.5,22.0
139.0,66194.7,52.5567658,-1.4766301000000002,69.88,116.231,91.39,0.56,0.1,0.0,70.28999,70.25,70.14999,69.95999,0.0,70.14,0.02957988,0.0,0.0,6.0,3.0,1815.0,86.0,0.0,-0.01000977,0.0,14.0,7.5,13.0
139.0,66194.8,52.5567581,-1.4766044,69.883,116.314,91.44,0.56,0.1,0.0,70.23,70.23999,70.12999,69.84999,-0.1000061,70.22,0.02957988,-0.009180069,0.0,6.0,3.0,1795.0,86.0,0.0,-0.2400208,0.0,14.0,7.5,5.0
139.0,66194.9,52.556750400000006,-1.4765786999999997,69.959,116.225,91.5,0.56,0.1,0.0,70.17999,70.14999,70.17,69.83,-0.2999878,70.18,0.01937985,-0.009180069,0.0,6.0,3.0,1762.0,86.0,0.0,-0.01000977,0.0,14.0,7.5,0.0
139.0,66195.0,52.5567426,-1.4765531,69.808,116.367,91.55,0.56,0.1,0.0,70.06999,70.05,70.03999,69.69,-0.3999939,70.11,0.009180069,-0.01938009,0.0,6.0,3.0,1769.0,86.0,0.0,-0.2400208,0.0,14.1,7.5,0.0
139.0,66195.1,52.5567349,-1.4765275,69.75399999999999,116.378,91.61,0.57,0.1,0.0,69.98,70.00999,70.01999,69.61,-0.3999939,69.91,0.0,-0.009180069,0.0,6.0,3.0,1771.0,86.0,0.0,-0.01000977,0.0,14.0,7.5,0.0
139.0,66195.2,52.55672710000001,-1.4765019,69.82600000000001,116.396,91.67,0.57,0.1,0.0,69.89999,69.92,69.75999,69.48999,-0.2999878,69.76,-0.009180069,0.0,0.0,6.0,3.0,1779.0,86.0,0.0,-0.01000977,0.0,14.1,7.5,0.0
139.0,66195.3,52.5567194,-1.4764764,69.527,116.301,91.72,0.57,0.1,0.0,69.7,69.67,69.62,69.26999,-0.6000061,69.68,-0.01938009,-0.009180069,0.0,6.0,3.0,1803.0,86.0,0.0,-0.01000977,0.0,14.0,7.5,0.0
139.0,66195.4,52.5567117,-1.476451,69.34,116.419,91.78,0.57,0.1,0.0,69.58,69.48999,69.39,69.14,-0.5,69.54,-0.01938009,-0.009180069,0.0,6.0,3.0,1838.0,86.0,0.0,-0.01000977,0.0,14.1,7.5,0.0
139.0,66195.5,52.556703999999996,-1.4764256,69.152,116.427,91.83,0.56,0.1,0.0,69.34999,69.25,69.20999,69.06,-0.3999939,69.33,-0.01938009,-0.009180069,0.0,6.0,3.0,1848.0,86.0,0.0,-0.01000977,0.0,14.1,7.5,0.0
139.0,66195.6,52.5566963,-1.4764003,69.041,116.395,91.88,0.57,0.1,0.0,69.09999,69.05,69.00999,68.83,-0.3999939,69.14,-0.01938009,-0.009180069,0.0,6.0,3.0,1813.0,86.0,0.0,-0.01000977,0.0,14.0,7.5,0.0
139.0,66195.7,52.5566887,-1.4763751000000005,68.789,116.434,91.94,0.57,0.1,0.0,68.89,68.86,68.87,68.64,-0.3999939,69.0,-0.01938009,-0.009180069,0.0,6.0,3.0,1759.0,87.0,0.0,-0.01000977,0.0,14.1,7.5,0.0
139.0,66195.8,52.556681000000005,-1.4763498999999995,68.735,116.466,91.98,0.55,0.1,0.0,68.73999,68.70999,68.75,68.56999,-0.2999878,68.75,-0.02958012,-0.01938009,0.0,6.0,3.0,1671.0,87.0,0.0,-0.01000977,0.0,14.0,7.5,0.0
139.0,66195.9,52.55667330000001,-1.4763249,68.375,116.706,92.03,0.55,0.1,0.0,68.42999,68.42,68.42,68.28,-0.2999878,68.48,-0.03978014,-0.009180069,0.0,6.0,3.0,1677.0,86.0,0.0,-0.01000977,0.0,14.1,7.5,0.0
139.0,66196.0,52.556665800000005,-1.4762998999999997,68.15899999999999,116.487,92.08,0.54,0.1,0.0,68.26999,68.20999,68.19,67.95,-0.1000061,68.26,-0.04997993,0.009180069,0.0,6.0,3.0,1692.0,87.0,0.0,-0.01000977,0.0,14.0,7.5,0.0
139.0,66196.1,52.5566583,-1.476275,67.85300000000001,116.18,92.14,0.55,0.1,0.0,67.87,67.94,67.91,67.69,0.2000122,67.92,-0.04997993,0.01937985,0.0,6.0,3.0,1680.0,87.0,0.0,-0.01000977,0.0,14.0,7.5,0.0
138.0,66196.2,52.556651,-1.4762501000000001,67.529,115.992,92.21,0.58,0.1,0.0,67.7,67.62,67.7,67.47,0.3999939,67.72,-0.03978014,0.009180069,0.0,6.0,3.0,1676.0,87.0,0.0,-0.01000977,0.0,14.0,7.5,0.0
138.0,66196.3,52.5566435,-1.4762254000000001,67.306,116.334,92.26,0.57,0.1,0.0,67.41,67.41,67.45,67.22,0.3999939,67.51,-0.03978014,0.0,0.0,6.0,3.0,1675.0,87.0,0.0,-0.01000977,0.0,14.0,7.5,0.0
138.0,66196.4,52.5566361,-1.4762007000000004,67.18,116.262,92.31,0.56,0.1,0.0,67.23,67.17,67.16,66.95999,0.3000183,67.22,-0.03978014,0.0,0.0,6.0,3.0,1661.0,87.0,0.0,-0.01000977,0.0,14.1,7.5,0.0
138.0,66196.5,52.556628700000005,-1.4761762,66.935,116.337,92.36,0.56,0.1,0.0,66.81999,66.89999,66.94,66.67,0.3000183,66.95,-0.03978014,0.0,0.0,6.0,3.0,1635.0,87.0,0.0,-0.01000977,0.0,14.1,7.5,0.0
138.0,66196.6,52.556621299999996,-1.4761516000000001,66.733,116.186,92.43,0.57,0.1,0.0,66.59,66.62,66.70999,66.48,0.1000061,66.78,-0.03978014,0.0,0.0,6.0,3.0,1613.0,87.0,0.0,-0.2400208,0.0,14.1,7.5,0.0
138.0,66196.7,52.556613999999996,-1.4761271999999996,66.449,116.059,92.47,0.56,0.1,0.0,66.47,66.48,66.47,66.19,0.0,66.54,-0.03978014,0.0,0.0,6.0,3.0,1603.0,86.0,0.0,-0.01000977,0.0,14.1,7.5,2.5
138.0,66196.8,52.556606800000004,-1.4761029,66.208,116.034,92.52,0.55,0.1,0.0,66.31,66.20999,66.23999,65.98999,0.0,66.27,-0.03978014,0.0,0.0,6.0,3.0,1590.0,87.0,0.0,-0.01000977,0.0,14.0,7.5,8.0
138.0,66196.9,52.5565996,-1.4760786000000001,65.984,116.049,92.57,0.55,0.1,0.0,66.01999,66.01999,66.0,65.81999,0.1000061,66.11,-0.03978014,0.0,0.0,6.0,3.0,1656.0,87.0,0.0,-0.01000977,0.0,14.1,7.5,11.5
138.0,66197.0,52.556592300000005,-1.4760544,65.844,116.182,92.62,0.54,0.1,0.0,66.0,65.95,65.87,65.64999,0.0,66.0,-0.01938009,0.0,0.0,6.0,3.0,1656.0,87.0,0.0,-0.01000977,0.0,14.0,7.5,15.0
138.0,66197.1,52.5565852,-1.4760303000000001,65.54899999999999,115.955,92.66,0.52,0.1,0.0,65.81999,65.81999,65.78,65.56,0.0,65.87,-0.009180069,0.0,0.0,6.0,3.0,1656.0,87.0,0.0,-0.01000977,0.0,14.1,7.5,17.5
138.0,66197.2,52.556577999999995,-1.4760062,65.484,116.032,92.7,0.52,0.1,0.0,65.67,65.64,65.67999,65.42,0.0,65.74,0.0,0.0,0.0,6.0,3.0,1669.0,87.0,0.0,-0.2400208,0.0,14.0,7.5,19.0
138.0,66197.3,52.5565709,-1.4759821,65.416,115.826,92.75,0.51,0.1,0.0,65.48999,65.5,65.59,65.28999,0.0,65.65,0.0,-0.009180069,0.0,6.0,3.0,1694.0,87.0,0.0,-0.01000977,0.0,14.0,7.5,20.5
138.0,66197.4,52.5565637,-1.4759581,65.344,116.075,92.79,0.51,0.1,0.0,65.45999,65.51999,65.47,65.23999,0.0,65.57,0.0,-0.01938009,0.0,6.0,3.0,1701.0,87.0,0.0,-0.01000977,0.0,14.0,7.5,21.0
138.0,66197.5,52.556556500000006,-1.4759341,65.32600000000001,116.008,92.84,0.5,0.1,0.0,65.45,65.45,65.45999,65.16,0.0,65.47,0.0,-0.009180069,0.0,6.0,3.0,1731.0,87.0,0.0,-0.2400208,0.0,14.0,7.5,21.0
138.0,66197.6,52.5565494,-1.4759099999999998,65.225,115.978,92.88,0.49,0.1,0.0,65.45,65.53,65.37,65.2,0.3999939,65.47,0.0,0.009180069,0.0,6.0,3.0,1764.0,87.0,0.0,-0.2400208,0.0,14.0,7.5,22.0
138.0,66197.7,52.556542199999996,-1.4758861,65.095,115.957,92.93,0.49,0.1,0.0,65.41,65.44,65.36,65.20999,1.0,65.43,0.009180069,0.02957988,0.0,6.0,3.0,1785.0,87.0,0.0,-0.01000977,0.0,14.0,7.5,25.0
138.0,66197.8,52.5565352,-1.4758619999999996,65.221,115.727,92.97,0.48,0.1,0.0,65.45,65.45999,65.33,65.17999,1.100006,65.47,0.01937985,0.01937985,0.0,6.0,3.0,1792.0,87.0,0.0,-0.01000977,0.0,14.0,7.5,27.0
138.0,66197.9,52.5565281,-1.475838,65.156,115.852,93.01,0.48,0.1,0.0,65.53999,65.53,65.31999,65.28999,0.8999939,65.55,0.01937985,0.01937985,0.0,5.0,3.0,1842.0,87.0,0.0,-0.2400208,0.0,13.9,7.5,29.5
138.0,66198.0,52.556521100000005,-1.4758139,65.22800000000001,115.56,93.06,0.48,0.1,0.0,65.66,65.61,65.37999,65.31,0.7000122,65.68999000000001,0.039779900000000014,0.01937985,0.0,5.0,3.0,1829.0,87.0,0.0,-0.01000977,0.0,14.0,7.5,31.0
138.0,66198.1,52.556514099999994,-1.4757898,65.268,115.333,93.1,0.47,0.1,0.0,65.73999,65.69,65.50999,65.50999,0.6000061,65.73,0.04997993,0.02957988,0.0,5.0,3.0,1816.0,87.0,0.0,-0.01000977,0.0,14.0,7.5,33.0
138.0,66198.2,52.556507100000005,-1.4757655,65.567,115.259,93.15,0.47,0.1,0.0,65.81,65.75,65.69,65.55,0.6000061,65.81,0.04997993,0.01937985,0.0,5.0,3.0,1841.0,87.0,0.0,-0.01000977,0.0,14.0,7.5,33.0
138.0,66198.3,52.5565001,-1.4757412,65.563,115.168,93.18,0.45,0.1,0.0,65.87999,65.87999,65.75,65.61,0.2000122,65.85,0.039779900000000014,0.009180069,0.0,5.0,3.0,1921.0,87.0,0.0,-0.01000977,0.0,14.0,7.5,33.0
138.0,66198.4,52.5564932,-1.4757168,65.693,115.12,93.21,0.44,0.1,0.0,66.01999,65.95,65.76999,65.59,0.3999939,65.93999000000001,0.02957988,0.009180069,0.0,5.0,3.0,2027.0,87.0,0.0,-0.01000977,0.0,14.0,7.5,35.5
138.0,66198.5,52.5564862,-1.4756923999999998,65.812,115.028,93.24,0.42,0.1,0.0,66.06999,66.00999,65.98,65.76999,0.5,66.07,0.02957988,0.0,0.0,5.0,3.0,2099.0,87.0,0.0,-0.01000977,0.0,14.0,7.5,38.0
137.0,66198.6,52.5564792,-1.4756681,65.736,115.102,93.27,0.41,0.1,0.0,66.23,66.17999,66.0,65.76999,0.5,66.24,0.039779900000000014,0.0,0.0,5.0,3.0,2140.0,87.0,0.0,-0.01000977,0.0,14.0,7.5,38.0
137.0,66198.7,52.5564722,-1.4756437,65.945,115.181,93.29,0.39,0.1,0.0,66.28999,66.25,66.16,66.03,0.5,66.39,0.05915999,0.0,0.0,5.0,3.0,2210.0,87.0,0.0,-0.01000977,0.0,14.0,7.5,38.0
137.0,66198.8,52.556465200000005,-1.4756190999999996,66.222,114.823,93.32,0.38,0.1,0.0,66.51999,66.42999,66.28,66.19,0.2000122,66.49,0.04997993,0.0,0.0,4.0,3.0,2365.0,87.0,0.0,-0.01000977,0.0,14.0,7.5,39.0
137.0,66198.9,52.556458200000016,-1.4755945,66.28699999999999,114.85,93.34,0.35,0.1,0.0,66.67,66.59999,66.45999,66.37999,0.3000183,66.64,0.04997993,0.0,0.0,4.0,3.0,2534.0,87.0,0.0,-0.2400208,0.0,14.0,7.5,40.0
137.0,66199.0,52.5564512,-1.4755698,66.391,114.861,93.36,0.34,0.1,0.0,66.73999,66.64999,66.59999,66.48,0.3000183,66.79,0.04997993,0.0,0.0,4.0,3.0,2658.0,87.0,0.0,-0.01000977,0.0,14.0,7.5,40.5
137.0,66199.1,52.5564442,-1.4755451000000002,66.571,114.867,93.38,0.32,0.1,0.0,66.78999,66.75,66.62,66.59999,0.3000183,66.87,0.039779900000000014,0.0,0.0,4.0,3.0,2672.0,87.0,0.0,-0.01000977,0.0,14.0,7.5,41.0
137.0,66199.2,52.5564373,-1.4755203000000003,66.654,114.689,93.4,0.3,0.1,0.0,67.12999,67.03999,66.89,66.72,0.0,67.05,0.04997993,0.0,0.0,4.0,3.0,2713.0,87.0,0.0,-0.01000977,0.0,14.0,7.5,41.0
137.0,66199.3,52.5564302,-1.4754955,66.892,114.747,93.42,0.29,0.1,0.0,67.08,67.25,67.0,66.89999,0.2000122,67.11,0.04997993,0.0,0.0,4.0,3.0,2782.0,87.0,0.0,-0.01000977,0.0,14.0,7.5,41.0
137.0,66199.4,52.556423200000005,-1.4754705999999997,66.845,114.667,93.43,0.27,0.1,0.0,67.5,67.62999,67.20999,67.11,0.2000122,67.47,0.06936002,0.0,0.0,4.0,3.0,2800.0,87.0,0.0,-0.01000977,0.0,14.0,7.5,41.0
137.0,66199.5,52.556416199999994,-1.4754456,67.13600000000001,114.616,93.45,0.25,0.1,0.0,67.89999,67.87999,67.61,67.36,0.0,67.84,0.09995985,-0.009180069,0.0,4.0,3.0,2773.0,87.0,0.0,-0.2400208,0.0,14.1,7.5,41.0
138.0,66199.6,52.5564092,-1.4754205000000005,67.5,114.581,93.47,0.25,0.1,0.0,68.20999,68.2,68.00999,67.76999,-0.5,68.23,0.11933989999999997,-0.03978014,0.0,4.0,3.0,2758.0,87.0,0.0,-0.01000977,0.0,14.0,7.5,41.0
138.0,66199.7,52.5564022,-1.4753952000000001,67.882,114.493,93.49,0.25,0.1,0.0,68.66,68.56,68.47,67.98,-1.899994,68.51,0.10913989999999997,-0.07956004,0.0,4.0,3.0,2775.0,87.0,0.0,-0.01000977,0.0,14.0,7.5,41.0
138.0,66199.8,52.5563951,-1.4753698,68.15899999999999,114.555,93.51,0.24,0.1,0.0,68.95999,68.94,68.81999,68.26999,-2.299988,68.85,0.10913989999999997,-0.08976007,0.0,4.0,3.0,2773.0,87.0,0.0,-0.01000977,0.0,14.0,7.5,41.0
138.0,66199.9,52.5563879,-1.4753443,68.45,114.72,93.53,0.24,0.1,0.0,69.3,69.20999,69.11,68.59999,-1.699982,69.21,0.10913989999999997,-0.07956004,0.0,4.0,3.0,2812.0,87.0,0.0,-0.2400208,0.0,14.0,7.5,41.0
138.0,66200.0,52.556380600000004,-1.4753186999999999,68.958,115.089,93.56,0.24,0.1,0.0,69.59,69.50999,69.58,69.03999,-1.699982,69.52,0.10913989999999997,-0.07956004,0.0,4.0,3.0,2796.0,87.0,0.0,-0.01000977,0.0,14.0,7.5,41.0
138.0,66200.1,52.5563732,-1.4752930999999998,69.25,115.113,93.57,0.23,0.1,0.0,70.03999,69.87,69.89999,69.25999,-1.699982,69.9,0.10913989999999997,-0.07956004,0.0,4.0,3.0,2828.0,87.0,0.0,-0.01000977,0.0,14.0,7.5,41.0
138.0,66200.2,52.5563657,-1.4752672999999998,69.60600000000001,115.428,93.59,0.22,0.1,0.0,70.34999,70.25999,70.06999,69.69,-1.600006,70.16,0.10913989999999997,-0.06936002,0.0,4.0,3.0,2837.0,87.0,0.0,-0.01000977,0.0,14.0,7.5,37.5
138.0,66200.3,52.556358100000004,-1.4752415000000003,69.926,115.525,93.6,0.21,0.1,0.0,70.62999,70.50999,70.5,70.09999,-1.5,70.54,0.08976007,-0.06936002,0.0,4.0,3.0,2858.0,87.0,0.0,-0.01000977,0.0,14.0,7.5,32.0
138.0,66200.4,52.5563505,-1.4752155999999998,70.214,115.606,93.61,0.2,0.1,0.0,70.84999,70.89999,70.73,70.37999,-1.199982,70.82,0.08976007,-0.05915999,0.0,4.0,3.0,2856.0,87.0,0.0,-0.01000977,0.0,14.0,7.5,28.0
138.0,66200.5,52.5563428,-1.4751896,70.42,115.892,93.63,0.2,0.1,0.0,71.12,71.05,70.95999,70.64999,-0.7999878,70.98,0.07956004,-0.04997993,0.0,5.0,3.0,2859.0,87.0,0.0,-0.01000977,0.0,14.0,7.5,26.5
138.0,66200.6,52.556335,-1.4751636,70.736,116.014,93.65,0.2,0.1,0.0,71.31,71.28999,71.12,70.8,-0.6999816999999999,71.22,0.06936002,-0.03978014,0.0,5.0,3.0,2888.0,87.0,0.0,-0.01000977,0.0,14.0,7.5,26.5
138.0,66200.7,52.5563273,-1.4751375,70.891,116.02,93.67,0.2,0.1,0.0,71.45999,71.37,71.23,70.92,-0.2999878,71.39,0.05915999,-0.01938009,0.0,5.0,3.0,2908.0,87.0,0.0,-0.01000977,0.0,14.0,7.5,26.5
138.0,66200.8,52.5563195,-1.4751113000000005,71.082,116.072,93.69,0.2,0.1,0.0,71.56999,71.59,71.39999,71.16,-0.1000061,71.54,0.04997993,-0.009180069,0.0,5.0,3.0,2937.0,87.0,0.0,-0.01000977,0.0,14.0,7.5,26.5
138.0,66200.9,52.5563116,-1.4750851000000003,71.32300000000002,116.204,93.71,0.2,0.1,0.0,71.70999,71.75,71.51999,71.44,0.5,71.72,0.04997993,0.01937985,0.0,5.0,3.0,2964.0,87.0,0.0,-0.01000977,0.0,14.0,7.5,25.5
138.0,66201.0,52.556303699999994,-1.4750588,71.485,116.057,93.73,0.19,0.1,0.0,71.84,71.91,71.67999,71.59,0.3000183,71.87,0.04997993,0.009180069,0.0,5.0,3.0,2988.0,87.0,0.0,-0.01000977,0.0,14.0,7.5,21.0
138.0,66201.1,52.5562959,-1.4750324,71.672,115.966,93.74,0.18,0.1,0.0,72.08,72.03999,71.89999,71.70999,0.0,71.99,0.039779900000000014,0.0,0.0,5.0,3.0,2943.0,87.0,0.0,-0.01000977,0.0,14.0,7.5,18.0
138.0,66201.2,52.556288,-1.475006,71.766,115.865,93.74,0.16,0.1,0.0,72.11,72.11,71.98999,71.73999,-0.1999817,72.01,0.02957988,-0.009180069,0.0,5.0,3.0,2823.0,87.0,0.0,-0.2400208,0.0,14.0,7.5,17.0
138.0,66201.3,52.556280199999996,-1.4749796000000002,71.791,115.905,93.75,0.16,0.1,0.0,72.06999,71.98999,72.0,71.76999,-0.1999817,72.02,0.01937985,-0.01938009,0.0,5.0,3.0,2646.0,87.0,0.0,-0.01000977,0.0,14.0,7.5,17.0
138.0,66201.4,52.5562723,-1.4749531,71.98899999999998,116.035,93.76,0.16,0.1,0.0,72.16,72.06999,72.17,71.89,-0.1999817,72.1,0.009180069,-0.01938009,0.0,5.0,3.0,2472.0,87.0,0.0,-0.01000977,0.0,14.1,7.5,17.0
138.0,66201.5,52.5562644,-1.4749265999999996,71.921,115.888,93.77,0.14,0.1,0.0,72.28999,72.25999,72.11,71.81999,-0.5,72.14,0.01937985,-0.01938009,0.0,5.0,3.0,2305.0,87.0,0.0,0.2299805,0.0,14.0,7.5,18.0
138.0,66201.6,52.5562565,-1.4749002,71.953,116.006,93.77,0.13,0.1,0.0,72.37,72.34999,72.2,71.89999,-0.3999939,72.24,0.01937985,-0.01938009,0.0,5.0,3.0,2235.0,87.0,0.0,-0.2400208,0.0,14.0,7.5,19.5
139.0,66201.7,52.5562486,-1.4748736,71.98899999999998,115.966,93.78,0.13,0.1,0.0,72.45999,72.45,72.26999,72.01999,-0.3999939,72.36,0.009180069,-0.01938009,0.0,5.0,3.0,2215.0,87.0,0.0,-0.01000977,0.0,14.0,7.5,19.5
139.0,66201.8,52.55624070000001,-1.4748471,72.061,116.009,93.79,0.12,0.1,0.0,72.48999,72.42999,72.28,72.01999,-0.6000061,72.46,0.01937985,-0.02958012,0.0,5.0,3.0,2218.0,87.0,0.0,-0.01000977,0.0,14.1,7.5,19.5
139.0,66201.9,52.5562328,-1.4748206000000001,72.18,116.092,93.79,0.11,0.1,0.0,72.69,72.48,72.42999,72.09,-0.6999816999999999,72.52,0.01937985,-0.03978014,0.0,5.0,3.0,2229.0,87.0,0.0,-0.01000977,0.0,14.1,7.5,19.5
139.0,66202.0,52.5562248,-1.4747941,72.274,116.181,93.8,0.1,0.1,0.0,72.67,72.59999,72.48,72.22,-0.3999939,72.63,0.01937985,-0.02958012,0.0,5.0,3.0,2226.0,87.0,0.0,-0.01000977,0.0,14.0,7.5,19.5
139.0,66202.1,52.5562168,-1.4747675,72.21600000000002,116.216,93.8,0.1,0.1,0.0,72.7,72.62999,72.62,72.28,-0.5,72.68999000000002,0.01937985,-0.02958012,0.0,5.0,3.0,2243.0,87.0,0.0,-0.01000977,0.0,14.0,7.5,19.5
139.0,66202.2,52.556208800000014,-1.474741,72.32,116.23,93.82,0.1,0.1,0.0,72.83,72.70999,72.72,72.39999,-0.6000061,72.76,0.01937985,-0.02958012,0.0,5.0,3.0,2253.0,87.0,0.0,-0.01000977,0.0,14.0,7.5,17.0
139.0,66202.3,52.5562007,-1.4747144,72.4,116.362,93.82,0.1,0.1,0.0,72.73,72.64999,72.81999,72.50999,-0.6000061,72.81,0.01937985,-0.009180069,0.0,5.0,3.0,2240.0,87.0,0.0,-0.01000977,0.0,14.1,7.5,12.0
139.0,66202.4,52.5561926,-1.4746878,72.655,116.46,93.83,0.1,0.1,0.0,72.83,72.61,72.94,72.48999,-0.5,72.7,0.01937985,-0.01938009,0.0,6.0,3.0,2219.0,87.0,0.0,-0.2400208,0.0,14.0,7.5,9.0
139.0,66202.5,52.556184600000016,-1.4746611000000003,72.68,116.261,93.83,0.08,0.1,0.0,72.87,72.78999,72.81,72.36,-0.6999816999999999,72.84,0.0,-0.01938009,0.0,6.0,3.0,2235.0,87.0,0.0,-0.01000977,0.0,14.1,7.5,9.0
139.0,66202.6,52.5561765,-1.4746344,72.655,116.274,93.83,0.08,0.1,0.0,72.84999,72.8,72.73,72.34999,-0.3999939,72.84,0.0,-0.01938009,0.0,6.0,3.0,2257.0,87.0,0.0,-0.2400208,0.0,14.0,7.5,9.0
139.0,66202.7,52.556168400000004,-1.4746078999999999,72.464,116.489,93.83,0.06,0.1,0.0,72.73,72.66,72.75999,72.42999,-0.1000061,72.87,0.0,-0.02958012,0.0,6.0,3.0,2275.0,87.0,0.0,-0.01000977,0.0,14.1,7.5,9.0
139.0,66202.8,52.5561602,-1.4745813,72.792,116.723,93.83,0.06,0.1,0.0,72.72,72.67999,72.62999,72.37999,-0.1000061,72.75,-0.01938009,-0.02958012,0.0,6.0,3.0,2287.0,87.0,0.0,-0.01000977,0.0,14.1,7.5,9.0
139.0,66202.9,52.5561521,-1.4745546999999999,72.54,116.553,93.83,0.05,0.1,0.0,72.67,72.62999,72.50999,72.23999,-0.2999878,72.71,-0.01938009,-0.009180069,0.0,6.0,3.0,2294.0,87.0,0.0,-0.01000977,0.0,14.0,7.5,8.0
139.0,66203.0,52.5561441,-1.4745282000000002,72.234,116.51,93.82,0.04,0.1,0.0,72.58,72.56,72.45999,72.2,-0.1999817,72.64,-0.01938009,-0.009180069,0.0,6.0,3.0,2281.0,87.0,0.0,-0.01000977,0.0,14.1,7.5,7.5
139.0,66203.1,52.556136,-1.4745017999999999,72.288,116.589,93.82,0.03,0.1,0.0,72.56999,72.53999,72.39,72.2,-0.3999939,72.52,-0.01938009,-0.009180069,0.0,6.0,3.0,2299.0,87.0,0.0,-0.01000977,0.0,14.1,7.5,7.5
139.0,66203.2,52.5561279,-1.4744753000000002,72.137,116.501,93.82,0.04,0.1,0.0,72.42999,72.36,72.42,72.14999,-0.2999878,72.38,-0.01938009,0.0,0.0,6.0,3.0,2304.0,87.0,0.0,-0.01000977,0.0,14.1,7.5,7.5
139.0,66203.3,52.556119800000005,-1.4744490000000003,72.137,116.658,93.82,0.03,0.1,0.0,72.28999,72.14,72.41,72.08,-0.2999878,72.23,-0.009180069,0.0,0.0,6.0,3.0,2296.0,87.0,0.0,-0.01000977,0.0,14.1,7.5,3.5
139.0,66203.4,52.556111800000004,-1.4744225,72.137,116.591,93.83,0.04,0.1,0.0,72.23,72.17,72.23999,71.94,0.0,72.24,-0.01938009,0.0,0.0,6.0,3.0,2211.0,87.0,0.0,-0.01000977,0.0,14.0,7.5,0.0
139.0,66203.5,52.5561037,-1.4743961,72.054,116.468,93.82,0.02,0.1,0.0,72.14999,72.06,71.97,71.73999,0.0,72.12,-0.01938009,0.0,0.0,6.0,3.0,2131.0,87.0,0.0,-0.01000977,0.0,14.1,7.5,0.0
139.0,66203.6,52.5560957,-1.4743698,71.896,116.528,93.82,0.01,0.1,0.0,72.14,72.12999,72.19,71.69,0.1000061,72.05,-0.02958012,-0.009180069,0.0,6.0,3.0,1989.0,87.0,0.0,-0.01000977,0.0,14.0,7.5,0.0
139.0,66203.7,52.55608770000001,-1.4743435,71.867,116.533,93.81,0.01,0.1,0.0,71.97,72.06999,71.92999,71.62999,0.3000183,72.0,-0.01938009,-0.009180069,0.0,6.0,3.0,1850.0,86.0,0.0,-0.01000977,0.0,14.1,7.5,0.0
139.0,66203.8,52.5560795,-1.4743172,71.87,116.713,93.8,-0.0,0.1,0.0,71.92,71.92999,71.89,71.7,0.1000061,71.92,-0.01938009,0.0,0.0,6.0,3.0,1738.0,86.0,0.0,-0.01000977,0.0,14.0,7.5,0.0
139.0,66203.9,52.5560715,-1.4742909,71.798,116.565,93.8,-0.01,0.1,0.0,71.78999,71.81999,71.75,71.50999,0.1000061,71.79,-0.02958012,0.0,0.0,6.0,3.0,1694.0,87.0,0.0,-0.01000977,0.0,14.0,7.5,0.0
139.0,66204.0,52.5560636,-1.4742646999999995,71.586,116.377,93.79,-0.01,0.1,0.0,71.70999,71.62,71.56999,71.39,-0.1999817,71.68,-0.03978014,0.0,0.0,6.0,3.0,1644.0,86.0,0.0,-0.01000977,0.0,14.1,7.5,0.0
139.0,66204.1,52.5560557,-1.4742384000000004,71.47399999999998,116.288,93.79,-0.01,0.1,0.0,71.50999,71.51999,71.45999,71.17999,0.0,71.6,-0.03978014,0.0,0.0,6.0,3.0,1624.0,86.0,0.0,-0.01000977,0.0,14.0,7.5,2.5
139.0,66204.2,52.5560477,-1.4742123999999999,71.23,116.48,93.77,-0.03,0.1,0.0,71.51999,71.41,71.36,71.11,-0.1000061,71.52,-0.03978014,0.0,0.0,6.0,3.0,1616.0,86.0,0.0,-0.01000977,0.0,14.1,7.5,6.5
139.0,66204.3,52.5560398,-1.4741863,71.24,116.461,93.76,-0.03,0.1,0.0,71.36,71.23,71.34,71.05,-0.1000061,71.31,-0.03978014,-0.009180069,0.0,6.0,3.0,1689.0,86.0,0.0,-0.01000977,0.0,14.0,7.5,6.5
139.0,66204.4,52.5560319,-1.4741603,70.988,116.41,93.75,-0.05,0.1,0.0,71.2,71.09999,71.20999,71.01999,0.0,71.15,-0.03978014,0.0,0.0,6.0,3.0,1743.0,86.0,0.0,-0.01000977,0.0,14.1,7.5,6.5
139.0,66204.5,52.556024,-1.4741342999999996,70.898,116.468,93.74,-0.05,0.1,0.0,71.12,70.94,71.09,70.89,0.0,71.02,-0.02958012,0.0,0.0,6.0,3.0,1776.0,86.0,0.0,-0.01000977,0.0,14.1,7.5,6.5
139.0,66204.6,52.5560161,-1.4741082999999997,70.898,116.453,93.73,-0.05,0.1,0.0,70.98999,70.92999,70.98999,70.70999,0.1000061,70.95,-0.02958012,0.0,0.0,6.0,3.0,1754.0,86.0,0.0,-0.01000977,0.0,14.1,7.5,5.0
139.0,66204.7,52.556008199999994,-1.4740822999999998,70.77600000000002,116.363,93.73,-0.05,0.1,0.0,70.92999,70.8,70.89,70.67999,0.1000061,70.89,-0.02958012,0.009180069,0.0,6.0,3.0,1759.0,86.0,0.0,-0.01000977,0.0,14.1,7.5,1.5
139.0,66204.8,52.5560004,-1.4740563999999998,70.679,116.33,93.72,-0.05,0.1,0.0,70.89999,70.84,70.75,70.48999,0.1000061,70.88,-0.02958012,0.009180069,0.0,6.0,3.0,1773.0,86.0,0.0,-0.01000977,0.0,14.0,7.5,1.0
139.0,66204.9,52.555992599999996,-1.4740304,70.607,116.167,93.71,-0.06,0.1,0.0,70.75,70.83,70.70999,70.44,0.1000061,70.75,-0.02958012,0.009180069,0.0,6.0,3.0,1754.0,86.0,0.0,-0.01000977,0.0,14.0,7.5,1.0
139.0,66205.0,52.5559849,-1.4740045,70.513,116.073,93.69,-0.07,0.1,0.0,70.67,70.73999,70.64999,70.37999,0.2000122,70.7,-0.02958012,0.0,0.0,6.0,3.0,1750.0,86.0,0.0,-0.01000977,0.0,14.0,7.5,1.0
139.0,66205.1,52.555977,-1.4739786,70.499,116.259,93.69,-0.07,0.1,0.0,70.67999,70.66,70.50999,70.22,0.0,70.64,-0.02958012,0.0,0.0,6.0,3.0,1750.0,86.0,0.0,-0.01000977,0.0,14.0,7.5,1.0
139.0,66205.2,52.5559692,-1.4739528,70.40899999999998,116.247,93.67,-0.08,0.1,0.0,70.48999,70.37999,70.39999,70.23999,0.3000183,70.57,-0.02958012,0.0,0.0,6.0,3.0,1742.0,86.0,0.0,-0.2400208,0.0,14.1,7.5,1.0
139.0,66205.3,52.555961499999995,-1.473927,70.279,116.189,93.65,-0.09,0.1,0.0,70.39999,70.34,70.31,70.06999,0.2000122,70.37,-0.02958012,-0.009180069,0.0,6.0,3.0,1746.0,86.0,0.0,-0.01000977,0.0,14.0,7.5,1.0
139.0,66205.4,52.5559537,-1.4739012,70.279,116.251,93.63,-0.1,0.1,0.0,70.28999,70.34,70.14999,70.01999,0.5,70.32,-0.03978014,0.0,0.0,6.0,3.0,1742.0,86.0,0.0,-0.01000977,0.0,14.1,7.5,1.0
139.0,66205.5,52.555946,-1.4738755,70.009,116.262,93.61,-0.11,0.1,0.0,70.06,70.12,70.05,69.89,0.0,70.12,-0.03978014,0.009180069,0.0,6.0,3.0,1730.0,86.0,0.0,-0.01000977,0.0,14.1,7.5,1.0
139.0,66205.6,52.5559383,-1.4738497,70.03399999999999,116.033,93.59,-0.12,0.1,0.0,70.00999,70.01999,69.98,69.81,0.0,70.06,-0.03978014,0.01937985,0.0,6.0,3.0,1733.0,86.0,0.0,-0.01000977,0.0,14.1,7.5,1.0
138.0,66205.7,52.5559306,-1.473824,69.908,116.002,93.57,-0.13,0.1,0.0,69.95999,69.89999,69.98,69.59999,0.0,69.93999000000001,-0.03978014,0.009180069,0.0,6.0,3.0,1720.0,86.0,0.0,-0.01000977,0.0,14.0,7.5,0.0
138.0,66205.8,52.555923,-1.4737983,69.82600000000001,115.88,93.54,-0.15,0.1,0.0,69.87999,69.81999,69.78999,69.59,-0.1000061,69.92,-0.03978014,0.009180069,0.0,6.0,3.0,1715.0,86.0,0.0,-0.01000977,0.0,14.0,7.5,0.0
138.0,66205.9,52.5559154,-1.4737727,69.692,115.924,93.51,-0.17,0.1,0.0,69.81999,69.76999,69.75999,69.51999,0.0,69.81,-0.04997993,0.009180069,0.0,6.0,3.0,1702.0,86.0,0.0,-0.01000977,0.0,14.0,7.5,0.0
138.0,66206.0,52.5559078,-1.4737471,69.494,115.908,93.48,-0.18,0.1,0.0,69.73999,69.58,69.67,69.48,0.2000122,69.68,-0.03978014,0.0,0.0,6.0,3.0,1713.0,86.0,0.0,-0.01000977,0.0,14.0,7.5,0.0
138.0,66206.1,52.555900199999996,-1.4737216,69.44,115.914,93.46,-0.19,0.1,0.0,69.56,69.42999,69.56,69.42,0.0,69.43999000000001,-0.03978014,0.0,0.0,6.0,3.0,1706.0,86.0,0.0,-0.01000977,0.0,14.0,7.5,0.0
138.0,66206.2,52.5558926,-1.4736959999999997,69.343,115.874,93.43,-0.19,0.1,0.0,69.44,69.31,69.56,69.20999,-0.1000061,69.38,-0.03978014,-0.009180069,0.0,6.0,3.0,1688.0,86.0,0.0,-0.01000977,0.0,14.0,7.5,0.0
138.0,66206.3,52.555884999999996,-1.4736705,69.38600000000001,115.956,93.4,-0.21,0.1,0.0,69.48999,69.16,69.25,69.09,0.1000061,69.26,-0.03978014,0.0,0.0,6.0,3.0,1675.0,86.0,0.0,-0.01000977,0.0,14.0,7.5,0.0
138.0,66206.4,52.5558774,-1.4736451,69.181,116.01,93.37,-0.22,0.1,0.0,69.19,69.06,69.23,68.89999,0.1000061,69.08,-0.03978014,0.0,0.0,6.0,3.0,1680.0,86.0,0.0,-0.01000977,0.0,14.0,7.5,0.0
138.0,66206.5,52.5558699,-1.4736196,68.998,115.835,93.34,-0.23,0.1,0.0,69.11,69.01999,69.05,68.78999,0.0,69.07,-0.04997993,0.0,0.0,6.0,3.0,1675.0,86.0,0.0,-0.01000977,0.0,14.0,7.5,0.0
138.0,66206.6,52.5558624,-1.4735942000000004,68.893,115.736,93.3,-0.24,0.1,0.0,69.03,68.97,68.87999,68.67,-0.1000061,68.92,-0.04997993,0.0,0.0,6.0,3.0,1663.0,86.0,0.0,-0.01000977,0.0,14.1,7.5,4.5
139.0,66206.7,52.5558549,-1.4735688999999996,68.814,115.777,93.27,-0.25,0.1,0.0,68.92999,68.91,68.87,68.61,0.0,68.86,-0.03978014,-0.01938009,0.0,6.0,3.0,1684.0,86.0,0.0,-0.01000977,0.0,14.0,7.5,7.0
139.0,66206.8,52.5558475,-1.4735436,68.645,115.729,93.24,-0.25,0.1,0.0,68.89,68.81,68.84,68.5,-0.6999816999999999,68.82,-0.02958012,-0.03978014,0.0,6.0,3.0,1726.0,86.0,0.0,-0.2400208,0.0,14.0,7.5,8.0
139.0,66206.9,52.5558401,-1.4735182000000004,68.634,115.6,93.21,-0.26,0.1,0.0,68.91,68.73,68.83,68.37,-1.100006,68.78,-0.01938009,-0.03978014,0.0,6.0,3.0,1712.0,86.0,0.0,-0.01000977,0.0,14.0,7.5,8.5
139.0,66207.0,52.5558326,-1.4734930000000002,68.544,115.826,93.18,-0.26,0.1,0.0,68.84,68.67999,68.62,68.34,-1.100006,68.74,-0.02958012,-0.03978014,0.0,6.0,3.0,1708.0,86.0,0.0,-0.01000977,0.0,14.0,7.5,8.5
139.0,66207.1,52.555825199999994,-1.4734677,68.533,115.79,93.14,-0.27,0.1,0.0,68.87,68.73,68.73,68.31,-1.100006,68.77,-0.02958012,-0.04997993,0.0,6.0,3.0,1708.0,86.0,0.0,-0.01000977,0.0,14.1,7.5,9.0
139.0,66207.2,52.5558176,-1.4734426000000005,68.436,116.074,93.11,-0.28,0.1,0.0,68.73999,68.62999,68.64,68.25,-1.0,68.78,-0.01938009,-0.04997993,0.0,6.0,3.0,1709.0,86.0,0.0,-0.2400208,0.0,14.1,7.5,9.0
139.0,66207.3,52.555809999999994,-1.4734173999999995,68.476,116.174,93.08,-0.28,0.1,0.0,68.72,68.70999,68.56,68.37,-0.5,68.74,-0.01938009,-0.01938009,0.0,6.0,3.0,1705.0,86.0,0.0,-0.01000977,0.0,14.0,7.5,9.0
139.0,66207.4,52.5558025,-1.4733923,68.494,116.157,93.04,-0.29,0.1,0.0,68.73999,68.67,68.62999,68.37999,-0.3999939,68.73,-0.01938009,-0.009180069,0.0,6.0,3.0,1702.0,86.0,0.0,-0.01000977,0.0,14.0,7.5,9.0
139.0,66207.5,52.555794999999996,-1.4733671000000002,68.36,116.15,93.01,-0.29,0.1,0.0,68.70999,68.66,68.58,68.34999,-0.5,68.78,-0.01938009,-0.01938009,0.0,6.0,3.0,1702.0,86.0,0.0,-0.01000977,0.0,14.0,7.5,9.0
139.0,66207.6,52.555787499999994,-1.4733419,68.404,115.984,92.98,-0.28,0.1,0.0,68.72,68.62999,68.53999,68.3,-0.5,68.78,-0.01938009,-0.02958012,0.0,6.0,3.0,1710.0,86.0,0.0,-0.01000977,0.0,14.0,7.5,9.0
139.0,66207.7,52.55578,-1.4733167999999999,68.317,116.076,92.96,-0.28,0.1,0.0,68.59999,68.56999,68.51999,68.34,-0.2999878,68.64,-0.009180069,-0.02958012,0.0,6.0,3.0,1707.0,86.0,0.0,-0.01000977,0.0,14.0,7.5,9.0
139.0,66207.8,52.5557724,-1.4732917,68.31,116.328,92.93,-0.27,0.1,0.0,68.62999,68.5,68.53,68.3,-0.3999939,68.57,-0.009180069,-0.02958012,0.0,6.0,3.0,1705.0,86.0,0.0,-0.01000977,0.0,14.0,7.5,9.0
139.0,66207.9,52.5557648,-1.4732665999999999,68.558,116.334,92.9,-0.27,0.1,0.0,68.53,68.5,68.55,68.26999,-0.3999939,68.56,-0.01938009,-0.02958012,0.0,6.0,3.0,1699.0,86.0,0.0,-0.01000977,0.0,14.0,7.5,9.0
139.0,66208.0,52.555757100000015,-1.4732415,68.44,116.457,92.86,-0.29,0.1,0.0,68.62999,68.48,68.56,68.25,-0.3999939,68.63,-0.01938009,-0.01938009,0.0,6.0,3.0,1704.0,86.0,0.0,-0.2400208,0.0,14.0,7.5,9.0
139.0,66208.1,52.555749500000005,-1.4732165,68.339,116.487,92.82,-0.3,0.1,0.0,68.67,68.59,68.48999,68.20999,-0.3999939,68.65,-0.009180069,-0.01938009,0.0,6.0,3.0,1700.0,86.0,0.0,-0.01000977,0.0,14.0,7.5,9.5
139.0,66208.2,52.5557418,-1.4731913999999997,68.44,116.508,92.78,-0.31,0.1,0.0,68.73,68.59999,68.56,68.33,-0.6000061,68.68,-0.01938009,-0.009180069,0.0,6.0,3.0,1709.0,86.0,0.0,-0.2400208,0.0,14.1,7.5,12.5
139.0,66208.3,52.555734300000005,-1.4731663,68.335,116.442,92.75,-0.31,0.1,0.0,68.7,68.62999,68.62999,68.34999,-0.6000061,68.61,-0.01938009,-0.009180069,0.0,6.0,3.0,1713.0,86.0,0.0,-0.01000977,0.0,14.0,7.5,15.0
139.0,66208.4,52.5557266,-1.4731413000000002,68.357,116.535,92.72,-0.3,0.1,0.0,68.64,68.55,68.69,68.36,-0.2999878,68.62,-0.009180069,-0.009180069,0.0,6.0,3.0,1715.0,86.0,0.0,-0.01000977,0.0,14.1,7.5,15.5
139.0,66208.5,52.555719100000005,-1.4731162,68.357,116.394,92.69,-0.31,0.1,0.0,68.73,68.59999,68.7,68.37,-0.2999878,68.66,0.0,-0.01938009,0.0,6.0,3.0,1708.0,86.0,0.0,-0.01000977,0.0,14.0,7.5,15.5
139.0,66208.6,52.5557114,-1.4730911000000004,68.447,116.544,92.65,-0.31,0.1,0.0,68.73999,68.62,68.67999,68.42999,-0.1000061,68.74,0.0,-0.009180069,0.0,6.0,3.0,1715.0,86.0,0.0,-0.01000977,0.0,14.0,7.5,15.5
139.0,66208.7,52.555703799999996,-1.473066,68.486,116.614,92.62,-0.32,0.1,0.0,68.84,68.76999,68.76999,68.59,0.3000183,68.82,0.0,0.0,0.0,6.0,3.0,1716.0,86.0,0.0,-0.01000977,0.0,14.0,7.5,15.5
139.0,66208.8,52.5556961,-1.4730409000000004,68.587,116.67,92.58,-0.32,0.1,0.0,68.98,68.91,68.78,68.62,0.3999939,68.91,0.0,0.009180069,0.0,6.0,3.0,1718.0,86.0,0.0,-0.2400208,0.0,14.0,7.5,15.5
139.0,66208.9,52.5556884,-1.4730158,68.612,116.54,92.54,-0.33,0.1,0.0,69.03999,68.98999,68.81,68.73,0.3000183,68.86,0.0,0.01937985,0.0,6.0,3.0,1732.0,86.0,0.0,-0.01000977,0.0,14.0,7.5,16.0
139.0,66209.0,52.5556807,-1.4729906,68.785,116.436,92.51,-0.32,0.1,0.0,69.03999,68.95999,69.3,69.03,0.1000061,68.98,0.0,0.009180069,0.0,6.0,3.0,1743.0,86.0,0.0,-0.2400208,0.0,14.0,7.5,16.5
139.0,66209.1,52.5556731,-1.4729653000000005,68.9,116.338,92.48,-0.32,0.1,0.0,69.17,69.2,68.95999,68.89,0.3000183,69.17,0.0,0.0,0.0,6.0,3.0,1761.0,86.0,0.0,-0.01000977,0.0,14.0,7.5,18.0
139.0,66209.2,52.5556656,-1.4729400000000001,68.76,116.275,92.44,-0.32,0.1,0.0,69.26999,69.36,69.05,68.91,0.3999939,69.21,0.0,0.009180069,0.0,6.0,3.0,1776.0,86.0,0.0,-0.01000977,0.0,14.0,7.5,20.0
139.0,66209.3,52.555658,-1.4729147,68.95100000000001,116.243,92.41,-0.33,0.1,0.0,69.36,69.39,69.31999,69.03,0.2000122,69.32,0.0,0.009180069,0.0,6.0,3.0,1784.0,86.0,0.0,-0.01000977,0.0,14.0,7.5,20.5
139.0,66209.4,52.5556504,-1.4728892999999998,69.044,116.036,92.38,-0.33,0.1,0.0,69.5,69.56999,69.42,69.03999,0.1000061,69.46,0.009180069,0.0,0.0,6.0,3.0,1793.0,86.0,0.0,-0.01000977,0.0,14.0,7.5,21.0
139.0,66209.5,52.5556428,-1.4728638000000003,69.17,116.022,92.34,-0.33,0.1,0.0,69.7,69.69,69.47,69.19,0.1000061,69.51,0.01937985,0.0,0.0,6.0,3.0,1815.0,86.0,0.0,-0.2400208,0.0,14.0,7.5,21.0
139.0,66209.6,52.5556352,-1.4728382999999996,69.318,116.036,92.3,-0.33,0.1,0.0,69.83,69.81,69.75999,69.45999,0.3000183,69.77,0.01937985,-0.009180069,0.0,6.0,3.0,1823.0,86.0,0.0,-0.01000977,0.0,14.1,7.5,21.0
139.0,66209.7,52.5556276,-1.4728127,69.57,115.953,92.27,-0.33,0.1,0.0,70.03,70.00999,69.78,69.53999,0.1000061,69.99,0.01937985,-0.009180069,0.0,6.0,3.0,1814.0,86.0,0.0,-0.01000977,0.0,14.0,7.5,21.0
139.0,66209.8,52.55562,-1.4727869999999996,69.61,116.03,92.23,-0.33,0.1,0.0,70.14999,70.06,69.81,69.70999,0.0,70.13,0.02957988,-0.009180069,0.0,6.0,3.0,1822.0,86.0,0.0,-0.2400208,0.0,14.0,7.5,21.0
139.0,66209.9,52.5556124,-1.4727613,69.836,115.89,92.19,-0.34,0.1,0.0,70.25,70.22,70.06,69.98,0.1000061,70.24,0.02957988,0.0,0.0,6.0,3.0,1824.0,86.0,0.0,-0.01000977,0.0,14.0,7.5,21.0
139.0,66210.0,52.5556048,-1.4727355,70.11399999999999,115.906,92.16,-0.34,0.1,0.0,70.42999,70.48,70.37,70.17999,0.3999939,70.43999000000002,0.01937985,0.0,0.0,6.0,3.0,1808.0,86.0,0.0,-0.01000977,0.0,14.0,7.5,5.5
139.0,66210.1,52.5555972,-1.4727096000000002,70.222,115.798,92.12,-0.35,0.1,0.0,70.62999,70.67,70.42,70.3,0.5,70.67,0.01937985,0.0,0.0,6.0,3.0,1781.0,86.0,0.0,-0.2400208,0.0,14.0,7.5,0.0
139.0,66210.2,52.555589499999996,-1.4726836999999997,70.178,115.958,92.08,-0.36,0.1,0.0,70.75999,70.78,70.59,70.37999,0.7000122,70.73,0.009180069,0.0,0.0,6.0,3.0,1771.0,86.0,0.0,-0.01000977,0.0,14.1,7.5,0.0
139.0,66210.3,52.5555818,-1.4726576999999998,70.51,115.816,92.04,-0.35,0.1,0.0,70.70999,70.70999,70.69,70.53999,0.6000061,70.75,0.0,0.01937985,0.0,6.0,3.0,1794.0,86.0,0.0,-0.2400208,0.0,14.0,7.5,0.0
139.0,66210.4,52.5555742,-1.4726317,70.46300000000002,115.737,92.02,-0.34,0.1,0.0,70.76999,70.69,70.78999,70.61,0.5,70.72,0.0,0.01937985,0.0,6.0,3.0,1814.0,86.0,0.0,-0.01000977,0.0,14.1,7.5,0.0
139.0,66210.5,52.55556660000001,-1.4726056,70.571,115.588,91.98,-0.34,0.1,0.0,70.75999,70.64999,70.78,70.59999,0.1000061,70.78,0.0,0.009180069,0.0,6.0,3.0,1822.0,86.0,0.0,-0.01000977,0.0,14.0,7.5,0.0
139.0,66210.6,52.55555910000001,-1.4725795,70.499,115.427,91.95,-0.33,0.1,0.0,70.81999,70.75999,70.81,70.59,0.1000061,70.72,-0.01938009,0.0,0.0,6.0,3.0,1832.0,86.0,0.0,-0.01000977,0.0,14.0,7.5,0.0
139.0,66210.7,52.5555515,-1.4725534,70.564,115.426,91.92,-0.33,0.1,0.0,70.78999,70.7,70.62999,70.53,0.3000183,70.68,-0.01938009,-0.009180069,0.0,6.0,3.0,1850.0,86.0,0.0,-0.01000977,0.0,14.0,7.5,0.0
139.0,66210.8,52.555543899999996,-1.4725272999999999,70.542,115.453,91.88,-0.34,0.1,0.0,70.78,70.81,70.62999,70.50999,0.1000061,70.67,-0.02958012,0.0,0.0,6.0,3.0,1856.0,86.0,0.0,-0.01000977,0.0,14.0,7.5,0.0
139.0,66210.9,52.5555364,-1.4725013,70.445,115.486,91.84,-0.34,0.1,0.0,70.75999,70.72,70.62999,70.37,0.1000061,70.68,-0.02958012,0.0,0.0,6.0,3.0,1827.0,86.0,0.0,-0.01000977,0.0,14.1,7.5,0.0
139.0,66211.0,52.5555289,-1.4724752,70.405,115.409,91.8,-0.35,0.1,0.0,70.67,70.67999,70.61,70.39999,0.0,70.68,-0.02958012,0.0,0.0,6.0,3.0,1761.0,86.0,0.0,-0.01000977,0.0,14.1,7.5,0.0
139.0,66211.1,52.5555213,-1.4724492,70.355,115.368,91.77,-0.34,0.1,0.0,70.59999,70.48,70.56999,70.28999,-0.2999878,70.48,-0.02958012,0.0,0.0,6.0,3.0,1710.0,86.0,0.0,-0.01000977,0.0,14.0,7.5,0.0
139.0,66211.2,52.5555138,-1.4724232000000002,70.268,115.333,91.74,-0.33,0.1,0.0,70.39999,70.31999,70.36,70.17,-0.1000061,70.43999000000002,-0.03978014,-0.009180069,0.0,6.0,3.0,1724.0,86.0,0.0,-0.01000977,0.0,14.0,7.5,0.0
139.0,66211.3,52.555506300000005,-1.4723971999999996,70.232,115.328,91.7,-0.34,0.1,0.0,70.26999,70.2,70.23,69.98,-0.1999817,70.36,-0.04997993,-0.01938009,0.0,6.0,3.0,1744.0,86.0,0.0,-0.01000977,0.0,14.1,7.5,0.0
139.0,66211.4,52.555498899999996,-1.4723712,70.081,115.358,91.67,-0.34,0.1,0.0,70.25999,70.11,70.06,69.84999,-0.2999878,70.23,-0.04997993,-0.02958012,0.0,6.0,3.0,1739.0,86.0,0.0,0.9400024,0.0,14.0,7.5,3.5
139.0,66211.5,52.5554914,-1.4723453000000004,70.03399999999999,115.42,91.63,-0.35,0.1,0.0,70.17,70.09,70.03,69.83,-0.5,70.18,-0.04997993,-0.02958012,0.0,6.0,3.0,1756.0,86.0,0.0,-0.01000977,0.0,14.0,7.5,5.5
139.0,66211.6,52.5554839,-1.4723195999999998,69.725,115.492,91.59,-0.35,0.1,0.0,70.06,69.98,69.95999,69.73999,-0.6000061,70.17,-0.03978014,-0.02958012,0.0,6.0,3.0,1759.0,86.0,0.0,-0.01000977,0.0,14.0,7.5,5.5
139.0,66211.7,52.555476399999996,-1.4722938000000003,69.707,115.492,91.55,-0.35,0.1,0.0,70.06999,69.84999,69.97,69.66,-0.6000061,70.01,-0.02958012,-0.01938009,0.0,6.0,3.0,1724.0,86.0,0.0,-0.01000977,0.0,14.0,7.5,5.5
139.0,66211.8,52.5554689,-1.4722680000000004,69.822,115.573,91.52,-0.35,0.1,0.0,69.98999,69.70999,70.01999,69.61,-0.6000061,69.85,-0.02958012,-0.02958012,0.0,6.0,3.0,1741.0,86.0,0.0,-0.01000977,0.0,14.0,7.5,6.5
139.0,66211.9,52.5554614,-1.4722422,69.779,115.569,91.48,-0.35,0.1,0.0,70.01999,69.8,69.98,69.59999,-0.6999816999999999,69.86,-0.02958012,-0.03978014,0.0,6.0,3.0,1734.0,86.0,0.0,-0.01000977,0.0,14.0,7.5,6.5
139.0,66212.0,52.555453899999996,-1.4722164999999998,69.631,115.675,91.44,-0.36,0.1,0.0,69.87999,69.78999,69.86,69.47,-1.100006,69.91,-0.02958012,-0.02958012,0.0,6.0,3.0,1745.0,86.0,0.0,-0.01000977,0.0,14.0,7.5,4.5
139.0,66212.1,52.5554463,-1.4721908,69.57,115.751,91.41,-0.36,0.1,0.0,69.98,69.73,69.87999,69.51999,-1.299988,69.9,-0.02958012,-0.03978014,0.0,6.0,3.0,1731.0,86.0,0.0,-0.2400208,0.0,14.0,7.5,0.0
139.0,66212.2,52.555438800000005,-1.4721651999999998,69.516,115.719,91.37,-0.36,0.1,0.0,69.81999,69.70999,69.81,69.56,-1.299988,69.78,-0.02958012,-0.02958012,0.0,6.0,3.0,1735.0,86.0,0.0,-0.01000977,0.0,14.1,7.5,0.0
139.0,66212.3,52.5554312,-1.4721396,69.527,115.932,91.34,-0.35,0.1,0.0,69.81,69.64999,69.83,69.48999,-1.0,69.71,-0.02958012,-0.03978014,0.0,6.0,3.0,1734.0,86.0,0.0,-0.01000977,0.0,14.1,7.5,0.0
139.0,66212.4,52.555423600000005,-1.4721140000000001,69.53399999999999,116.043,91.31,-0.34,0.1,0.0,69.98,69.78,69.67999,69.34,-1.199982,69.52,-0.03978014,-0.04997993,0.0,6.0,3.0,1721.0,86.0,0.0,-0.01000977,0.0,13.9,7.5,0.0
139.0,66212.5,52.5554159,-1.4720885000000001,69.278,116.092,91.27,-0.35,0.1,0.0,69.87,69.75,69.67999,69.41,-1.100006,69.68999000000001,-0.03978014,-0.04997993,0.0,6.0,3.0,1719.0,86.0,0.0,-0.01000977,0.0,14.0,7.5,0.0
139.0,66212.6,52.555408299999996,-1.4720631,69.062,116.259,91.24,-0.34,0.1,0.0,69.56999,69.44,69.81999,69.44,-1.399994,69.55,-0.02958012,-0.04997993,0.0,6.0,3.0,1723.0,86.0,0.0,2.369995,1.0,14.0,7.5,0.0
139.0,66212.7,52.5554006,-1.4720377,69.307,116.29,91.22,-0.32,0.1,0.0,69.42999,69.23999,69.61,69.28999,-1.0,69.38,-0.02958012,-0.04997993,0.0,6.0,3.0,1712.0,86.0,0.0,1.660004,1.0,14.0,7.5,0.0
139.0,66212.8,52.5553929,-1.4720121999999995,69.314,116.476,91.19,-0.31,0.1,0.0,69.34999,69.19,69.44,69.12,-0.8999939,69.3,-0.03978014,-0.05915999,0.0,6.0,3.0,1717.0,86.0,0.0,1.419983,1.0,14.0,7.5,0.0
139.0,66212.9,52.555385099999995,-1.471987,69.124,116.753,91.16,-0.31,0.1,0.0,69.42999,69.16,69.11,68.75999,-0.8999939,69.36,-0.04997993,-0.04997993,0.0,6.0,3.0,1713.0,86.0,0.0,1.419983,1.0,14.0,7.5,0.0
139.0,66213.0,52.5553773,-1.4719619,68.803,116.928,91.12,-0.32,0.1,0.0,69.14,69.06,68.91,68.64999,-1.100006,69.21,-0.04997993,-0.03978014,0.0,6.0,3.0,1696.0,86.0,0.0,1.660004,1.0,14.0,7.5,0.0
139.0,66213.1,52.5553695,-1.4719367,68.88600000000001,116.914,91.08,-0.33,0.1,0.0,69.14,68.98,69.03999,68.64,-1.0,69.06,-0.04997993,-0.02958012,0.0,6.0,3.0,1670.0,86.0,0.0,-0.480011,1.0,14.0,7.5,0.0
139.0,66213.2,52.555361700000006,-1.4719115999999999,68.792,117.057,91.04,-0.33,0.1,0.0,69.01999,68.94,68.73,68.53,-1.199982,69.03,-0.04997993,-0.01938009,0.0,6.0,3.0,1657.0,86.0,0.0,-0.01000977,0.0,14.1,7.5,0.0
139.0,66213.3,52.5553539,-1.4718867,68.49,117.127,91.0,-0.34,0.1,0.0,68.84,68.78,68.89999,68.56,-0.6999816999999999,68.86,-0.04997993,-0.02958012,0.0,6.0,3.0,1673.0,86.0,0.0,-0.2400208,0.0,14.1,7.5,0.0
139.0,66213.4,52.555346099999994,-1.4718617999999999,68.411,117.189,90.98,-0.33,0.1,0.0,68.73999,68.62,68.75,68.45,-1.0,68.68,-0.03978014,-0.01938009,0.0,6.0,3.0,1683.0,86.0,0.0,-0.01000977,0.0,14.1,7.5,0.0
139.0,66213.5,52.555338200000016,-1.4718367999999995,68.4,117.242,90.95,-0.31,0.1,0.0,68.69,68.56,68.67,68.42999,-1.199982,68.58,-0.04997993,-0.009180069,0.0,6.0,3.0,1684.0,86.0,0.0,-0.2400208,0.0,14.1,7.5,0.0
139.0,66213.6,52.5553304,-1.471812,68.263,117.189,90.92,-0.31,0.1,0.0,68.51999,68.37,68.53999,68.23999,-1.199982,68.42,-0.04997993,-0.01938009,0.0,6.0,3.0,1672.0,86.0,0.0,-0.01000977,0.0,14.1,7.5,0.0
139.0,66213.7,52.555322700000005,-1.4717872,68.044,117.249,90.89,-0.3,0.1,0.0,68.37,68.23999,68.33,68.09999,-0.7999878,68.34,-0.04997993,-0.02958012,0.0,6.0,3.0,1672.0,86.0,0.0,-0.01000977,0.0,14.1,7.5,0.0
139.0,66213.8,52.5553148,-1.4717625,68.087,117.473,90.87,-0.29,0.1,0.0,68.26999,68.16,68.23999,67.97,-0.6000061,68.18,-0.04997993,-0.02958012,0.0,6.0,3.0,1675.0,86.0,0.0,-0.01000977,0.0,14.0,7.5,0.0
139.0,66213.9,52.5553069,-1.4717378000000003,68.0,117.571,90.84,-0.3,0.1,0.0,68.17999,68.06999,68.12999,67.84,-0.6000061,68.13,-0.04997993,-0.01938009,0.0,6.0,3.0,1668.0,86.0,0.0,-0.01000977,0.0,14.0,7.5,0.0
139.0,66214.0,52.5552991,-1.4717132000000004,67.65100000000001,117.621,90.81,-0.3,0.1,0.0,68.09,67.92,68.03,67.73999,-0.6000061,68.02,-0.04997993,-0.01938009,0.0,6.0,3.0,1653.0,86.0,0.0,-0.01000977,0.0,14.0,7.5,0.0
139.0,66214.1,52.5552913,-1.4716887,67.673,117.609,90.78,-0.3,0.1,0.0,67.92999,67.78999,67.84999,67.59,-0.6999816999999999,67.9,-0.04997993,-0.01938009,0.0,6.0,3.0,1643.0,86.0,0.0,-0.01000977,0.0,14.0,7.5,1.5
139.0,66214.2,52.5552834,-1.4716642,67.572,117.814,90.75,-0.29,0.1,0.0,67.8,67.67,67.78,67.50999,-0.5,67.79,-0.04997993,-0.01938009,0.0,6.0,3.0,1639.0,86.0,0.0,-0.2400208,0.0,14.0,7.5,7.0
139.0,66214.3,52.5552755,-1.4716396999999997,67.532,117.828,90.72,-0.29,0.1,0.0,67.81999,67.67,67.72,67.42999,-0.2999878,67.74,-0.04997993,-0.01938009,0.0,6.0,3.0,1701.0,86.0,0.0,-0.01000977,0.0,14.0,7.5,12.0
139.0,66214.4,52.5552676,-1.4716154000000001,67.306,117.891,90.69,-0.29,0.1,0.0,67.73,67.62,67.64,67.36,-0.1000061,67.72,-0.02958012,0.0,0.0,6.0,3.0,1703.0,86.0,0.0,-0.01000977,0.0,14.0,7.5,14.5
139.0,66214.5,52.5552597,-1.4715909999999996,67.345,117.975,90.66,-0.29,0.1,0.0,67.67,67.58,67.62,67.41,0.1000061,67.68,-0.01938009,0.0,0.0,6.0,3.0,1700.0,86.0,0.0,-0.01000977,0.0,14.0,7.5,15.0
139.0,66214.6,52.55525179999999,-1.4715665999999996,67.471,117.852,90.63,-0.28,0.1,0.0,67.73999,67.62,67.59999,67.42,0.3999939,67.67,-0.009180069,0.009180069,0.0,6.0,3.0,1716.0,86.0,0.0,-0.01000977,0.0,14.0,7.5,15.0
139.0,66214.7,52.5552439,-1.4715421999999998,67.385,117.8,90.59,-0.29,0.1,0.0,67.8,67.70999,67.66,67.37,0.3999939,67.7,-0.009180069,0.01937985,0.0,6.0,3.0,1742.0,86.0,0.0,-0.01000977,0.0,14.1,7.5,15.0
139.0,66214.8,52.5552361,-1.4715178000000004,67.32,117.779,90.56,-0.3,0.1,0.0,67.76999,67.70999,67.64,67.48999,0.5,67.74,-0.009180069,0.01937985,0.0,6.0,3.0,1780.0,86.0,0.0,-0.2400208,0.0,14.1,7.5,15.5
139.0,66214.9,52.5552282,-1.4714934,67.536,117.753,90.52,-0.3,0.1,0.0,67.78,67.76999,67.7,67.62,0.6000061,67.76,-0.009180069,0.01937985,0.0,6.0,3.0,1792.0,86.0,0.0,-0.01000977,0.0,14.0,7.5,16.0
139.0,66215.0,52.5552204,-1.4714689,67.468,117.711,90.49,-0.3,0.1,0.0,67.78999,67.78999,67.69,67.64,0.8000183000000001,67.75,0.0,0.02957988,0.0,6.0,3.0,1800.0,86.0,0.0,-0.01000977,0.0,14.0,7.5,16.0
139.0,66215.1,52.5552125,-1.4714444,67.59,117.577,90.45,-0.31,0.1,0.0,67.83,67.87,67.75,67.67,0.8000183000000001,67.82,0.0,0.01937985,0.0,6.0,3.0,1803.0,86.0,0.0,-0.01000977,0.0,14.0,7.5,16.0
139.0,66215.2,52.5552047,-1.4714198,67.586,117.439,90.42,-0.31,0.1,0.0,67.92,68.03,67.8,67.76999,0.8999939,67.91,-0.009180069,0.039779900000000014,0.0,6.0,3.0,1811.0,86.0,0.0,-0.01000977,0.0,14.0,7.5,16.5
139.0,66215.3,52.555196900000006,-1.4713952,67.709,117.437,90.39,-0.32,0.1,0.0,68.03999,68.19,67.87999,67.84,1.5,68.07,-0.009180069,0.05915999,0.0,6.0,3.0,1808.0,86.0,0.0,-0.01000977,0.0,14.0,7.5,18.0
139.0,66215.4,52.5551892,-1.4713707000000005,67.45,117.276,90.35,-0.32,0.1,0.0,68.11,68.26999,67.84999,67.91,1.800018,68.09,0.0,0.07956004,0.0,6.0,3.0,1812.0,86.0,0.0,-0.01000977,0.0,14.0,7.5,20.0
139.0,66215.5,52.5551815,-1.471346,67.594,117.061,90.32,-0.31,0.1,0.0,68.06,68.25,67.95999,68.05,1.899994,68.1,0.0,0.06936002,0.0,6.0,3.0,1833.0,86.0,0.0,-0.01000977,0.0,14.0,7.5,20.5
139.0,66215.6,52.5551739,-1.4713211000000002,67.889,116.772,90.3,-0.3,0.1,0.0,68.08,68.28,68.12,68.12,1.800018,68.13,0.009180069,0.05915999,0.0,6.0,3.0,1854.0,86.0,0.0,-0.01000977,0.0,14.0,7.5,20.5
139.0,66215.7,52.555166299999996,-1.4712963,67.936,116.69,90.27,-0.29,0.1,0.0,68.25999,68.45999,68.16,68.2,1.600006,68.32,0.0,0.039779900000000014,0.0,6.0,3.0,1882.0,86.0,0.0,-0.01000977,0.0,14.0,7.5,20.5
139.0,66215.8,52.5551587,-1.4712713999999996,67.795,116.476,90.24,-0.29,0.1,0.0,68.39999,68.51999,68.14,68.19,1.300018,68.45,0.009180069,0.039779900000000014,0.0,6.0,3.0,1881.0,86.0,0.0,-0.01000977,0.0,14.0,7.5,20.0
139.0,66215.9,52.5551512,-1.4712465,67.921,116.43,90.22,-0.28,0.1,0.0,68.45,68.53999,68.3,68.3,0.8999939,68.49,0.01937985,0.039779900000000014,0.0,6.0,3.0,1860.0,86.0,0.0,-0.01000977,0.0,14.0,7.5,8.5
139.0,66216.0,52.5551437,-1.4712213999999997,68.206,116.144,90.21,-0.26,0.1,0.0,68.64,68.59999,68.48999,68.39,0.3999939,68.57,0.009180069,0.02957988,0.0,6.0,3.0,1824.0,86.0,0.0,-0.01000977,0.0,14.1,7.5,3.0
139.0,66216.1,52.5551363,-1.4711962,68.234,115.828,90.19,-0.25,0.1,0.0,68.67999,68.64,68.51999,68.45,0.1000061,68.68,0.009180069,0.01937985,0.0,6.0,3.0,1773.0,86.0,0.0,-0.01000977,0.0,14.1,7.5,1.5
139.0,66216.2,52.555128800000006,-1.4711709999999998,68.357,115.862,90.16,-0.25,0.1,0.0,68.7,68.62999,68.62,68.44,0.2000122,68.7,0.0,0.0,0.0,6.0,3.0,1771.0,86.0,0.0,-0.01000977,0.0,14.0,7.5,1.5
139.0,66216.3,52.5551213,-1.4711458,68.292,115.929,90.15,-0.23,0.1,0.0,68.64999,68.59999,68.45,68.39999,0.3999939,68.66,0.0,0.0,0.0,6.0,3.0,1792.0,86.0,0.0,-0.01000977,0.0,14.0,7.5,1.5
139.0,66216.4,52.5551139,-1.4711206,68.407,115.901,90.13,-0.22,0.1,0.0,68.66,68.67999,68.55,68.42999,0.6000061,68.67,-0.009180069,0.0,0.0,6.0,3.0,1803.0,86.0,0.0,-0.01000977,0.0,14.0,7.5,1.5
139.0,66216.5,52.5551064,-1.4710954,68.368,115.927,90.11,-0.22,0.1,0.0,68.61,68.62999,68.53,68.39999,0.6000061,68.68999000000001,-0.009180069,0.009180069,0.0,6.0,3.0,1796.0,86.0,0.0,-0.01000977,0.0,14.0,7.5,1.5
139.0,66216.6,52.555099000000006,-1.4710702,68.29899999999999,115.856,90.09,-0.21,0.1,0.0,68.61,68.59,68.44,68.31999,0.1000061,68.65,-0.01938009,0.01937985,0.0,6.0,3.0,1782.0,86.0,0.0,-0.01000977,0.0,14.1,7.5,10.0
139.0,66216.7,52.5550916,-1.471045,68.23100000000001,115.722,90.08,-0.2,0.1,0.0,68.53,68.53,68.45999,68.31,0.1000061,68.54,-0.01938009,0.01937985,0.0,6.0,3.0,1790.0,86.0,0.0,-0.01000977,0.0,14.0,7.5,13.5
139.0,66216.8,52.5550842,-1.4710198,68.252,115.742,90.07,-0.19,0.1,0.0,68.56,68.53999,68.42,68.25,0.1000061,68.53,-0.009180069,0.01937985,0.0,6.0,3.0,1813.0,86.0,0.0,-0.01000977,0.0,14.0,7.5,14.0
139.0,66216.9,52.5550769,-1.4709946,68.209,115.507,90.06,-0.18,0.1,0.0,68.62,68.59,68.45999,68.3,0.0,68.55,0.0,0.0,0.0,6.0,3.0,1744.0,86.0,0.0,-0.01000977,0.0,14.0,7.5,14.0
139.0,66217.0,52.555069499999995,-1.4709694000000004,68.27,115.635,90.04,-0.18,0.1,0.0,68.56999,68.51999,68.55,68.37999,0.3000183,68.55,0.0,0.009180069,0.0,6.0,3.0,1690.0,86.0,0.0,-0.01000977,0.0,14.0,7.5,14.5
139.0,66217.1,52.555062199999995,-1.4709440999999996,68.27,115.559,90.02,-0.17,0.1,0.0,68.55,68.58,68.5,68.37999,0.2000122,68.63,0.0,0.009180069,0.0,6.0,3.0,1703.0,86.0,0.0,-0.2400208,0.0,14.0,7.5,17.0
139.0,66217.2,52.5550548,-1.4709189,68.26,115.45,90.01,-0.17,0.1,0.0,68.59,68.55,68.5,68.33,0.1000061,68.56,0.0,0.009180069,0.0,6.0,3.0,1709.0,86.0,0.0,-0.01000977,0.0,14.0,7.5,17.5
139.0,66217.3,52.5550475,-1.4708936000000004,68.288,115.426,90.0,-0.16,0.1,0.0,68.64999,68.56999,68.56,68.42999,0.0,68.61,0.0,0.0,0.0,6.0,3.0,1709.0,86.0,0.0,-0.01000977,0.0,14.0,7.5,17.5
139.0,66217.4,52.5550402,-1.4708683,68.404,115.425,89.98,-0.16,0.1,0.0,68.75,68.66,68.67,68.42999,0.0,68.71,0.0,0.0,0.0,6.0,3.0,1712.0,86.0,0.0,-0.01000977,0.0,14.0,7.5,16.0
139.0,66217.5,52.5550329,-1.470843,68.335,115.34,89.97,-0.16,0.1,0.0,68.84999,68.7,68.75999,68.45,-0.1999817,68.78,0.0,0.0,0.0,6.0,3.0,1712.0,86.0,0.0,-0.01000977,0.0,14.0,7.5,11.5
139.0,66217.6,52.555025500000006,-1.4708177,68.422,115.509,89.95,-0.16,0.1,0.0,68.83,68.73,68.76999,68.50999,-0.1000061,68.78,0.0,0.0,0.0,6.0,3.0,1702.0,86.0,0.0,-0.2400208,0.0,14.0,7.5,11.5
139.0,66217.7,52.5550181,-1.4707923,68.57600000000001,115.586,89.93,-0.16,0.1,0.0,68.87,68.78,68.84,68.53999,-0.2999878,68.81,0.0,0.0,0.0,6.0,3.0,1706.0,86.0,0.0,-0.01000977,0.0,14.0,7.5,11.5
139.0,66217.8,52.5550108,-1.4707669,68.584,115.421,89.92,-0.15,0.1,0.0,68.95,68.84999,68.78,68.51999,-0.3999939,68.86,0.0,0.0,0.0,6.0,3.0,1713.0,86.0,0.0,-0.01000977,0.0,14.0,7.5,13.5
139.0,66217.9,52.555003400000004,-1.4707416,68.501,115.517,89.9,-0.16,0.1,0.0,68.89999,68.92999,68.87,68.62999,-0.5,68.86,0.0,0.0,0.0,6.0,3.0,1717.0,86.0,0.0,-0.01000977,0.0,14.0,7.5,14.5
139.0,66218.0,52.55499600000001,-1.4707163000000003,68.52199999999999,115.492,89.89,-0.16,0.1,0.0,68.91,68.92999,68.78,68.61,-0.5,68.86,0.0,-0.009180069,0.0,6.0,3.0,1736.0,86.0,0.0,-0.01000977,0.0,14.0,7.5,16.0
139.0,66218.1,52.5549886,-1.4706909000000001,68.598,115.544,89.87,-0.16,0.1,0.0,68.97,68.97,68.87999,68.62,-0.6999816999999999,68.91,0.0,-0.009180069,0.0,6.0,3.0,1730.0,86.0,0.0,-0.01000977,0.0,14.0,7.5,17.5
139.0,66218.2,52.5549812,-1.4706656,68.52199999999999,115.498,89.85,-0.16,0.1,0.0,68.98,68.98999,68.89,68.72,-0.6000061,68.97,0.0,-0.01938009,0.0,6.0,3.0,1721.0,86.0,0.0,-0.01000977,0.0,14.0,7.5,19.0
139.0,66218.3,52.5549738,-1.4706403000000003,68.623,115.633,89.83,-0.16,0.1,0.0,69.06999,69.06999,68.98,68.75999,-0.3999939,69.05,0.0,-0.01938009,0.0,6.0,3.0,1731.0,86.0,0.0,-0.01000977,0.0,14.0,7.5,20.5
139.0,66218.4,52.5549664,-1.4706148999999997,68.67,115.701,89.82,-0.15,0.1,0.0,69.2,69.09,68.97,68.84,-0.3999939,69.16,0.009180069,-0.009180069,0.0,6.0,3.0,1730.0,86.0,0.0,-0.01000977,0.0,14.0,7.5,21.5
139.0,66218.5,52.554958899999995,-1.4705894999999995,68.764,115.722,89.81,-0.15,0.1,0.0,69.25,69.17,69.06999,68.97,-0.2999878,69.22,0.01937985,-0.009180069,0.0,6.0,3.0,1745.0,86.0,0.0,-0.01000977,0.0,14.0,7.5,23.0
139.0,66218.6,52.5549514,-1.4705641,68.954,115.796,89.79,-0.15,0.1,0.0,69.39,69.33,69.23,69.05,-0.3999939,69.38,0.01937985,-0.009180069,0.0,6.0,3.0,1767.0,86.0,0.0,-0.01000977,0.0,14.0,7.5,24.5
139.0,66218.7,52.5549439,-1.4705386999999999,68.954,115.793,89.77,-0.15,0.1,0.0,69.51999,69.48999,69.28,69.20999,-0.1999817,69.55,0.01937985,0.0,0.0,6.0,3.0,1787.0,86.0,0.0,-0.01000977,0.0,14.0,7.5,26.0
139.0,66218.8,52.554936399999995,-1.4705132000000003,69.084,115.862,89.76,-0.15,0.1,0.0,69.69,69.66,69.56,69.31999,-0.2999878,69.68,0.02957988,0.0,0.0,5.0,3.0,1774.0,86.0,0.0,-0.01000977,0.0,14.0,7.5,27.0
139.0,66218.9,52.5549289,-1.4704876,69.322,115.69,89.74,-0.15,0.1,0.0,69.89999,69.84999,69.72,69.48,-0.5,69.84,0.039779900000000014,-0.009180069,0.0,5.0,3.0,1765.0,86.0,0.0,-0.2400208,0.0,13.9,7.5,27.5
139.0,66219.0,52.554921300000004,-1.4704619999999997,69.46600000000001,115.838,89.73,-0.14,0.1,0.0,70.09,69.98999,69.92999,69.73,-0.3999939,69.99,0.039779900000000014,0.0,0.0,5.0,3.0,1744.0,86.0,0.0,-0.01000977,0.0,14.0,7.5,27.5
139.0,66219.1,52.5549137,-1.4704361999999995,69.797,115.851,89.72,-0.14,0.1,0.0,70.25999,70.19,70.11,69.84,-0.2999878,70.16,0.039779900000000014,-0.01938009,0.0,5.0,3.0,1763.0,86.0,0.0,-0.2400208,0.0,14.0,7.5,27.5
139.0,66219.2,52.554906100000004,-1.4704105,69.743,115.891,89.71,-0.13,0.1,0.0,70.3,70.26999,70.23999,69.98999,-0.2999878,70.27,0.039779900000000014,-0.009180069,0.0,5.0,3.0,1825.0,86.0,0.0,-0.01000977,0.0,14.0,7.5,28.0
139.0,66219.3,52.554898500000014,-1.4703846999999997,69.984,115.852,89.7,-0.12,0.1,0.0,70.45,70.37,70.39,70.12999,-0.3999939,70.39,0.02957988,0.0,0.0,5.0,3.0,1939.0,86.0,0.0,-0.01000977,0.0,14.0,7.5,28.0
139.0,66219.4,52.554890799999995,-1.4703588,70.247,115.895,89.69,-0.12,0.1,0.0,70.7,70.53,70.50999,70.3,-0.2999878,70.53,0.009180069,-0.009180069,0.0,5.0,3.0,2062.0,86.0,0.0,-0.01000977,0.0,14.0,7.5,28.5
139.0,66219.5,52.5548832,-1.4703330000000001,70.056,115.852,89.68,-0.12,0.1,0.0,70.70999,70.64999,70.53999,70.28999,-0.5,70.64,0.01937985,-0.01938009,0.0,5.0,3.0,2139.0,86.0,0.0,-0.01000977,0.0,14.0,7.5,28.5
139.0,66219.6,52.5548755,-1.4703069999999998,70.358,115.999,89.67,-0.11,0.1,0.0,70.81,70.72,70.76999,70.48,-0.2999878,70.68,0.01937985,-0.009180069,0.0,5.0,3.0,2183.0,86.0,0.0,-0.01000977,0.0,14.0,7.5,29.0
139.0,66219.7,52.554867800000004,-1.470281,70.589,115.953,89.66,-0.11,0.1,0.0,71.01999,71.00999,70.87,70.55,-0.3999939,70.89,0.02957988,-0.01938009,0.0,5.0,3.0,2182.0,86.0,0.0,-0.01000977,0.0,14.0,7.5,29.0
139.0,66219.8,52.55486,-1.470255,70.657,116.049,89.64,-0.13,0.1,0.0,71.25,71.25999,71.03,70.75,-0.6999816999999999,71.12,0.02957988,-0.01938009,0.0,5.0,3.0,2193.0,86.0,0.0,-0.01000977,0.0,14.0,7.5,29.0
139.0,66219.9,52.5548523,-1.470229,70.722,116.013,89.62,-0.13,0.1,0.0,71.5,71.42,71.3,71.01999,-0.5,71.41,0.02957988,-0.01938009,0.0,5.0,3.0,2226.0,86.0,0.0,-0.2400208,0.0,14.0,7.5,26.0
139.0,66220.0,52.554844499999994,-1.4702030000000001,70.898,116.233,89.61,-0.13,0.1,0.0,71.50999,71.48999,71.28999,71.26999,-0.1999817,71.57,0.039779900000000014,0.0,0.0,5.0,3.0,2179.0,86.0,0.0,-0.01000977,0.0,14.0,7.5,11.5
139.0,66220.1,52.5548367,-1.4701768,71.035,116.142,89.61,-0.12,0.1,0.0,71.44,71.48,71.53,71.42,0.2000122,71.45,0.02957988,0.0,0.0,5.0,3.0,2193.0,86.0,0.0,-0.01000977,0.0,14.1,7.5,5.0
139.0,66220.2,52.5548288,-1.4701505,71.456,116.216,89.61,-0.1,0.1,0.0,71.45999,71.48999,71.62,71.44,0.3999939,71.52,0.0,0.0,0.0,5.0,3.0,2186.0,86.0,0.0,-0.01000977,0.0,14.0,7.5,4.0
139.0,66220.3,52.554821,-1.4701243,71.352,116.069,89.6,-0.1,0.1,0.0,71.51999,71.53,71.31,71.2,0.3000183,71.6,-0.009180069,0.0,0.0,6.0,3.0,2188.0,85.0,0.0,-0.2400208,0.0,14.0,7.5,4.0
139.0,66220.4,52.55481320000001,-1.4700982,71.096,116.16,89.58,-0.11,0.1,0.0,71.5,71.41,71.17999,71.19,0.3999939,71.42,-0.02958012,0.009180069,0.0,6.0,3.0,2185.0,86.0,0.0,-0.01000977,0.0,14.0,7.5,4.0
139.0,66220.5,52.5548053,-1.4700719999999998,71.212,116.132,89.57,-0.1,0.1,0.0,71.28999,71.31,71.11,71.03999,0.3000183,71.32,-0.02958012,0.009180069,0.0,6.0,3.0,2186.0,86.0,0.0,-0.01000977,0.0,14.0,7.5,4.0
139.0,66220.6,52.5547976,-1.4700458,70.956,115.991,89.56,-0.1,0.1,0.0,71.22,71.14999,71.23,70.98999,0.3000183,71.13,-0.02958012,0.01937985,0.0,6.0,3.0,2177.0,86.0,0.0,-0.01000977,0.0,14.0,7.5,3.5
139.0,66220.7,52.554789899999996,-1.4700196999999995,70.906,115.88,89.56,-0.1,0.1,0.0,71.12,71.08,71.05,70.86,0.3999939,71.11,-0.02958012,0.01937985,0.0,6.0,3.0,2169.0,86.0,0.0,-0.01000977,0.0,14.0,7.5,3.5
139.0,66220.8,52.5547822,-1.4699936,70.715,115.85,89.55,-0.1,0.1,0.0,70.98,70.97,71.03999,70.86,0.1000061,71.01,-0.01938009,0.0,0.0,6.0,3.0,2123.0,86.0,0.0,-0.2400208,0.0,14.0,7.5,3.5
139.0,66220.9,52.5547745,-1.4699674999999999,70.82300000000002,115.867,89.54,-0.1,0.1,0.0,71.03999,71.09999,70.81,70.66,0.3999939,70.91,-0.02958012,0.01937985,0.0,6.0,3.0,2077.0,85.0,0.0,-0.01000977,0.0,14.1,7.5,0.5
139.0,66221.0,52.5547668,-1.4699415,70.567,115.796,89.53,-0.1,0.1,0.0,70.87,70.95,70.73999,70.53999,0.3000183,70.96,-0.02958012,0.009180069,0.0,6.0,3.0,1954.0,86.0,0.0,-0.01000977,0.0,14.1,7.5,0.0
139.0,66221.1,52.5547592,-1.4699155,70.506,115.719,89.52,-0.1,0.1,0.0,70.76999,70.75,70.70999,70.58,0.1000061,70.8,-0.02958012,0.01937985,0.0,6.0,3.0,1821.0,86.0,0.0,-0.01000977,0.0,14.1,7.5,0.0
139.0,66221.2,52.554751499999995,-1.4698895,70.495,115.712,89.51,-0.08,0.1,0.0,70.62,70.67999,70.64,70.59,0.3000183,70.66,-0.02958012,0.01937985,0.0,6.0,3.0,1710.0,85.0,0.0,-0.01000977,0.0,14.1,7.5,0.0
139.0,66221.3,52.554744,-1.4698634000000002,70.362,115.532,89.51,-0.08,0.1,0.0,70.58,70.55,70.47,70.36,0.0,70.54,-0.03978014,0.0,0.0,6.0,3.0,1663.0,86.0,0.0,-0.2400208,0.0,14.0,7.5,4.5
139.0,66221.4,52.5547364,-1.4698375000000001,70.232,115.58,89.51,-0.07,0.1,0.0,70.42999,70.39,70.3,70.20999,-0.3999939,70.5,-0.03978014,-0.01938009,0.0,6.0,3.0,1635.0,86.0,0.0,-0.01000977,0.0,14.0,7.5,14.0
139.0,66221.5,52.5547289,-1.4698115999999999,69.923,115.517,89.5,-0.07,0.1,0.0,70.22,70.25999,70.2,70.00999,-0.5,70.41,-0.03978014,-0.01938009,0.0,6.0,3.0,1763.0,86.0,0.0,-0.01000977,0.0,14.1,7.5,16.5
139.0,66221.6,52.5547214,-1.4697858,69.89,115.592,89.51,-0.06,0.1,0.0,70.23999,70.17999,69.89999,69.91,-0.6999816999999999,70.33,-0.02958012,-0.01938009,0.0,6.0,3.0,1787.0,86.0,0.0,-0.01000977,0.0,14.0,7.5,19.0
139.0,66221.7,52.5547139,-1.4697601,69.613,115.607,89.5,-0.05,0.1,0.0,70.28999,70.14,70.03,69.89,-1.0,70.25,-0.01938009,-0.01938009,0.0,6.0,3.0,1817.0,86.0,0.0,-0.01000977,0.0,14.0,7.5,21.5
139.0,66221.8,52.554706300000014,-1.4697344,69.595,115.757,89.52,-0.02,0.1,0.0,70.06999,69.89,70.06,69.81,-1.0,70.05,0.0,-0.02958012,0.0,6.0,3.0,1807.0,85.0,0.0,-0.01000977,0.0,14.0,7.5,23.5
139.0,66221.9,52.55469880000001,-1.4697086000000001,69.703,115.67,89.53,-0.0,0.1,0.0,70.0,69.83,70.2,69.75999,-1.100006,69.95,0.0,-0.02958012,0.0,6.0,3.0,1812.0,85.0,0.0,-0.01000977,0.0,14.0,7.5,24.5
139.0,66222.0,52.5546912,-1.4696828999999996,69.602,115.845,89.55,0.02,0.1,0.0,69.98999,69.8,69.89999,69.58,-0.6999816999999999,69.96,0.0,-0.03978014,0.0,6.0,3.0,1840.0,85.0,0.0,-0.01000977,0.0,14.0,7.5,24.5
139.0,66222.1,52.5546836,-1.4696573000000002,69.631,115.902,89.56,0.03,0.1,0.0,70.12,69.89,70.03999,69.62,-0.8999939,70.01,0.0,-0.03978014,0.0,5.0,3.0,1899.0,85.0,0.0,-0.01000977,0.0,13.9,7.5,24.5
139.0,66222.2,52.5546759,-1.4696317,69.462,116.066,89.57,0.04,0.1,0.0,70.11,69.98,69.87999,69.67999,-0.6999816999999999,70.07,0.009180069,-0.02958012,0.0,5.0,3.0,1989.0,86.0,0.0,-0.01000977,0.0,14.0,7.5,24.5
139.0,66222.3,52.5546683,-1.4696061,69.613,116.147,89.58,0.05,0.1,0.0,70.14999,70.14,70.06,69.84,-0.5,70.09,0.01937985,-0.009180069,0.0,5.0,3.0,2030.0,85.0,0.0,-0.01000977,0.0,14.0,7.5,24.5
139.0,66222.4,52.554660600000005,-1.4695804000000001,69.82600000000001,116.225,89.59,0.06,0.1,0.0,70.20999,70.25999,70.09999,69.84999,-0.5,70.1,0.01937985,0.0,0.0,5.0,3.0,2076.0,86.0,0.0,-0.01000977,0.0,14.0,7.5,21.5
139.0,66222.5,52.554652899999994,-1.4695547,69.818,116.053,89.6,0.06,0.1,0.0,70.34,70.31999,70.31,69.92,-0.5,70.34,0.01937985,-0.009180069,0.0,5.0,3.0,2012.0,85.0,0.0,-0.01000977,0.0,14.0,7.5,17.0
139.0,66222.6,52.55464520000001,-1.469529,69.93,116.254,89.61,0.07,0.1,0.0,70.23,70.31999,70.22,69.94,-0.1999817,70.31,0.01937985,-0.009180069,0.0,5.0,3.0,1897.0,86.0,0.0,-0.01000977,0.0,14.1,7.5,14.5
139.0,66222.7,52.554637400000004,-1.4695033,70.096,116.291,89.62,0.07,0.1,0.0,70.39,70.39999,70.45,70.14999,0.0,70.37,0.009180069,0.0,0.0,6.0,3.0,1749.0,85.0,0.0,-0.01000977,0.0,14.0,7.5,14.5
139.0,66222.8,52.5546297,-1.4694775,70.16,116.174,89.63,0.07,0.1,0.0,70.47,70.41,70.09,69.92999,0.0,70.37,0.0,0.0,0.0,6.0,3.0,1752.0,85.0,0.0,-0.01000977,0.0,14.1,7.5,14.5
139.0,66222.9,52.5546219,-1.4694518,69.984,116.336,89.63,0.06,0.1,0.0,70.36,70.39,70.34999,70.17999,0.0,70.39,0.0,0.0,0.0,6.0,3.0,1754.0,85.0,0.0,-0.2400208,0.0,14.0,7.5,14.5
139.0,66223.0,52.554614199999996,-1.4694261,70.092,116.262,89.63,0.06,0.1,0.0,70.34999,70.34999,70.31999,70.05,-0.1000061,70.43,0.0,-0.009180069,0.0,6.0,3.0,1762.0,85.0,0.0,-0.2400208,0.0,14.0,7.5,18.0
139.0,66223.1,52.5546065,-1.4694004,69.923,116.304,89.64,0.07,0.1,0.0,70.2,70.19,70.12999,70.17999,0.0,70.33,0.0,0.0,0.0,6.0,3.0,1727.0,85.0,0.0,-0.01000977,0.0,14.0,7.5,21.0
139.0,66223.2,52.5545987,-1.4693745999999999,70.142,116.351,89.65,0.07,0.1,0.0,70.28,70.23,70.12999,70.08,0.0,70.3,0.0,0.0,0.0,6.0,3.0,1762.0,85.0,0.0,-0.01000977,0.0,13.9,7.5,22.5
139.0,66223.3,52.5545909,-1.4693489,70.038,116.303,89.66,0.07,0.1,0.0,70.31,70.28999,70.08,70.06999,-0.1000061,70.32,0.0,0.009180069,0.0,6.0,3.0,1757.0,85.0,0.0,-0.01000977,0.0,14.0,7.5,23.0
139.0,66223.4,52.5545832,-1.4693232000000005,69.962,116.163,89.66,0.06,0.1,0.0,70.37999,70.36,70.25999,70.06,0.0,70.39,0.0,0.0,0.0,6.0,3.0,1765.0,85.0,0.0,-0.2400208,0.0,14.0,7.5,23.5
139.0,66223.5,52.554575500000006,-1.4692975,70.06,116.127,89.65,0.04,0.1,0.0,70.41,70.37,70.23,70.06999,0.0,70.36,0.009180069,0.0,0.0,6.0,3.0,1780.0,85.0,0.0,-0.01000977,0.0,14.0,7.5,24.0
139.0,66223.6,52.5545678,-1.4692717,70.045,116.083,89.66,0.05,0.1,0.0,70.58,70.45999,70.31999,70.14,-0.1000061,70.47,0.009180069,0.0,0.0,6.0,3.0,1820.0,85.0,0.0,-0.01000977,0.0,14.0,7.5,24.0
139.0,66223.7,52.5545601,-1.4692459,70.15,116.105,89.65,0.03,0.1,0.0,70.67999,70.59999,70.37,70.17,0.0,70.63,0.009180069,0.0,0.0,6.0,3.0,1858.0,85.0,0.0,-0.01000977,0.0,14.0,7.5,24.0
139.0,66223.8,52.5545524,-1.4692201999999999,70.016,116.175,89.66,0.04,0.1,0.0,70.66,70.64999,70.64,70.44,0.2000122,70.66,0.02957988,0.0,0.0,6.0,3.0,1871.0,85.0,0.0,-0.2400208,0.0,14.0,7.5,24.0
139.0,66223.9,52.5545446,-1.4691943,70.423,116.255,89.67,0.05,0.1,0.0,70.75999,70.78999,70.75999,70.58,0.0,70.7,0.02957988,0.0,0.0,6.0,3.0,1877.0,85.0,0.0,-0.2400208,0.0,14.0,7.5,24.0
139.0,66224.0,52.5545369,-1.4691684,70.499,116.123,89.68,0.05,0.1,0.0,70.89,70.92,70.83,70.67,0.0,70.84,0.02957988,0.009180069,0.0,6.0,3.0,1870.0,85.0,0.0,-0.01000977,0.0,14.0,7.5,24.0
139.0,66224.1,52.554529099999996,-1.4691424,70.542,116.115,89.68,0.04,0.1,0.0,71.11,71.17999,70.87999,70.7,0.0,71.06,0.02957988,0.0,0.0,6.0,3.0,1880.0,85.0,0.0,-0.01000977,0.0,14.0,7.5,24.0
