,GPS LATITUDE (degrees),GPS LONGITUDE (degrees), GPS ALTITUDE (m),GPS SPEED (Kmh),GPS ACCURACY (m),GPS ORIENTATION (Â°), SATELLITES IN RANGE, TIME SINCE START (ms), DATE (YYYY-MO-DD HH-MI-SS_SSS),ACCELEROMETER X (m/s²) , ACCELEROMETER Y (m/s²), ACCELEROMETER Z (m/s²), GRAVITY X (m/s²), GRAVITY Y (m/s²), GRAVITY Z (m/s²), GYROSCOPE Yaw (rad/s), GYROSCOPE Pitch (rad/s), GYROSCOPE Roll (rad/s)
1941,46.55298,-1.09395,93.96,31.29,9.648001,138.8,Nov-17,194129,2019-08-18 22:23:03:662,-0.5173,0.5731,9.1142,-0.4783,0.2083,9.7928,-0.0004,0.0162,0.0043
1942,46.55298,-1.09395,93.96,31.29,9.648001,138.8,Nov-17,194229,2019-08-18 22:23:03:762,-0.4424,0.5527,9.301,-0.4877,0.2178,9.7921,0.0039,0.0108,0.0032
1943,46.55298,-1.09395,93.96,31.29,9.648001,138.8,Nov-17,194328,2019-08-18 22:23:03:861,-0.5741,0.4797,9.2334,-0.4972,0.2222,9.7915,-0.0078,0.0034,-0.0042
1944,46.55298,-1.09395,93.96,31.29,9.648001,138.8,Nov-17,194429,2019-08-18 22:23:03:962,-0.5256,0.263,9.4267,-0.4971,0.2332,9.7913,-0.01,-0.003,-0.0085
1945,46.55298,-1.09395,93.96,31.29,9.648001,138.8,Nov-17,194528,2019-08-18 22:23:04:061,-0.5131,0.2385,9.2555,-0.499,0.2198,9.7915,-0.0036,0.0013,-0.0106
1946,46.55298,-1.09395,93.96,31.29,9.648001,138.8,Nov-17,194629,2019-08-18 22:23:04:162,-0.5352,-0.1644,10.0713,-0.4926,0.2198,9.7918,0.0124,-0.0137,-0.0085
1947,46.55298,-1.09395,93.96,31.29,9.648001,138.8,Nov-17,194728,2019-08-18 22:23:04:261,-0.4987,0.2092,9.8355,-0.4807,0.2177,9.7924,0.0007,-0.0073,-0.0064
1948,46.55298,-1.09395,93.96,31.29,9.648001,138.8,Nov-17,194829,2019-08-18 22:23:04:362,-0.5262,0.1463,9.465,-0.4858,0.216,9.7922,0.0039,0.0076,-0.0064
1949,46.55298,-1.09395,93.96,31.29,9.648001,138.8,Nov-17,194929,2019-08-18 22:23:04:462,-0.461,0.3839,9.5123,-0.4938,0.2164,9.7918,-0.0057,0.0023,-0.0053
1950,46.55298,-1.09395,93.96,31.29,9.648001,138.8,Nov-17,195029,2019-08-18 22:23:04:562,-0.4712,0.3354,10.2988,-0.4933,0.2123,9.7919,-0.0046,-0.0041,-0.0064
1951,46.55298,-1.09395,93.96,31.29,9.648001,138.8,Nov-17,195128,2019-08-18 22:23:04:661,-0.5855,0.29,9.5572,-0.4898,0.2134,9.7921,-0.0014,-0.0009,-0.0042
1952,46.55298,-1.09395,93.96,31.29,9.648001,138.8,Nov-17,195229,2019-08-18 22:23:04:762,-0.4855,0.2546,9.6972,-0.4845,0.2066,9.7925,-0.0078,-0.0051,-0.0042
1953,46.55298,-1.09395,93.96,31.29,9.648001,138.8,Nov-17,195328,2019-08-18 22:23:04:861,-0.467,0.1565,10.1013,-0.4829,0.2035,9.7926,-0.0036,-0.003,-0.0064
1954,46.55298,-1.09395,93.96,31.29,9.648001,138.8,Nov-17,195429,2019-08-18 22:23:04:962,-0.4281,0.2624,9.6721,-0.474,0.2062,9.793,-0.0057,-0.0019,-0.0042
1955,46.55298,-1.09395,93.96,31.29,9.648001,138.8,Nov-17,195529,2019-08-18 22:23:05:062,-0.3856,0.3199,9.4231,-0.4707,0.209,9.7931,-0.0014,0.0098,-0.0042
1956,46.55298,-1.09395,93.96,31.29,9.648001,138.8,Nov-17,195629,2019-08-18 22:23:05:162,-0.3712,0.2696,9.3219,-0.4799,0.2047,9.7928,-0.0057,0.014,-0.0042
1957,46.55298,-1.09395,93.96,31.29,9.648001,138.8,Nov-17,195728,2019-08-18 22:23:05:261,-0.4514,0.2062,10.2653,-0.4816,0.2053,9.7927,0.0049,-0.0115,-0.0042
1958,46.55298,-1.09395,93.96,31.29,9.648001,138.8,Nov-17,195829,2019-08-18 22:23:05:362,-0.4784,0.2301,10.7848,-0.4689,0.2107,9.7932,0.0092,-0.0222,-0.0074
1959,46.55298,-1.09395,93.96,31.29,9.648001,138.8,Nov-17,195929,2019-08-18 22:23:05:462,-0.6448,0.3516,9.8535,-0.4666,0.2066,9.7934,-0.0025,0.0098,-0.0085
1960,46.55298,-1.09395,93.96,31.29,9.648001,138.8,Nov-17,196028,2019-08-18 22:23:05:561,-0.4963,-0.0201,9.2423,-0.4806,0.2005,9.7928,-0.0025,0.0151,-0.0106
1961,46.55298,-1.09395,93.96,31.29,9.648001,138.8,Nov-17,196129,2019-08-18 22:23:05:662,-0.7082,-0.0261,9.9367,-0.4958,0.1889,9.7923,-0.0036,0.0023,-0.0106
1962,46.55298,-1.09395,93.96,31.29,9.648001,138.8,Nov-17,196229,2019-08-18 22:23:05:762,-0.7028,0.0858,9.9301,-0.5002,0.177,9.7923,-0.0014,-0.0073,-0.0106
1963,46.55298,-1.09395,93.96,31.29,9.648001,138.8,Nov-17,196329,2019-08-18 22:23:05:862,-0.6059,-0.0997,10.2599,-0.4976,0.1682,9.7926,-0.0025,-0.0105,-0.0138
1964,46.55298,-1.09395,93.96,31.29,9.648001,138.8,Nov-17,196428,2019-08-18 22:23:05:961,-0.616,-0.0441,9.9289,-0.5024,0.1517,9.7926,-0.0025,0.0002,-0.0128
1965,46.55298,-1.09395,93.96,31.29,9.648001,138.8,Nov-17,196529,2019-08-18 22:23:06:062,-0.6226,-0.065,9.8666,-0.5083,0.1435,9.7924,0.0018,0.0034,-0.0138
1966,46.55298,-1.09395,93.96,31.29,9.648001,138.8,Nov-17,196629,2019-08-18 22:23:06:162,-0.546,-0.1769,9.5781,-0.525,0.129,9.7917,-0.0014,0.0066,-0.017
1967,46.55298,-1.09395,93.96,31.29,9.648001,138.8,Nov-17,196728,2019-08-18 22:23:06:261,-0.5244,-0.074,10.1581,-0.5427,0.0724,9.7914,-0.0014,-0.0137,-0.016
1968,46.55298,-1.09395,93.96,31.29,9.648001,138.8,Nov-17,196829,2019-08-18 22:23:06:362,-0.4819,-0.0973,10.1725,-0.5369,0.0572,9.7918,-0.0004,-0.0019,-0.0128
1969,46.55298,-1.09395,93.96,31.29,9.648001,138.8,Nov-17,196929,2019-08-18 22:23:06:462,-0.4897,-0.2499,9.6679,-0.542,0.028,9.7916,0.0113,0.0055,-0.0128
1970,46.55298,-1.09395,93.96,31.29,9.648001,138.8,Nov-17,197029,2019-08-18 22:23:06:562,-0.5209,0.0787,9.6679,-0.5561,-0.0134,9.7909,-0.0025,0.0034,-0.0128
1971,46.55298,-1.09395,93.96,31.29,9.648001,138.8,Nov-17,197129,2019-08-18 22:23:06:662,-0.5107,0.0481,9.9642,-0.5553,-0.0215,9.7909,-0.0078,-0.0041,-0.0128
1972,46.55298,-1.09395,93.96,31.29,9.648001,138.8,Nov-17,197229,2019-08-18 22:23:06:762,-0.4801,-0.0662,10.0654,-0.5472,-0.0274,9.7913,-0.0004,-0.0062,-0.0128
1973,46.55298,-1.09395,93.96,31.29,9.648001,138.8,Nov-17,197329,2019-08-18 22:23:06:862,-0.4909,-0.0482,9.7356,-0.5493,-0.0273,9.7912,0.0039,0.0066,-0.0085
1974,46.55298,-1.09395,93.96,31.29,9.648001,138.8,Nov-17,197429,2019-08-18 22:23:06:962,-0.646,-0.041,10.2581,-0.5578,-0.0145,9.7908,0.0092,0.0023,-0.0042
1975,46.55298,-1.09395,93.96,31.29,9.648001,138.8,Nov-17,197528,2019-08-18 22:23:07:061,-0.5795,0.1343,9.7762,-0.5563,0.0214,9.7908,0.0092,0.0076,-0.0042
1976,46.55298,-1.09395,93.96,31.29,9.648001,138.8,Nov-17,197629,2019-08-18 22:23:07:162,-0.5256,0.1589,9.8762,-0.5617,0.0388,9.7905,-0.0025,-0.0009,-0.0053
1977,46.55298,-1.09395,93.96,31.29,9.648001,138.8,Nov-17,197729,2019-08-18 22:23:07:262,-0.619,0.1936,10.1976,-0.5544,0.0478,9.7909,0.0092,-0.0115,-0.0064
1978,46.55298,-1.09395,93.96,31.29,9.648001,138.8,Nov-17,197829,2019-08-18 22:23:07:362,-0.4466,0.0392,10.6609,-0.5381,0.0631,9.7917,0.0103,-0.0137,-0.0042
1979,46.55298,-1.09395,93.96,31.29,9.648001,138.8,Nov-17,197929,2019-08-18 22:23:07:462,-0.5723,0.5024,9.6571,-0.5367,0.0652,9.7917,-0.0057,0.0002,-0.0032
1980,46.55298,-1.09395,93.96,31.29,9.648001,138.8,Nov-17,198028,2019-08-18 22:23:07:561,-0.6208,0.093,9.5249,-0.5523,0.0711,9.7908,-0.0014,0.013,-0.0053
1981,46.55298,-1.09395,93.96,31.29,9.648001,138.8,Nov-17,198129,2019-08-18 22:23:07:662,-0.5652,0.0817,10.0618,-0.5542,0.0739,9.7907,-0.0014,-0.0041,-0.0042
1982,46.55298,-1.09395,93.96,31.29,9.648001,138.8,Nov-17,198228,2019-08-18 22:23:07:761,-0.4837,0.2564,10.0073,-0.5506,0.1018,9.7907,-0.0004,0.0013,-0.0053
1983,46.55298,-1.09395,93.96,31.29,9.648001,138.8,Nov-17,198328,2019-08-18 22:23:07:861,-0.5256,0.1691,9.9803,-0.5502,0.1167,9.7905,-0.0025,0.0013,-0.0074
1984,46.55298,-1.09395,93.96,31.29,9.648001,138.8,Nov-17,198429,2019-08-18 22:23:07:962,-0.5113,0.3408,9.975,-0.5551,0.1228,9.7902,0.0007,-0.0009,-0.0074
1985,46.55298,-1.09395,93.96,31.29,9.648001,138.8,Nov-17,198445,2019-08-18 22:23:07:978,-0.5113,0.3408,9.975,-0.5551,0.1228,9.7902,0.0007,-0.0009,-0.0074
1986,46.55298,-1.09395,93.96,31.29,9.648001,138.8,Nov-17,198545,2019-08-18 22:23:08:078,-0.5436,0.1744,9.9869,-0.5624,0.1243,9.7897,0.0018,0.0055,-0.0064
1987,46.55298,-1.09395,93.96,31.29,9.648001,138.8,Nov-17,198645,2019-08-18 22:23:08:178,-0.5538,0.2313,9.6763,-0.5674,0.1417,9.7892,-0.0004,0.0098,-0.0042
1988,46.55298,-1.09395,93.96,31.29,9.648001,138.8,Nov-17,198745,2019-08-18 22:23:08:278,-0.5376,0.2349,10.4317,-0.583,0.1662,9.7879,0.0103,-0.0115,-0.0021
1989,46.55298,-1.09395,93.96,31.29,9.648001,138.8,Nov-17,198846,2019-08-18 22:23:08:379,-0.7681,0.5042,10.3622,-0.5729,0.1718,9.7884,-0.0004,-0.0147,-0.0011
1990,46.55298,-1.09395,93.96,31.29,9.648001,138.8,Nov-17,198946,2019-08-18 22:23:08:479,-0.4981,0.3654,9.638,-0.5772,0.1703,9.7882,-0.0025,0.013,-0.0021
1991,46.55298,-1.09395,93.96,31.29,9.648001,138.8,Nov-17,199046,2019-08-18 22:23:08:579,-0.5532,0.2403,9.699,-0.5879,0.1741,9.7875,0.0028,0.0119,-0.0021
1992,46.55298,-1.09395,93.96,31.29,9.648001,138.8,Nov-17,199146,2019-08-18 22:23:08:679,-0.5771,0.4378,10.0983,-0.5965,0.1942,9.7866,0.0018,0.0013,-0.0032
1993,46.55298,-1.09395,93.96,31.29,9.648001,138.8,Nov-17,199246,2019-08-18 22:23:08:779,-0.555,0.1565,10.2216,-0.5989,0.2054,9.7862,0.0018,-0.0062,-0.0032
1994,46.55298,-1.09395,93.96,31.29,9.648001,138.8,Nov-17,199345,2019-08-18 22:23:08:878,-0.5047,0.2798,10.2186,-0.5883,0.2064,9.7868,-0.0036,-0.0041,-0.0021
1995,46.55298,-1.09395,93.96,31.29,9.648001,138.8,Nov-17,199446,2019-08-18 22:23:08:979,-0.4903,0.3217,9.9923,-0.5811,0.2127,9.7871,-0.0014,0.0023,-0.0032
1996,46.55298,-1.09395,93.96,31.29,9.648001,138.8,Nov-17,199545,2019-08-18 22:23:09:078,-0.3664,0.2732,9.9792,-0.5536,0.2244,9.7884,0.0018,-0.0019,-0.0032
1997,46.55298,-1.09395,93.96,31.29,9.648001,138.8,Nov-17,199645,2019-08-18 22:23:09:178,-0.3748,0.257,9.4189,-0.5462,0.2385,9.7885,0.0071,0.0076,-0.0021
1998,46.55298,-1.09395,93.96,31.29,9.648001,138.8,Nov-17,199745,2019-08-18 22:23:09:278,-0.2784,0.3265,10.0444,-0.541,0.2458,9.7886,0.006,-0.0009,-0.0032
1999,46.55298,-1.09395,93.96,31.29,9.648001,138.8,Nov-17,199846,2019-08-18 22:23:09:379,-0.455,0.2295,10.4867,-0.4981,0.2603,9.7905,0.0103,-0.0083,-0.0032
2000,46.55298,-1.09395,93.96,31.29,9.648001,138.8,Nov-17,199946,2019-08-18 22:23:09:479,-0.1252,-0.0069,10.525,-0.4659,0.2668,9.7919,0.0028,-0.0201,-0.0032
2001,46.55298,-1.09395,93.96,31.29,9.648001,138.8,Nov-17,200045,2019-08-18 22:23:09:578,-0.2078,0.3582,10.0564,-0.4562,0.2613,9.7925,-0.011,0.0023,-0.0053
2002,46.55298,-1.09395,93.96,31.29,9.648001,138.8,Nov-17,200145,2019-08-18 22:23:09:678,-0.1671,0.0655,10.106,-0.4591,0.252,9.7927,-0.0046,0.0076,-0.0064
2003,46.55298,-1.09395,93.96,31.29,9.648001,138.8,Nov-17,200246,2019-08-18 22:23:09:779,-0.1911,0.1331,10.1611,-0.448,0.248,9.7933,-0.0025,-0.0094,-0.0032
2004,46.55298,-1.09395,93.96,31.29,9.648001,138.8,Nov-17,200345,2019-08-18 22:23:09:878,-0.0235,0.1601,9.9079,-0.4132,0.2462,9.7948,0.0007,0.0002,-0.0053
2005,46.55298,-1.09395,93.96,31.29,9.648001,138.8,Nov-17,200445,2019-08-18 22:23:09:978,-0.1438,0.2678,10.0965,-0.3803,0.2554,9.7959,-0.0046,-0.0041,-0.0053
2006,46.55298,-1.09395,93.96,31.29,9.648001,138.8,Nov-17,200545,2019-08-18 22:23:10:078,-0.1432,0.1649,9.9355,-0.3378,0.2589,9.7974,-0.0036,0.0023,-0.0042
2007,46.55298,-1.09395,93.96,31.29,9.648001,138.8,Nov-17,200646,2019-08-18 22:23:10:179,-0.1976,0.2762,9.9007,-0.3327,0.261,9.7975,-0.0014,0.0066,-0.0042
2008,46.55298,-1.09395,93.96,31.29,9.648001,138.8,Nov-17,200746,2019-08-18 22:23:10:279,-0.361,0.1236,9.6362,-0.3434,0.2548,9.7973,-0.0004,0.0055,-0.0064
2009,46.55298,-1.09395,93.96,31.29,9.648001,138.8,Nov-17,200845,2019-08-18 22:23:10:378,-0.1569,0.0439,10.0282,-0.3481,0.243,9.7975,0.0007,-0.0051,-0.0064
2010,46.55298,-1.09395,93.96,31.29,9.648001,138.8,Nov-17,200946,2019-08-18 22:23:10:479,-0.4071,-0.0602,10.1527,-0.3456,0.2437,9.7975,0.0007,-0.003,-0.0042
2011,46.55298,-1.09395,93.96,31.29,9.648001,138.8,Nov-17,201045,2019-08-18 22:23:10:578,-0.4065,0.2726,10.1647,-0.36,0.2392,9.7971,-0.0046,0.0045,-0.0053
2012,46.55298,-1.09395,93.96,31.29,9.648001,138.8,Nov-17,201145,2019-08-18 22:23:10:678,-0.4442,0.2289,9.1903,-0.3643,0.2365,9.797,-0.0036,0.0034,-0.0064
2013,46.55298,-1.09395,93.96,31.29,9.648001,138.8,Nov-17,201246,2019-08-18 22:23:10:779,-0.3491,0.2181,10.2012,-0.3686,0.2272,9.7971,-0.0078,-0.003,-0.0053
2014,46.55298,-1.09395,93.96,31.29,9.648001,138.8,Nov-17,201345,2019-08-18 22:23:10:878,-0.7238,0.2397,9.8229,-0.3681,0.2234,9.7972,-0.0025,-0.0073,-0.0042
2015,46.55298,-1.09395,93.96,31.29,9.648001,138.8,Nov-17,201445,2019-08-18 22:23:10:978,-0.44,0.1702,9.7888,-0.3737,0.2242,9.797,-0.0036,0.0098,-0.0032
2016,46.55298,-1.09395,93.96,31.29,9.648001,138.8,Nov-17,201545,2019-08-18 22:23:11:078,-0.6077,-0.0045,9.9253,-0.3852,0.2199,9.7966,-0.0036,0.0098,-0.0053
2017,46.55298,-1.09395,93.96,31.29,9.648001,138.8,Nov-17,201646,2019-08-18 22:23:11:179,-0.5705,0.12,9.4913,-0.4164,0.2269,9.7952,-0.0014,0.0066,-0.0032
2018,46.55298,-1.09395,93.96,31.29,9.648001,138.8,Nov-17,201745,2019-08-18 22:23:11:278,-0.4712,0.0787,9.9301,-0.428,0.2214,9.7948,0.0028,0.0055,-0.0032
2019,46.55298,-1.09395,93.96,31.29,9.648001,138.8,Nov-17,201846,2019-08-18 22:23:11:379,-0.6154,0.1056,10.0312,-0.422,0.2206,9.7951,0.0049,-0.0137,-0.0021
2020,46.55298,-1.09395,93.96,31.29,9.648001,138.8,Nov-17,201945,2019-08-18 22:23:11:478,-0.6334,0.1379,9.7775,-0.4167,0.2231,9.7953,0.0007,-0.0073,-0.0042
2021,46.55298,-1.09395,93.96,31.29,9.648001,138.8,Nov-17,202046,2019-08-18 22:23:11:579,-0.5424,0.1792,9.5859,-0.4279,0.2199,9.7948,-0.0046,-0.0009,-0.0053
2022,46.55298,-1.09395,93.96,31.29,9.648001,138.8,Nov-17,202145,2019-08-18 22:23:11:678,-0.5364,-0.0165,9.6541,-0.4399,0.21,9.7945,-0.0089,0.0066,-0.0117
2023,46.55298,-1.09395,93.96,31.29,9.648001,138.8,Nov-17,202246,2019-08-18 22:23:11:779,-0.5723,-0.0333,9.811,-0.4411,0.1977,9.7947,-0.0025,-0.0073,-0.0117
2024,46.55298,-1.09395,93.96,31.29,9.648001,138.8,Nov-17,202346,2019-08-18 22:23:11:879,-0.531,-0.1141,9.6517,-0.4526,0.1517,9.795,-0.0089,-0.0041,-0.0138
2025,46.549095,-1.08961,77.21,32.97,7.504,144.8,Oct-17,202445,2019-08-18 22:23:11:978,-0.5621,-0.1751,9.714,-0.4632,0.1029,9.7952,-0.01,0.0023,-0.0117
2026,46.549095,-1.08961,77.21,32.97,7.504,144.8,Oct-17,202545,2019-08-18 22:23:12:078,-0.555,-0.0566,9.4117,-0.4753,0.0478,9.795,-0.0057,0.0002,-0.0138
2027,46.549095,-1.08961,77.21,32.97,7.504,144.8,Oct-17,202645,2019-08-18 22:23:12:178,-0.6442,-0.147,9.5386,-0.4942,0.0118,9.7942,-0.0036,0.0151,-0.0117
2028,46.549095,-1.08961,77.21,32.97,7.504,144.8,Oct-17,202746,2019-08-18 22:23:12:279,-0.6579,-0.0153,9.556,-0.4979,-0.0013,9.794,0.0018,-0.0009,-0.0138
2029,46.549095,-1.08961,77.21,32.97,7.504,144.8,Oct-17,202845,2019-08-18 22:23:12:378,-0.5801,-0.1554,9.9636,-0.487,-0.0072,9.7945,-0.0004,-0.0126,-0.0128
2030,46.549095,-1.08961,77.21,32.97,7.504,144.8,Oct-17,202945,2019-08-18 22:23:12:478,-0.5442,-0.0578,9.8912,-0.4789,-0.0113,9.7949,0.0028,-0.0115,-0.0128
2031,46.549095,-1.08961,77.21,32.97,7.504,144.8,Oct-17,203045,2019-08-18 22:23:12:578,-0.461,-0.1213,9.7804,-0.4819,-0.0386,9.7947,-0.0004,0.0087,-0.0128
2032,46.549095,-1.08961,77.21,32.97,7.504,144.8,Oct-17,203146,2019-08-18 22:23:12:679,-0.6436,-0.0009,9.7571,-0.4919,-0.0523,9.7942,-0.0046,0.0066,-0.0128
2033,46.549095,-1.08961,77.21,32.97,7.504,144.8,Oct-17,203246,2019-08-18 22:23:12:779,-0.6053,-0.0315,9.8457,-0.4954,-0.0586,9.794,-0.0004,-0.0019,-0.0128
2034,46.549095,-1.08961,77.21,32.97,7.504,144.8,Oct-17,203345,2019-08-18 22:23:12:878,-0.6621,-0.1566,9.8756,-0.494,-0.072,9.7939,-0.0014,-0.0062,-0.0128
2035,46.549095,-1.08961,77.21,32.97,7.504,144.8,Oct-17,203446,2019-08-18 22:23:12:979,-0.3952,-0.0171,9.8104,-0.4606,-0.0692,9.7956,-0.0025,-0.0083,-0.0096
2036,46.549095,-1.08961,77.21,32.97,7.504,144.8,Oct-17,203546,2019-08-18 22:23:13:079,-0.385,0.0649,9.5099,-0.437,-0.0805,9.7966,0.0018,0.0045,-0.0106
2037,46.549095,-1.08961,77.21,32.97,7.504,144.8,Oct-17,203645,2019-08-18 22:23:13:178,-0.3413,0.1086,9.8343,-0.3833,-0.0591,9.799,0.0081,-0.0009,-0.0085
2038,46.549095,-1.08961,77.21,32.97,7.504,144.8,Oct-17,203746,2019-08-18 22:23:13:279,-0.2802,-0.0375,9.5291,-0.3514,-0.0434,9.8003,0.0039,0.0045,-0.0106
2039,46.549095,-1.08961,77.21,32.97,7.504,144.8,Oct-17,203846,2019-08-18 22:23:13:379,-0.194,0.0547,9.6494,-0.2944,-0.0206,9.8022,0.0039,-0.0094,-0.0106
2040,46.549095,-1.08961,77.21,32.97,7.504,144.8,Oct-17,203945,2019-08-18 22:23:13:478,-0.2084,0.0152,9.7882,-0.2662,-0.0129,9.803,0.0028,-0.0126,-0.0117
2041,46.549095,-1.08961,77.21,32.97,7.504,144.8,Oct-17,204045,2019-08-18 22:23:13:578,-0.0612,0.0871,9.9133,-0.2534,-0.0102,9.8034,0.0018,-0.0041,-0.0106
2042,46.549095,-1.08961,77.21,32.97,7.504,144.8,Oct-17,204146,2019-08-18 22:23:13:679,-0.0666,0.278,9.805,-0.2049,-0.0086,9.8045,-0.0036,-0.0105,-0.0096
2043,46.549095,-1.08961,77.21,32.97,7.504,144.8,Oct-17,204245,2019-08-18 22:23:13:778,0.0843,0.0194,9.5596,-0.177,-0.0055,9.8051,0.0018,0.0066,-0.0085
2044,46.549095,-1.08961,77.21,32.97,7.504,144.8,Oct-17,204345,2019-08-18 22:23:13:878,0.031,0.2786,9.8804,-0.1725,0.0059,9.8051,0.0145,0.0002,-0.0053
2045,46.549095,-1.08961,77.21,32.97,7.504,144.8,Oct-17,204445,2019-08-18 22:23:13:978,0.0448,0.3666,9.3956,-0.1534,0.0453,9.8053,0.0124,0.0055,0.0011
2046,46.549095,-1.08961,77.21,32.97,7.504,144.8,Oct-17,204546,2019-08-18 22:23:14:079,-0.0905,0.4857,9.3441,-0.1437,0.0946,9.8051,0.0081,0.0087,0.0011
2047,46.549095,-1.08961,77.21,32.97,7.504,144.8,Oct-17,204645,2019-08-18 22:23:14:178,-0.2216,0.4785,9.866,-0.1622,0.111,9.8047,0.0007,0.0098,-0.0011
2048,46.549095,-1.08961,77.21,32.97,7.504,144.8,Oct-17,204745,2019-08-18 22:23:14:278,-0.4436,0.3181,9.8756,-0.1782,0.1231,9.8043,0.0028,0.0045,-0.0032
2049,46.549095,-1.08961,77.21,32.97,7.504,144.8,Oct-17,204845,2019-08-18 22:23:14:378,-0.3628,0.4402,10.2174,-0.191,0.1294,9.8039,-0.0025,-0.0009,-0.0032
2050,46.549095,-1.08961,77.21,32.97,7.504,144.8,Oct-17,204945,2019-08-18 22:23:14:478,-0.4784,0.3714,9.7236,-0.2083,0.1318,9.8036,-0.0046,0.0066,-0.0042
2051,46.549095,-1.08961,77.21,32.97,7.504,144.8,Oct-17,205045,2019-08-18 22:23:14:578,-0.4353,0.1331,9.869,-0.2302,0.1306,9.8031,-0.0068,-0.0009,-0.0032
2052,46.549095,-1.08961,77.21,32.97,7.504,144.8,Oct-17,205145,2019-08-18 22:23:14:678,-0.4287,0.1696,9.5985,-0.2542,0.1305,9.8025,-0.0014,0.0013,-0.0032
2053,46.549095,-1.08961,77.21,32.97,7.504,144.8,Oct-17,205246,2019-08-18 22:23:14:779,-0.5268,0.2876,10.0031,-0.3056,0.1457,9.8008,0.0018,0.0002,-0.0021
2054,46.549095,-1.08961,77.21,32.97,7.504,144.8,Oct-17,205346,2019-08-18 22:23:14:879,-0.6017,0.275,9.9834,-0.4107,0.1583,9.7968,0.0007,0.0087,-0.0042
2055,46.549095,-1.08961,77.21,32.97,7.504,144.8,Oct-17,205445,2019-08-18 22:23:14:978,-0.6531,0.0697,10.3012,-0.4653,0.1569,9.7943,0.0039,-0.0073,-0.0042
2056,46.549095,-1.08961,77.21,32.97,7.504,144.8,Oct-17,205545,2019-08-18 22:23:15:078,-0.6651,0.1044,10.1617,-0.465,0.1645,9.7942,0.0039,-0.0041,-0.0053
2057,46.549095,-1.08961,77.21,32.97,7.504,144.8,Oct-17,205645,2019-08-18 22:23:15:178,-0.6471,0.0051,10.3048,-0.4639,0.1662,9.7943,0.0049,-0.0083,-0.0042
2058,46.549095,-1.08961,77.21,32.97,7.504,144.8,Oct-17,205745,2019-08-18 22:23:15:278,-0.6358,0.1966,9.3148,-0.4778,0.1759,9.7934,0.0028,0.0034,-0.0021
2059,46.549095,-1.08961,77.21,32.97,7.504,144.8,Oct-17,205845,2019-08-18 22:23:15:378,-0.5226,0.0571,9.8235,-0.4868,0.1825,9.7929,0.0071,0.0066,-0.0042
2060,46.549095,-1.08961,77.21,32.97,7.504,144.8,Oct-17,205946,2019-08-18 22:23:15:479,-0.6974,0.0523,9.9756,-0.4856,0.1853,9.7929,-0.0004,-0.0062,-0.0042
2061,46.549095,-1.08961,77.21,32.97,7.504,144.8,Oct-17,206045,2019-08-18 22:23:15:578,-0.4263,0.0062,9.5769,-0.4764,0.2102,9.7928,0.006,0.0002,-0.0053
2062,46.549095,-1.08961,77.21,32.97,7.504,144.8,Oct-17,206146,2019-08-18 22:23:15:679,-0.4634,0.1331,9.5584,-0.4594,0.2124,9.7936,-0.0025,0.0013,-0.0053
2063,46.549095,-1.08961,77.21,32.97,7.504,144.8,Oct-17,206245,2019-08-18 22:23:15:778,-0.3575,0.3025,9.4967,-0.4289,0.2259,9.7947,-0.011,0.0023,-0.0053
2064,46.549095,-1.08961,77.21,32.97,7.504,144.8,Oct-17,206346,2019-08-18 22:23:15:879,-0.4077,0.2151,9.6895,-0.3984,0.2295,9.7959,0.0039,-0.003,-0.0032
2065,46.549095,-1.08961,77.21,32.97,7.504,144.8,Oct-17,206445,2019-08-18 22:23:15:978,-0.3987,0.3845,9.7098,-0.381,0.2328,9.7965,0.0018,0.0013,-0.0032
2066,46.549095,-1.08961,77.21,32.97,7.504,144.8,Oct-17,206545,2019-08-18 22:23:16:078,-0.4586,0.2127,9.6679,-0.3385,0.223,9.7983,0.0028,-0.0041,-0.0064
2067,46.549095,-1.08961,77.21,32.97,7.504,144.8,Oct-17,206646,2019-08-18 22:23:16:179,-0.2611,0.363,9.55,-0.3287,0.223,9.7986,0.0028,-0.0083,-0.0085
2068,46.549095,-1.08961,77.21,32.97,7.504,144.8,Oct-17,206746,2019-08-18 22:23:16:279,-0.4131,0.2145,9.866,-0.326,0.2195,9.7988,-0.0014,0.0055,-0.0117
2069,46.549095,-1.08961,77.21,32.97,7.504,144.8,Oct-17,206845,2019-08-18 22:23:16:378,-0.6112,-0.065,9.0963,-0.33,0.2074,9.7989,-0.0057,0.0066,-0.016
2070,46.549095,-1.08961,77.21,32.97,7.504,144.8,Oct-17,206946,2019-08-18 22:23:16:479,-0.3946,-0.2027,9.7511,-0.3376,0.1908,9.799,0.0018,0.0013,-0.0192
2071,46.549095,-1.08961,77.21,32.97,7.504,144.8,Oct-17,207045,2019-08-18 22:23:16:578,-0.6148,-0.1236,9.7738,-0.3345,0.1734,9.7994,-0.0078,-0.0137,-0.0202
2072,46.549095,-1.08961,77.21,32.97,7.504,144.8,Oct-17,207146,2019-08-18 22:23:16:679,-0.4137,-0.0512,9.5416,-0.3327,0.1541,9.7998,0.0039,-0.0009,-0.0149
2073,46.549095,-1.08961,77.21,32.97,7.504,144.8,Oct-17,207245,2019-08-18 22:23:16:778,-0.5885,0.1146,9.8996,-0.3776,0.1041,9.7988,0.0081,0.013,-0.0074
2074,46.549095,-1.08961,77.21,32.97,7.504,144.8,Oct-17,207345,2019-08-18 22:23:16:878,-0.3545,0.1774,9.966,-0.3785,0.0978,9.7989,-0.0025,-0.0115,-0.0042
2075,46.549095,-1.08961,77.21,32.97,7.504,144.8,Oct-17,207446,2019-08-18 22:23:16:979,-0.3401,0.1439,9.4004,-0.3849,0.0944,9.7986,-0.0046,0.0045,-0.0053
2076,46.549095,-1.08961,77.21,32.97,7.504,144.8,Oct-17,207545,2019-08-18 22:23:17:078,-0.3928,0.2971,9.8331,-0.3924,0.1055,9.7982,0.0092,-0.0019,-0.0032
2077,46.549095,-1.08961,77.21,32.97,7.504,144.8,Oct-17,207646,2019-08-18 22:23:17:179,-0.5209,0.2373,9.155,-0.4021,0.1151,9.7977,0.0071,0.0066,-0.0032
2078,46.549095,-1.08961,77.21,32.97,7.504,144.8,Oct-17,207745,2019-08-18 22:23:17:278,-0.3281,0.2606,9.3441,-0.4044,0.1226,9.7975,0.0039,0.0002,-0.0032
2079,46.549095,-1.08961,77.21,32.97,7.504,144.8,Oct-17,207845,2019-08-18 22:23:17:378,-0.3305,0.3995,9.8475,-0.4205,0.162,9.7963,-0.0057,-0.0041,-0.0032
2080,46.549095,-1.08961,77.21,32.97,7.504,144.8,Oct-17,207946,2019-08-18 22:23:17:479,-0.3138,0.354,9.8355,-0.4163,0.1665,9.7964,-0.0004,0.0076,-0.0032
2081,46.549095,-1.08961,77.21,32.97,7.504,144.8,Oct-17,208045,2019-08-18 22:23:17:578,-0.3958,0.1295,10.2132,-0.4296,0.1664,9.7958,-0.0036,0.014,-0.0032
2082,46.549095,-1.08961,77.21,32.97,7.504,144.8,Oct-17,208145,2019-08-18 22:23:17:678,-0.722,-0.0572,10.057,-0.4516,0.1727,9.7947,-0.0036,-0.003,-0.0021
2083,46.549095,-1.08961,77.21,32.97,7.504,144.8,Oct-17,208246,2019-08-18 22:23:17:779,-0.5819,0.1547,10.0396,-0.4628,0.1729,9.7942,-0.0004,0.0087,-0.0042
2084,46.549095,-1.08961,77.21,32.97,7.504,144.8,Oct-17,208346,2019-08-18 22:23:17:879,-0.8076,0.1589,10.224,-0.5474,0.1862,9.7896,-0.011,-0.0073,-0.0032
2085,46.549095,-1.08961,77.21,32.97,7.504,144.8,Oct-17,208446,2019-08-18 22:23:17:979,-0.7238,-0.0207,9.6625,-0.5914,0.1894,9.787,-0.0036,0.0076,-0.0053
2086,46.549095,-1.08961,77.21,32.97,7.504,144.8,Oct-17,208546,2019-08-18 22:23:18:079,-0.8429,0.2044,10.0211,-0.6494,0.1856,9.7834,-0.0025,-0.0158,-0.0053
2087,46.549095,-1.08961,77.21,32.97,7.504,144.8,Oct-17,208645,2019-08-18 22:23:18:178,-0.5801,0.1218,9.8505,-0.645,0.1808,9.7837,-0.0036,-0.0009,-0.0064
2088,46.549095,-1.08961,77.21,32.97,7.504,144.8,Oct-17,208745,2019-08-18 22:23:18:278,-0.9518,0.3462,9.9067,-0.6542,0.1784,9.7832,-0.0025,-0.0019,-0.0042
2089,46.549095,-1.08961,77.21,32.97,7.504,144.8,Oct-17,208845,2019-08-18 22:23:18:378,-0.7303,0.1828,9.8529,-0.6541,0.1788,9.7832,0.0018,0.0002,-0.0053
2090,46.549095,-1.08961,77.21,32.97,7.504,144.8,Oct-17,208945,2019-08-18 22:23:18:478,-0.9039,0.09,9.6134,-0.6673,0.1828,9.7822,0.0049,0.0034,-0.0042
2091,46.549095,-1.08961,77.21,32.97,7.504,144.8,Oct-17,209045,2019-08-18 22:23:18:578,-0.9859,0.0619,9.5662,-0.6581,0.1843,9.7828,0.0028,-0.0062,0.0
2092,46.549095,-1.08961,77.21,32.97,7.504,144.8,Oct-17,209146,2019-08-18 22:23:18:679,-0.5711,0.3067,9.811,-0.6603,0.1969,9.7824,0.0156,0.014,-0.0042
2093,46.549095,-1.08961,77.21,32.97,7.504,144.8,Oct-17,209246,2019-08-18 22:23:18:779,-0.6807,0.2463,9.9241,-0.6476,0.1971,9.7833,-0.01,-0.0137,-0.0032
2094,46.549095,-1.08961,77.21,32.97,7.504,144.8,Oct-17,209346,2019-08-18 22:23:18:879,-0.473,0.3678,9.8804,-0.6218,0.212,9.7846,-0.0025,0.0023,-0.0021
2095,46.549095,-1.08961,77.21,32.97,7.504,144.8,Oct-17,209445,2019-08-18 22:23:18:978,-0.6866,0.3534,10.1438,-0.5744,0.2476,9.7867,0.0081,-0.019,-0.0021
2096,46.549095,-1.08961,77.21,32.97,7.504,144.8,Oct-17,209546,2019-08-18 22:23:19:079,-0.531,0.348,9.9432,-0.5584,0.2523,9.7875,0.0039,-0.0073,-0.0053
2097,46.549095,-1.08961,77.21,32.97,7.504,144.8,Oct-17,209645,2019-08-18 22:23:19:178,-0.54,0.3486,9.6308,-0.5507,0.2482,9.788,-0.0057,-0.0009,-0.0042
2098,46.549095,-1.08961,77.21,32.97,7.504,144.8,Oct-17,209746,2019-08-18 22:23:19:279,-0.4131,0.3516,9.2723,-0.5411,0.2427,9.7887,-0.0036,0.0002,-0.0042
2099,46.549095,-1.08961,77.21,32.97,7.504,144.8,Oct-17,209846,2019-08-18 22:23:19:379,-0.3239,0.4647,8.9742,-0.5498,0.2539,9.7879,0.0167,0.014,-0.0021
2100,46.549095,-1.08961,77.21,32.97,7.504,144.8,Oct-17,209946,2019-08-18 22:23:19:479,-0.2964,0.1619,9.9217,-0.5392,0.2611,9.7883,0.0103,-0.0105,-0.0021
2101,46.549095,-1.08961,77.21,32.97,7.504,144.8,Oct-17,210045,2019-08-18 22:23:19:578,-0.2892,0.2876,9.2848,-0.5377,0.2622,9.7884,0.0007,0.0172,-0.0064
2102,46.549095,-1.08961,77.21,32.97,7.504,144.8,Oct-17,210145,2019-08-18 22:23:19:678,-0.3257,0.3289,9.3884,-0.5399,0.2687,9.7881,0.0124,0.0076,-0.0064
2103,46.549095,-1.08961,77.21,32.97,7.504,144.8,Oct-17,210245,2019-08-18 22:23:19:778,-0.3952,0.2433,9.7326,-0.5156,0.2486,9.7899,-0.01,-0.0009,-0.0053
2104,46.549095,-1.08961,77.21,32.97,7.504,144.8,Oct-17,210345,2019-08-18 22:23:19:878,-0.2497,0.287,9.9031,-0.5094,0.2249,9.7908,-0.0377,-0.0041,-0.0085
2105,46.549095,-1.08961,77.21,32.97,7.504,144.8,Oct-17,210445,2019-08-18 22:23:19:978,-0.3341,0.178,9.6811,-0.5083,0.1938,9.7916,-0.0164,0.0034,-0.0074
2106,46.549095,-1.08961,77.21,32.97,7.504,144.8,Oct-17,210545,2019-08-18 22:23:20:078,-0.1617,0.0577,10.4359,-0.4934,0.1916,9.7924,0.0103,-0.0169,-0.0053
2107,46.549095,-1.08961,77.21,32.97,7.504,144.8,Oct-17,210645,2019-08-18 22:23:20:178,-0.3473,0.1325,10.7555,-0.4595,0.1843,9.7941,-0.0121,-0.0254,-0.0074
2108,46.549095,-1.08961,77.21,32.97,7.504,144.8,Oct-17,210745,2019-08-18 22:23:20:278,-0.2773,0.1888,10.3263,-0.4584,0.168,9.7945,-0.0142,0.0045,-0.0096
2109,46.549095,-1.08961,77.21,32.97,7.504,144.8,Oct-17,210846,2019-08-18 22:23:20:379,-0.3575,0.0841,9.5267,-0.472,0.1752,9.7937,0.0199,0.0119,-0.0074
2110,46.549095,-1.08961,77.21,32.97,7.504,144.8,Oct-17,210945,2019-08-18 22:23:20:478,-0.4131,0.0206,9.2106,-0.4798,0.1834,9.7932,0.0156,0.0076,-0.0042
2111,46.549095,-1.08961,77.21,32.97,7.504,144.8,Oct-17,211045,2019-08-18 22:23:20:578,-0.4191,-0.05,9.4866,-0.4788,0.1901,9.7931,0.0113,0.0002,-0.0064
2112,46.549095,-1.08961,77.21,32.97,7.504,144.8,Oct-17,211146,2019-08-18 22:23:20:679,-0.4335,-0.0177,10.1138,-0.4929,0.1966,9.7923,0.0156,0.0226,-0.0064
2113,46.549095,-1.08961,77.21,32.97,7.504,144.8,Oct-17,211245,2019-08-18 22:23:20:778,-0.5783,0.1026,10.0767,-0.4953,0.1999,9.7921,0.0081,-0.0105,-0.0085
2114,46.549095,-1.08961,77.21,32.97,7.504,144.8,Oct-17,211346,2019-08-18 22:23:20:879,-0.3592,0.1547,10.2868,-0.4924,0.1916,9.7924,-0.0121,-0.0019,-0.0117
2115,46.546947,-1.087513,80.12,32.79,4.288,147.8,13 / 17,211445,2019-08-18 22:23:20:978,-0.6501,0.1852,9.96,-0.4991,0.1686,9.7925,-0.0174,0.0013,-0.0128
2116,46.546947,-1.087513,80.12,32.79,4.288,147.8,13 / 17,211545,2019-08-18 22:23:21:078,-0.6184,0.0308,9.617,-0.4852,0.1566,9.7934,-0.0068,-0.0211,-0.0117
2117,46.546947,-1.087513,80.12,32.79,4.288,147.8,13 / 17,211646,2019-08-18 22:23:21:179,-0.5029,-0.0668,9.6883,-0.4752,0.1391,9.7941,0.0092,0.0034,-0.0085
2118,46.546947,-1.087513,80.12,32.79,4.288,147.8,13 / 17,211746,2019-08-18 22:23:21:279,-0.4897,-0.0716,9.3441,-0.4749,0.1397,9.7941,0.0049,0.0013,-0.0085
2119,46.546947,-1.087513,80.12,32.79,4.288,147.8,13 / 17,211845,2019-08-18 22:23:21:378,-0.4658,-0.1308,9.3782,-0.4781,0.134,9.7941,-0.0004,0.0108,-0.0085
2120,46.546947,-1.087513,80.12,32.79,4.288,147.8,13 / 17,211946,2019-08-18 22:23:21:479,-0.558,0.0475,9.4249,-0.4684,0.1296,9.7946,-0.0004,-0.0019,-0.0064
2121,46.546947,-1.087513,80.12,32.79,4.288,147.8,13 / 17,212045,2019-08-18 22:23:21:578,-0.522,0.093,9.9642,-0.4607,0.1337,9.7949,0.0071,0.0013,-0.0085
2122,46.546947,-1.087513,80.12,32.79,4.288,147.8,13 / 17,212146,2019-08-18 22:23:21:679,-0.5975,0.1439,9.5261,-0.4608,0.1355,9.7949,-0.0025,0.0034,-0.0085
2123,46.546947,-1.087513,80.12,32.79,4.288,147.8,13 / 17,212245,2019-08-18 22:23:21:778,-0.4736,0.1176,9.7517,-0.4488,0.127,9.7956,-0.0057,-0.0083,-0.0085
2124,46.546947,-1.087513,80.12,32.79,4.288,147.8,13 / 17,212346,2019-08-18 22:23:21:879,-0.4496,0.0595,9.8463,-0.4401,0.1241,9.796,-0.0014,-0.0105,-0.0074
2125,46.546947,-1.087513,80.12,32.79,4.288,147.8,13 / 17,212445,2019-08-18 22:23:21:978,-0.3299,0.0715,9.7852,-0.4091,0.1168,9.7974,0.0028,-0.0051,-0.0074
2126,46.546947,-1.087513,80.12,32.79,4.288,147.8,13 / 17,212545,2019-08-18 22:23:22:078,-0.3604,0.184,9.7924,-0.401,0.1115,9.7978,-0.0025,0.0045,-0.0085
2127,46.546947,-1.087513,80.12,32.79,4.288,147.8,13 / 17,212645,2019-08-18 22:23:22:178,-0.4796,0.1828,10.0318,-0.3948,0.105,9.7981,-0.0078,-0.0051,-0.0096
2128,46.546947,-1.087513,80.12,32.79,4.288,147.8,13 / 17,212745,2019-08-18 22:23:22:278,-0.1827,0.1463,9.7002,-0.3753,0.1009,9.7989,-0.0014,0.0013,-0.0074
2129,46.546947,-1.087513,80.12,32.79,4.288,147.8,13 / 17,212846,2019-08-18 22:23:22:379,-0.3024,0.1146,9.6081,-0.3705,0.0978,9.7992,-0.01,-0.0009,-0.0085
2130,46.546947,-1.087513,80.12,32.79,4.288,147.8,13 / 17,212946,2019-08-18 22:23:22:479,-0.2713,0.0805,9.9115,-0.3649,0.0895,9.7995,-0.01,-0.0009,-0.0096
2131,46.546947,-1.087513,80.12,32.79,4.288,147.8,13 / 17,213046,2019-08-18 22:23:22:579,-0.2784,0.178,10.4047,-0.3529,0.085,9.7999,-0.01,-0.0137,-0.0096
2132,46.546947,-1.087513,80.12,32.79,4.288,147.8,13 / 17,213146,2019-08-18 22:23:22:679,-0.1803,0.0422,10.1372,-0.3428,0.0739,9.8004,0.0007,-0.0009,-0.0096
2133,46.546947,-1.087513,80.12,32.79,4.288,147.8,13 / 17,213245,2019-08-18 22:23:22:778,-0.2234,0.0236,9.8128,-0.3456,0.0712,9.8003,0.006,0.0066,-0.0096
2134,46.546947,-1.087513,80.12,32.79,4.288,147.8,13 / 17,213345,2019-08-18 22:23:22:878,-0.2838,0.1086,9.7098,-0.3532,0.0647,9.8001,-0.0057,0.0098,-0.0096
2135,46.546947,-1.087513,80.12,32.79,4.288,147.8,13 / 17,213446,2019-08-18 22:23:22:979,-0.3994,0.0051,9.6212,-0.3612,0.062,9.7998,-0.0014,0.0076,-0.0085
2136,46.546947,-1.087513,80.12,32.79,4.288,147.8,13 / 17,213546,2019-08-18 22:23:23:079,-0.4383,-0.1614,9.8391,-0.3699,0.0647,9.7995,0.0081,-0.003,-0.0074
2137,46.546947,-1.087513,80.12,32.79,4.288,147.8,13 / 17,213645,2019-08-18 22:23:23:178,-0.2282,-0.0291,9.699,-0.3793,0.0729,9.799,0.0124,0.0151,-0.0074
2138,46.546947,-1.087513,80.12,32.79,4.288,147.8,13 / 17,213745,2019-08-18 22:23:23:278,-0.5837,0.0793,9.9049,-0.3923,0.0801,9.7985,0.0007,-0.0009,-0.0074
2139,46.546947,-1.087513,80.12,32.79,4.288,147.8,13 / 17,213846,2019-08-18 22:23:23:379,-0.4742,-0.0303,9.5883,-0.3963,0.0819,9.7983,-0.0014,-0.0051,-0.0085
2140,46.546947,-1.087513,80.12,32.79,4.288,147.8,13 / 17,213946,2019-08-18 22:23:23:479,-0.6825,-0.0548,9.8792,-0.4154,0.0854,9.7975,0.0018,-0.0115,-0.0064
2141,46.546947,-1.087513,80.12,32.79,4.288,147.8,13 / 17,214046,2019-08-18 22:23:23:579,-0.555,-0.0387,9.6781,-0.4179,0.0989,9.7972,0.0007,0.0034,-0.0074
2142,46.546947,-1.087513,80.12,32.79,4.288,147.8,13 / 17,214146,2019-08-18 22:23:23:679,-0.7351,-0.0387,9.3154,-0.4386,0.1021,9.7963,0.0071,0.0023,-0.0064
2143,46.546947,-1.087513,80.12,32.79,4.288,147.8,13 / 17,214245,2019-08-18 22:23:23:778,-0.6813,0.108,10.2587,-0.4298,0.1095,9.7966,0.0028,-0.0179,-0.0053
2144,46.546947,-1.087513,80.12,32.79,4.288,147.8,13 / 17,214346,2019-08-18 22:23:23:879,-0.6867,0.1864,9.9798,-0.4235,0.1193,9.7968,0.0071,-0.003,-0.0032
2145,46.546947,-1.087513,80.12,32.79,4.288,147.8,13 / 17,214446,2019-08-18 22:23:23:979,-0.7303,0.2229,10.2724,-0.4331,0.128,9.7962,-0.0014,-0.0083,-0.0021
2146,46.546947,-1.087513,80.12,32.79,4.288,147.8,13 / 17,214546,2019-08-18 22:23:24:079,-0.6328,0.3971,9.4973,-0.4679,0.1484,9.7944,-0.0046,0.0119,-0.0011
2147,46.546947,-1.087513,80.12,32.79,4.288,147.8,13 / 17,214645,2019-08-18 22:23:24:178,-0.6148,0.3965,9.8936,-0.4706,0.1491,9.7942,-0.0078,-0.0073,0.0
2148,46.546947,-1.087513,80.12,32.79,4.288,147.8,13 / 17,214745,2019-08-18 22:23:24:278,-0.549,0.4821,9.7302,-0.4651,0.1533,9.7944,-0.0014,-0.0009,-0.0011
2149,46.546947,-1.087513,80.12,32.79,4.288,147.8,13 / 17,214846,2019-08-18 22:23:24:379,-0.4784,0.3708,9.6541,-0.483,0.1778,9.7931,-0.0014,0.0023,-0.0011
2150,46.546947,-1.087513,80.12,32.79,4.288,147.8,13 / 17,214945,2019-08-18 22:23:24:478,-0.2701,0.2965,9.8319,-0.5067,0.2149,9.7912,0.0007,0.0013,-0.0021
2151,46.546947,-1.087513,80.12,32.79,4.288,147.8,13 / 17,215046,2019-08-18 22:23:24:579,-0.2958,0.3157,9.5416,-0.5173,0.2235,9.7904,-0.0025,0.0076,0.0
2152,46.546947,-1.087513,80.12,32.79,4.288,147.8,13 / 17,215146,2019-08-18 22:23:24:679,-0.44,0.2319,9.6619,-0.5213,0.2179,9.7904,-0.0132,0.0013,0.0
2153,46.546947,-1.087513,80.12,32.79,4.288,147.8,13 / 17,215245,2019-08-18 22:23:24:778,-0.4035,0.2241,9.2441,-0.5427,0.2595,9.7882,-0.0121,0.013,-0.0011
2154,46.546947,-1.087513,80.12,32.79,4.288,147.8,13 / 17,215345,2019-08-18 22:23:24:878,-0.4017,0.2026,9.7337,-0.5437,0.2516,9.7883,-0.0089,-0.0083,0.0022
2155,46.546947,-1.087513,80.12,32.79,4.288,147.8,13 / 17,215445,2019-08-18 22:23:24:978,-0.5562,0.2181,9.8181,-0.5528,0.253,9.7878,0.0049,0.013,0.0
2156,46.546947,-1.087513,80.12,32.79,4.288,147.8,13 / 17,215546,2019-08-18 22:23:25:079,-0.4915,0.3618,10.2054,-0.565,0.2618,9.7869,0.0049,-0.0115,-0.0021
2157,46.546947,-1.087513,80.12,32.79,4.288,147.8,13 / 17,215646,2019-08-18 22:23:25:179,-0.6208,0.114,10.4646,-0.5574,0.2633,9.7873,0.0028,-0.0222,-0.0032
2158,46.546947,-1.087513,80.12,32.79,4.288,147.8,13 / 17,215745,2019-08-18 22:23:25:278,-0.5993,0.1319,10.2066,-0.5448,0.2649,9.7879,-0.0004,-0.0041,-0.0021
2159,46.546947,-1.087513,80.12,32.79,4.288,147.8,13 / 17,215846,2019-08-18 22:23:25:379,-0.7369,0.2923,10.0252,-0.5459,0.2652,9.7879,0.0028,0.0013,-0.0032
2160,46.546947,-1.087513,80.12,32.79,4.288,147.8,13 / 17,215946,2019-08-18 22:23:25:479,-0.6867,0.0272,9.3591,-0.5596,0.2635,9.7871,0.0039,0.0076,-0.0032
2161,46.546947,-1.087513,80.12,32.79,4.288,147.8,13 / 17,216046,2019-08-18 22:23:25:579,-0.6908,0.117,9.4327,-0.5617,0.2609,9.7871,-0.0036,-0.003,-0.0053
2162,46.546947,-1.087513,80.12,32.79,4.288,147.8,13 / 17,216145,2019-08-18 22:23:25:678,-0.8991,0.3301,9.562,-0.5735,0.2584,9.7865,0.0113,0.0002,-0.0042
2163,46.546947,-1.087513,80.12,32.79,4.288,147.8,13 / 17,216245,2019-08-18 22:23:25:778,-0.8519,-0.056,9.7906,-0.5711,0.2588,9.7866,0.0113,-0.0105,-0.0032
2164,46.546947,-1.087513,80.12,32.79,4.288,147.8,13 / 17,216346,2019-08-18 22:23:25:879,-0.7932,0.2696,9.4626,-0.5687,0.248,9.787,-0.01,0.0045,-0.0042
2165,46.546947,-1.087513,80.12,32.79,4.288,147.8,13 / 17,216445,2019-08-18 22:23:25:978,-0.7884,0.2816,9.9486,-0.577,0.2388,9.7867,-0.0132,0.0087,-0.0064
2166,46.546947,-1.087513,80.12,32.79,4.288,147.8,13 / 17,216545,2019-08-18 22:23:26:078,-0.9344,0.3336,9.4692,-0.5942,0.2183,9.7862,-0.0089,0.0023,-0.0064
2167,46.546947,-1.087513,80.12,32.79,4.288,147.8,13 / 17,216645,2019-08-18 22:23:26:178,-0.807,0.1984,10.045,-0.5903,0.2152,9.7865,0.0028,-0.0126,-0.0053
2168,46.546947,-1.087513,80.12,32.79,4.288,147.8,13 / 17,216745,2019-08-18 22:23:26:278,-0.8519,0.0649,10.036,-0.5699,0.2197,9.7876,0.0177,-0.0115,-0.0053
2169,46.546947,-1.087513,80.12,32.79,4.288,147.8,13 / 17,216845,2019-08-18 22:23:26:378,-0.5286,0.0733,9.7044,-0.5743,0.2238,9.7873,0.0124,0.0108,-0.0042
2170,46.546947,-1.087513,80.12,32.79,4.288,147.8,13 / 17,216945,2019-08-18 22:23:26:478,-0.3395,0.0625,9.6673,-0.5942,0.223,9.7861,-0.0025,0.0034,-0.0096
2171,46.546947,-1.087513,80.12,32.79,4.288,147.8,13 / 17,217045,2019-08-18 22:23:26:578,-0.947,-0.1099,10.1581,-0.5755,0.2169,9.7873,-0.01,-0.0403,-0.0106
2172,46.546947,-1.087513,80.12,32.79,4.288,147.8,13 / 17,217145,2019-08-18 22:23:26:678,-0.4778,0.5366,10.722,-0.536,0.1997,9.79,-0.0153,-0.0137,-0.0096
2173,46.546947,-1.087513,80.12,32.79,4.288,147.8,13 / 17,217245,2019-08-18 22:23:26:778,-0.1929,-0.0111,9.7936,-0.534,0.1815,9.7904,0.0007,0.0013,-0.0106
2174,46.546947,-1.087513,80.12,32.79,4.288,147.8,13 / 17,217345,2019-08-18 22:23:26:878,-0.385,0.4468,10.9853,-0.5264,0.1794,9.7909,0.006,-0.0105,-0.0064
2175,46.546947,-1.087513,80.12,32.79,4.288,147.8,13 / 17,217446,2019-08-18 22:23:26:979,-0.5562,-0.4128,8.7054,-0.5292,0.1853,9.7906,0.0199,0.0098,-0.0064
2176,46.546947,-1.087513,80.12,32.79,4.288,147.8,13 / 17,217545,2019-08-18 22:23:27:078,-0.1216,-0.2003,8.7773,-0.5226,0.1902,9.7909,0.0113,-0.0009,-0.0064
2177,46.546947,-1.087513,80.12,32.79,4.288,147.8,13 / 17,217645,2019-08-18 22:23:27:178,0.037,0.038,9.2789,-0.5173,0.1827,9.7913,-0.0078,0.0076,-0.0096
2178,46.546947,-1.087513,80.12,32.79,4.288,147.8,13 / 17,217745,2019-08-18 22:23:27:278,-0.2126,-0.1165,9.9834,-0.5157,0.1779,9.7915,-0.0025,0.0045,-0.0085
2179,46.546947,-1.087513,80.12,32.79,4.288,147.8,13 / 17,217846,2019-08-18 22:23:27:379,-0.3401,0.1236,10.1713,-0.498,0.177,9.7924,0.0049,-0.0115,-0.0074
2180,46.546947,-1.087513,80.12,32.79,4.288,147.8,13 / 17,217946,2019-08-18 22:23:27:479,-0.2066,0.0763,9.7038,-0.4937,0.1683,9.7928,-0.0068,0.0087,-0.0085
2181,46.546947,-1.087513,80.12,32.79,4.288,147.8,13 / 17,218045,2019-08-18 22:23:27:578,-0.2389,0.0649,9.3824,-0.5035,0.1569,9.7925,-0.0089,0.0162,-0.0074
2182,46.546947,-1.087513,80.12,32.79,4.288,147.8,13 / 17,218145,2019-08-18 22:23:27:678,-0.1007,-0.0596,9.2573,-0.5074,0.1477,9.7924,-0.0057,0.0087,-0.0074
2183,46.546947,-1.087513,80.12,32.79,4.288,147.8,13 / 17,218246,2019-08-18 22:23:27:779,-0.3467,-0.1195,9.9073,-0.485,0.1464,9.7936,0.0007,-0.019,-0.0032
2184,46.546947,-1.087513,80.12,32.79,4.288,147.8,13 / 17,218345,2019-08-18 22:23:27:878,-0.1025,0.26,9.8684,-0.4703,0.1532,9.7942,0.0028,-0.0115,-0.0032
2185,46.546947,-1.087513,80.12,32.79,4.288,147.8,13 / 17,218446,2019-08-18 22:23:27:979,-0.2946,0.369,10.4747,-0.4461,0.1527,9.7953,-0.0089,-0.0147,-0.0011
2186,46.546947,-1.087513,80.12,32.79,4.288,147.8,13 / 17,218546,2019-08-18 22:23:28:079,-0.3964,0.2433,9.8983,-0.437,0.1489,9.7958,-0.0057,-0.0019,-0.0021
2187,46.546947,-1.087513,80.12,32.79,4.288,147.8,13 / 17,218646,2019-08-18 22:23:28:179,0.1555,0.111,7.7891,-0.446,0.1566,9.7953,0.006,0.0268,0.0
2188,46.546947,-1.087513,80.12,32.79,4.288,147.8,13 / 17,218745,2019-08-18 22:23:28:278,-0.3305,0.3714,9.2322,-0.4555,0.1691,9.7946,0.0092,0.0098,0.0022
2189,46.546947,-1.087513,80.12,32.79,4.288,147.8,13 / 17,218846,2019-08-18 22:23:28:379,-0.7285,-0.1488,9.9534,-0.431,0.185,9.7954,0.0135,-0.0201,0.0
2190,46.546947,-1.087513,80.12,32.79,4.288,147.8,13 / 17,218945,2019-08-18 22:23:28:478,-0.4131,0.4617,9.9181,-0.4237,0.1872,9.7957,-0.011,0.0023,-0.0021
2191,46.546947,-1.087513,80.12,32.79,4.288,147.8,13 / 17,219046,2019-08-18 22:23:28:579,-0.6035,0.3564,9.7451,-0.4155,0.1743,9.7963,-0.0153,-0.0083,-0.0042
2192,46.546947,-1.087513,80.12,32.79,4.288,147.8,13 / 17,219145,2019-08-18 22:23:28:678,-0.5705,0.1942,10.7902,-0.4032,0.1797,9.7967,0.0092,-0.0201,-0.0021
2193,46.546947,-1.087513,80.12,32.79,4.288,147.8,13 / 17,219246,2019-08-18 22:23:28:779,-0.4927,0.09,9.9241,-0.386,0.1887,9.7972,0.0039,-0.0009,0.0
2194,46.546947,-1.087513,80.12,32.79,4.288,147.8,13 / 17,219346,2019-08-18 22:23:28:879,-0.391,0.2947,9.2866,-0.3873,0.1983,9.797,0.0124,0.0098,-0.0011
2195,46.546947,-1.087513,80.12,32.79,4.288,147.8,13 / 17,219445,2019-08-18 22:23:28:978,-0.5502,0.3887,9.2453,-0.3894,0.2141,9.7966,0.0049,0.0002,-0.0011
2196,46.546947,-1.087513,80.12,32.79,4.288,147.8,13 / 17,219547,2019-08-18 22:23:29:080,-0.467,0.4019,9.9762,-0.3896,0.2189,9.7965,0.0039,0.0002,-0.0021
2197,46.546947,-1.087513,80.12,32.79,4.288,147.8,13 / 17,219646,2019-08-18 22:23:29:179,-0.5035,0.4647,9.9953,-0.3905,0.2217,9.7964,-0.0036,-0.0019,0.0
2198,46.546947,-1.087513,80.12,32.79,4.288,147.8,13 / 17,219745,2019-08-18 22:23:29:278,-0.3551,0.3217,9.6344,-0.4033,0.2232,9.7958,0.0018,0.0183,-0.0011
2199,46.546947,-1.087513,80.12,32.79,4.288,147.8,13 / 17,219846,2019-08-18 22:23:29:379,-0.47,0.2193,9.7786,-0.4242,0.232,9.7947,0.006,0.0055,-0.0011
2200,46.546947,-1.087513,80.12,32.79,4.288,147.8,13 / 17,219947,2019-08-18 22:23:29:480,-0.3742,0.2588,9.3501,-0.4286,0.2309,9.7946,-0.0036,0.0023,-0.0021
2201,46.546947,-1.087513,80.12,32.79,4.288,147.8,13 / 17,220045,2019-08-18 22:23:29:578,-0.2964,0.254,9.562,-0.4563,0.2568,9.7927,0.0007,-0.0051,-0.0021
2202,46.546947,-1.087513,80.12,32.79,4.288,147.8,13 / 17,220145,2019-08-18 22:23:29:678,-0.3066,0.3474,10.4101,-0.4493,0.2557,9.793,-0.0036,-0.0158,-0.0021
2203,46.546947,-1.087513,80.12,32.79,4.288,147.8,13 / 17,220245,2019-08-18 22:23:29:778,-0.2832,0.0146,10.042,-0.4479,0.25,9.7932,0.0028,0.0023,-0.0042
2204,46.546947,-1.087513,80.12,32.79,4.288,147.8,13 / 17,220345,2019-08-18 22:23:29:878,-0.3395,0.3199,10.6364,-0.4564,0.2549,9.7927,0.0007,-0.0094,-0.0021
2205,46.5446,-1.085489,76.42,33.26,5.36,150.6,14 / 17,220446,2019-08-18 22:23:29:979,-0.4353,0.2145,10.0253,-0.4787,0.2444,9.7919,-0.0025,0.0002,-0.0021
2206,46.5446,-1.085489,76.42,33.26,5.36,150.6,14 / 17,220546,2019-08-18 22:23:30:079,-0.3814,0.0841,10.1653,-0.4771,0.2336,9.7923,-0.0057,-0.0126,-0.0021
2207,46.5446,-1.085489,76.42,33.26,5.36,150.6,14 / 17,220646,2019-08-18 22:23:30:179,-0.3994,0.2624,9.8313,-0.4892,0.2461,9.7913,-0.0004,0.0045,-0.0032
2208,46.5446,-1.085489,76.42,33.26,5.36,150.6,14 / 17,220745,2019-08-18 22:23:30:278,-0.3676,0.0894,9.6697,-0.4946,0.2466,9.7911,0.0018,0.0066,-0.0032
2209,46.5446,-1.085489,76.42,33.26,5.36,150.6,14 / 17,220845,2019-08-18 22:23:30:378,-0.3275,0.1062,9.5344,-0.4999,0.2475,9.7908,0.0049,0.0098,-0.0021
2210,46.5446,-1.085489,76.42,33.26,5.36,150.6,14 / 17,220945,2019-08-18 22:23:30:478,-0.5652,0.1499,9.5632,-0.5054,0.2519,9.7904,0.0145,0.0076,-0.0011
2211,46.5446,-1.085489,76.42,33.26,5.36,150.6,14 / 17,221046,2019-08-18 22:23:30:579,-0.6603,0.1403,9.729,-0.4929,0.2635,9.7907,0.0135,-0.019,0.0
2212,46.5446,-1.085489,76.42,33.26,5.36,150.6,14 / 17,221146,2019-08-18 22:23:30:679,-0.628,0.3492,10.2335,-0.4805,0.2657,9.7913,0.0007,-0.0158,-0.0021
2213,46.5446,-1.085489,76.42,33.26,5.36,150.6,14 / 17,221245,2019-08-18 22:23:30:778,-0.6597,0.2451,10.1055,-0.4764,0.2613,9.7916,-0.0089,-0.0041,-0.0011
2214,46.5446,-1.085489,76.42,33.26,5.36,150.6,14 / 17,221345,2019-08-18 22:23:30:878,-0.713,0.4031,9.2286,-0.4979,0.2624,9.7905,-0.0004,0.0119,0.0043
2215,46.5446,-1.085489,76.42,33.26,5.36,150.6,14 / 17,221446,2019-08-18 22:23:30:979,-0.8411,0.3672,9.3764,-0.501,0.2727,9.7901,0.0103,-0.0073,0.0053
2216,46.5446,-1.085489,76.42,33.26,5.36,150.6,14 / 17,221546,2019-08-18 22:23:31:079,-0.7046,0.3456,9.2621,-0.5054,0.2921,9.7893,0.0113,0.0055,0.0053
2217,46.5446,-1.085489,76.42,33.26,5.36,150.6,14 / 17,221645,2019-08-18 22:23:31:178,-0.7914,0.4318,9.7924,-0.5082,0.2997,9.7889,-0.0025,-0.003,0.0022
2218,46.5446,-1.085489,76.42,33.26,5.36,150.6,14 / 17,221746,2019-08-18 22:23:31:279,-0.722,0.5551,9.6984,-0.5085,0.3066,9.7887,-0.0004,0.0045,0.0032
2219,46.5446,-1.085489,76.42,33.26,5.36,150.6,14 / 17,221845,2019-08-18 22:23:31:378,-0.892,0.6754,9.717,-0.5147,0.3164,9.788,0.0039,-0.0009,0.0043
2220,46.5446,-1.085489,76.42,33.26,5.36,150.6,14 / 17,221945,2019-08-18 22:23:31:478,-0.8303,0.7119,9.8002,-0.5433,0.3515,9.7853,-0.0025,-0.003,0.0043
2221,46.5446,-1.085489,76.42,33.26,5.36,150.6,14 / 17,222045,2019-08-18 22:23:31:578,-0.9099,0.6563,9.6709,-0.5485,0.3539,9.7849,-0.0057,0.0002,0.0053
2222,46.5446,-1.085489,76.42,33.26,5.36,150.6,14 / 17,222146,2019-08-18 22:23:31:679,-0.792,0.4498,10.0971,-0.547,0.3572,9.7849,0.0007,-0.0019,0.0075
2223,46.5446,-1.085489,76.42,33.26,5.36,150.6,14 / 17,222246,2019-08-18 22:23:31:779,-0.7531,0.6874,9.2154,-0.557,0.3674,9.7839,0.0049,0.013,0.0075
2224,46.5446,-1.085489,76.42,33.26,5.36,150.6,14 / 17,222346,2019-08-18 22:23:31:879,-0.7453,0.7251,10.0731,-0.5615,0.3828,9.7831,0.006,-0.0073,0.0085
2225,46.5446,-1.085489,76.42,33.26,5.36,150.6,14 / 17,222446,2019-08-18 22:23:31:979,-0.728,0.7951,9.7152,-0.559,0.3933,9.7828,0.006,-0.0041,0.0043
2226,46.5446,-1.085489,76.42,33.26,5.36,150.6,14 / 17,222546,2019-08-18 22:23:32:079,-0.4155,0.6611,9.7888,-0.5536,0.3962,9.783,-0.0068,-0.0115,0.0053
2227,46.5446,-1.085489,76.42,33.26,5.36,150.6,14 / 17,222646,2019-08-18 22:23:32:179,-0.5185,0.7945,9.8972,-0.5454,0.399,9.7833,-0.0046,-0.0094,0.0075
2228,46.5446,-1.085489,76.42,33.26,5.36,150.6,14 / 17,222746,2019-08-18 22:23:32:279,-0.4484,0.7484,9.7397,-0.5493,0.4121,9.7826,0.006,0.0055,0.0107
2229,46.5446,-1.085489,76.42,33.26,5.36,150.6,14 / 17,222845,2019-08-18 22:23:32:378,-0.4556,0.6742,9.7499,-0.547,0.4213,9.7823,0.0049,-0.003,0.0107
2230,46.5446,-1.085489,76.42,33.26,5.36,150.6,14 / 17,222946,2019-08-18 22:23:32:479,-0.2886,0.5934,9.7074,-0.5234,0.4715,9.7813,-0.0004,0.0055,0.0032
2231,46.5446,-1.085489,76.42,33.26,5.36,150.6,14 / 17,223045,2019-08-18 22:23:32:578,-0.2808,0.5174,9.8205,-0.4994,0.5048,9.7809,-0.0068,-0.003,0.0043
2232,46.5446,-1.085489,76.42,33.26,5.36,150.6,14 / 17,223145,2019-08-18 22:23:32:678,-0.227,0.6694,9.8217,-0.4708,0.5571,9.7795,0.0018,0.0055,0.0064
2233,46.5446,-1.085489,76.42,33.26,5.36,150.6,14 / 17,223245,2019-08-18 22:23:32:778,-0.1935,0.4791,10.4388,-0.44,0.5521,9.7812,0.0049,-0.0126,0.0053
2234,46.5446,-1.085489,76.42,33.26,5.36,150.6,14 / 17,223346,2019-08-18 22:23:32:879,-0.1623,0.4282,10.3993,-0.4159,0.5485,9.7825,-0.0014,-0.0105,0.0
2235,46.5446,-1.085489,76.42,33.26,5.36,150.6,14 / 17,223446,2019-08-18 22:23:32:979,-0.1731,0.3636,10.1485,-0.4103,0.5423,9.783,-0.0036,-0.0019,-0.0032
2236,46.5446,-1.085489,76.42,33.26,5.36,150.6,14 / 17,223546,2019-08-18 22:23:33:079,-0.1043,0.2899,10.0264,-0.396,0.5198,9.7849,-0.011,-0.0051,-0.0042
2237,46.5446,-1.085489,76.42,33.26,5.36,150.6,14 / 17,223645,2019-08-18 22:23:33:178,-0.0552,0.2995,9.7134,-0.396,0.508,9.7855,-0.0036,0.0055,-0.0042
2238,46.5446,-1.085489,76.42,33.26,5.36,150.6,14 / 17,223745,2019-08-18 22:23:33:278,-0.112,0.1726,9.8271,-0.3918,0.4963,9.7862,0.0018,-0.0041,-0.0011
2239,46.5446,-1.085489,76.42,33.26,5.36,150.6,14 / 17,223846,2019-08-18 22:23:33:379,-0.1324,0.2247,9.7565,-0.3857,0.4479,9.7888,0.0028,0.0066,-0.0011
2240,46.5446,-1.085489,76.42,33.26,5.36,150.6,14 / 17,223946,2019-08-18 22:23:33:479,-0.0408,0.1397,10.0683,-0.3684,0.3982,9.7916,0.0007,-0.0115,-0.0021
2241,46.5446,-1.085489,76.42,33.26,5.36,150.6,14 / 17,224046,2019-08-18 22:23:33:579,-0.1504,0.1996,9.7218,-0.3636,0.3966,9.7919,0.0007,-0.0019,-0.0042
2242,46.5446,-1.085489,76.42,33.26,5.36,150.6,14 / 17,224145,2019-08-18 22:23:33:678,-0.151,0.43,9.6416,-0.365,0.3912,9.792,-0.0014,-0.0009,-0.0021
2243,46.5446,-1.085489,76.42,33.26,5.36,150.6,14 / 17,224246,2019-08-18 22:23:33:779,-0.1336,0.1565,9.7972,-0.3625,0.3881,9.7923,0.0007,-0.0009,-0.0032
2244,46.5446,-1.085489,76.42,33.26,5.36,150.6,14 / 17,224345,2019-08-18 22:23:33:878,-0.1964,0.2008,9.8678,-0.366,0.357,9.7933,0.0018,-0.0009,-0.0011
2245,46.5446,-1.085489,76.42,33.26,5.36,150.6,14 / 17,224445,2019-08-18 22:23:33:978,-0.1982,0.1427,9.8421,-0.3745,0.3514,9.7932,-0.0004,-0.0073,-0.0011
2246,46.5446,-1.085489,76.42,33.26,5.36,150.6,14 / 17,224546,2019-08-18 22:23:34:079,-0.2144,0.293,9.571,-0.3796,0.3471,9.7932,-0.0025,0.0098,-0.0032
2247,46.5446,-1.085489,76.42,33.26,5.36,150.6,14 / 17,224646,2019-08-18 22:23:34:179,-0.3161,0.3462,10.0217,-0.3825,0.334,9.7935,0.0007,-0.0073,-0.0032
2248,46.5446,-1.085489,76.42,33.26,5.36,150.6,14 / 17,224745,2019-08-18 22:23:34:278,-0.364,0.1122,9.4955,-0.3906,0.3095,9.794,0.0018,0.0034,-0.0053
2249,46.5446,-1.085489,76.42,33.26,5.36,150.6,14 / 17,224846,2019-08-18 22:23:34:379,-0.5304,0.2481,9.8571,-0.3973,0.2977,9.7941,-0.0057,-0.003,-0.0042
2250,46.5446,-1.085489,76.42,33.26,5.36,150.6,14 / 17,224945,2019-08-18 22:23:34:478,-0.4927,0.3396,9.4901,-0.4177,0.2726,9.794,-0.0089,0.0002,-0.0032
2251,46.5446,-1.085489,76.42,33.26,5.36,150.6,14 / 17,225045,2019-08-18 22:23:34:578,-0.6382,0.1038,9.8846,-0.4288,0.2647,9.7937,0.0007,0.0002,-0.0021
2252,46.5446,-1.085489,76.42,33.26,5.36,150.6,14 / 17,225146,2019-08-18 22:23:34:679,-0.543,0.3342,9.8786,-0.4433,0.2542,9.7933,-0.0046,-0.0009,0.0
2253,46.5446,-1.085489,76.42,33.26,5.36,150.6,14 / 17,225245,2019-08-18 22:23:34:778,-0.6873,0.1792,9.8571,-0.4825,0.2603,9.7913,0.0039,0.0034,-0.0011
2254,46.5446,-1.085489,76.42,33.26,5.36,150.6,14 / 17,225346,2019-08-18 22:23:34:879,-0.6819,0.181,9.7954,-0.4805,0.2619,9.7914,-0.0004,-0.0158,-0.0011
2255,46.5446,-1.085489,76.42,33.26,5.36,150.6,14 / 17,225446,2019-08-18 22:23:34:979,-0.6633,0.1942,9.7571,-0.4973,0.2637,9.7905,0.0039,0.0045,-0.0021
2256,46.5446,-1.085489,76.42,33.26,5.36,150.6,14 / 17,225546,2019-08-18 22:23:35:079,-0.7022,0.2684,9.7637,-0.5104,0.2631,9.7898,-0.0046,-0.0062,-0.0021
2257,46.5446,-1.085489,76.42,33.26,5.36,150.6,14 / 17,225645,2019-08-18 22:23:35:178,-0.5454,0.29,9.7673,-0.5226,0.2563,9.7894,-0.0004,0.0066,-0.0042
2258,46.5446,-1.085489,76.42,33.26,5.36,150.6,14 / 17,225746,2019-08-18 22:23:35:279,-0.7908,0.3109,9.5901,-0.5252,0.2556,9.7892,0.0007,-0.0019,-0.0021
2259,46.5446,-1.085489,76.42,33.26,5.36,150.6,14 / 17,225845,2019-08-18 22:23:35:378,-0.6124,0.3366,9.5278,-0.5225,0.2547,9.7894,-0.0004,0.0045,-0.0032
2260,46.5446,-1.085489,76.42,33.26,5.36,150.6,14 / 17,225945,2019-08-18 22:23:35:478,-0.7028,0.2756,9.4614,-0.5301,0.2541,9.789,-0.0004,0.0055,-0.0011
2261,46.5446,-1.085489,76.42,33.26,5.36,150.6,14 / 17,226046,2019-08-18 22:23:35:579,-0.5819,0.269,9.7098,-0.5198,0.2579,9.7895,0.006,-0.0115,-0.0032
2262,46.5446,-1.085489,76.42,33.26,5.36,150.6,14 / 17,226145,2019-08-18 22:23:35:678,-0.6873,0.2738,9.635,-0.5199,0.2586,9.7894,0.0018,0.0034,-0.0042
2263,46.5446,-1.085489,76.42,33.26,5.36,150.6,14 / 17,226246,2019-08-18 22:23:35:779,-0.6998,0.2289,10.1521,-0.5159,0.2468,9.79,-0.0025,-0.0126,-0.0042
2264,46.5446,-1.085489,76.42,33.26,5.36,150.6,14 / 17,226345,2019-08-18 22:23:35:878,-0.7543,0.2912,9.5554,-0.5135,0.2503,9.79,-0.0036,0.0034,-0.0032
2265,46.5446,-1.085489,76.42,33.26,5.36,150.6,14 / 17,226446,2019-08-18 22:23:35:979,-0.7441,0.2301,9.6811,-0.5183,0.2499,9.7898,0.0018,-0.0019,-0.0021
2266,46.5446,-1.085489,76.42,33.26,5.36,150.6,14 / 17,226545,2019-08-18 22:23:36:078,-0.6507,0.2798,9.5578,-0.5139,0.2511,9.79,0.0028,-0.0009,-0.0011
2267,46.5446,-1.085489,76.42,33.26,5.36,150.6,14 / 17,226646,2019-08-18 22:23:36:179,-0.7878,0.3396,9.8128,-0.5117,0.2498,9.7901,0.0018,-0.0083,0.0
2268,46.5446,-1.085489,76.42,33.26,5.36,150.6,14 / 17,226746,2019-08-18 22:23:36:279,-0.6489,0.2163,9.6733,-0.4988,0.2511,9.7907,-0.0004,-0.0169,0.0
2269,46.5446,-1.085489,76.42,33.26,5.36,150.6,14 / 17,226845,2019-08-18 22:23:36:378,-0.4466,0.3684,9.6446,-0.4947,0.2602,9.7907,0.0028,0.0034,-0.0011
2270,46.5446,-1.085489,76.42,33.26,5.36,150.6,14 / 17,226946,2019-08-18 22:23:36:479,-0.4814,0.2935,9.7379,-0.4873,0.2634,9.791,0.0049,-0.0083,0.0011
2271,46.5446,-1.085489,76.42,33.26,5.36,150.6,14 / 17,227045,2019-08-18 22:23:36:578,-0.4077,0.4695,9.6907,-0.481,0.2837,9.7907,0.0113,0.0076,0.0053
2272,46.5446,-1.085489,76.42,33.26,5.36,150.6,14 / 17,227146,2019-08-18 22:23:36:679,-0.5897,0.6736,9.7427,-0.462,0.3158,9.7907,-0.0036,-0.0094,0.0075
2273,46.5446,-1.085489,76.42,33.26,5.36,150.6,14 / 17,227245,2019-08-18 22:23:36:778,-0.3778,0.4312,9.6817,-0.4044,0.3846,9.7908,0.0007,0.0023,0.0064
2274,46.5446,-1.085489,76.42,33.26,5.36,150.6,14 / 17,227345,2019-08-18 22:23:36:878,-0.4053,0.6287,9.3106,-0.3817,0.4343,9.7896,0.0039,0.0098,0.0064
2275,46.5446,-1.085489,76.42,33.26,5.36,150.6,14 / 17,227446,2019-08-18 22:23:36:979,-0.3712,0.5826,9.7703,-0.3719,0.4355,9.7899,-0.011,-0.0062,0.0085
2276,46.5446,-1.085489,76.42,33.26,5.36,150.6,14 / 17,227545,2019-08-18 22:23:37:078,-0.531,0.5575,9.6805,-0.3421,0.4699,9.7894,0.0018,0.0055,0.0064
2277,46.5446,-1.085489,76.42,33.26,5.36,150.6,14 / 17,227645,2019-08-18 22:23:37:178,-0.3521,0.4563,9.7026,-0.307,0.4818,9.79,-0.0014,-0.0126,0.0043
2278,46.5446,-1.085489,76.42,33.26,5.36,150.6,14 / 17,227745,2019-08-18 22:23:37:278,-0.3736,0.5916,9.72,-0.3051,0.4808,9.7901,-0.0078,0.0034,0.0043
2279,46.5446,-1.085489,76.42,33.26,5.36,150.6,14 / 17,227845,2019-08-18 22:23:37:378,-0.6124,0.4432,10.0941,-0.3075,0.4812,9.79,-0.0014,-0.0041,0.0053
2280,46.5446,-1.085489,76.42,33.26,5.36,150.6,14 / 17,227946,2019-08-18 22:23:37:479,-0.455,0.4109,9.6751,-0.304,0.4811,9.7901,-0.0014,-0.003,0.0053
2281,46.5446,-1.085489,76.42,33.26,5.36,150.6,14 / 17,228045,2019-08-18 22:23:37:578,-0.5286,0.509,9.532,-0.3024,0.4802,9.7902,-0.0014,-0.0073,0.0043
2282,46.5446,-1.085489,76.42,33.26,5.36,150.6,14 / 17,228145,2019-08-18 22:23:37:678,-0.4646,0.4001,9.8696,-0.2936,0.4799,9.7905,-0.0004,-0.0137,0.0075
2283,46.5446,-1.085489,76.42,33.26,5.36,150.6,14 / 17,228245,2019-08-18 22:23:37:778,-0.452,0.4546,9.8176,-0.2914,0.4866,9.7902,0.0049,-0.0051,0.0075
2284,46.5446,-1.085489,76.42,33.26,5.36,150.6,14 / 17,228346,2019-08-18 22:23:37:879,-0.4442,0.503,9.5949,-0.2991,0.4946,9.7896,-0.0046,0.0002,0.0053
2285,46.5446,-1.085489,76.42,33.26,5.36,150.6,14 / 17,228445,2019-08-18 22:23:37:978,-0.4885,0.6084,9.1939,-0.329,0.5129,9.7877,-0.0014,0.014,0.0043
2286,46.5446,-1.085489,76.42,33.26,5.36,150.6,14 / 17,228546,2019-08-18 22:23:38:079,-0.4053,0.5719,9.8301,-0.3377,0.5089,9.7876,-0.0057,0.0034,0.0022
2287,46.5446,-1.085489,76.42,33.26,5.36,150.6,14 / 17,228645,2019-08-18 22:23:38:178,-0.5741,0.336,9.5542,-0.3471,0.5062,9.7874,0.0018,0.0066,-0.0011
2288,46.5446,-1.085489,76.42,33.26,5.36,150.6,14 / 17,228746,2019-08-18 22:23:38:279,-0.4688,0.3528,9.6907,-0.3459,0.5047,9.7875,-0.0014,-0.0073,0.0
2289,46.5446,-1.085489,76.42,33.26,5.36,150.6,14 / 17,228846,2019-08-18 22:23:38:379,-0.5502,0.2672,9.8792,-0.3326,0.4931,9.7886,0.0028,-0.0115,-0.0021
2290,46.5446,-1.085489,76.42,33.26,5.36,150.6,14 / 17,228945,2019-08-18 22:23:38:478,-0.4801,0.5258,9.7475,-0.3321,0.4866,9.7889,-0.0078,-0.0009,0.0011
2291,46.5446,-1.085489,76.42,33.26,5.36,150.6,14 / 17,229046,2019-08-18 22:23:38:579,-0.5089,0.3767,9.9301,-0.3329,0.4552,9.7904,-0.0057,-0.0041,0.0011
2292,46.5446,-1.085489,76.42,33.26,5.36,150.6,14 / 17,229145,2019-08-18 22:23:38:678,-0.4107,0.366,9.5781,-0.3297,0.4285,9.7917,0.0028,0.0076,0.0
2293,46.5446,-1.085489,76.42,33.26,5.36,150.6,14 / 17,229246,2019-08-18 22:23:38:779,-0.4999,0.4516,9.6901,-0.3336,0.4266,9.7917,-0.0004,-0.0009,-0.0011
2294,46.5446,-1.085489,76.42,33.26,5.36,150.6,14 / 17,229346,2019-08-18 22:23:38:879,-0.5161,0.3145,9.6613,-0.3313,0.4209,9.792,-0.0046,-0.0019,-0.0021
2295,46.542316,-1.083666,80.49,32.42,5.36,150.2,Oct-17,229445,2019-08-18 22:23:38:978,-0.5185,0.3564,9.7409,-0.3175,0.3752,9.7943,-0.0014,0.0023,-0.0021
2296,46.542316,-1.083666,80.49,32.42,5.36,150.2,Oct-17,229545,2019-08-18 22:23:39:078,-0.531,0.4061,9.6464,-0.3124,0.3449,9.7956,0.0028,0.0013,-0.0011
2297,46.542316,-1.083666,80.49,32.42,5.36,150.2,Oct-17,229646,2019-08-18 22:23:39:179,-0.3898,0.4336,9.2938,-0.3043,0.3314,9.7963,0.0103,0.0087,-0.0011
2298,46.542316,-1.083666,80.49,32.42,5.36,150.2,Oct-17,229745,2019-08-18 22:23:39:278,-0.4472,0.3241,9.4207,-0.2959,0.3244,9.7968,-0.0036,0.0002,0.0
2299,46.542316,-1.083666,80.49,32.42,5.36,150.2,Oct-17,229846,2019-08-18 22:23:39:379,-0.3203,0.4839,9.8565,-0.2875,0.3302,9.7969,0.0018,0.0013,0.0
2300,46.542316,-1.083666,80.49,32.42,5.36,150.2,Oct-17,229945,2019-08-18 22:23:39:478,-0.3808,0.3732,10.0229,-0.2722,0.3313,9.7973,-0.0004,-0.0126,-0.0032
2301,46.542316,-1.083666,80.49,32.42,5.36,150.2,Oct-17,230046,2019-08-18 22:23:39:579,-0.4424,0.4216,9.969,-0.2705,0.3264,9.7975,-0.0046,0.0045,-0.0021
2302,46.542316,-1.083666,80.49,32.42,5.36,150.2,Oct-17,230146,2019-08-18 22:23:39:679,-0.315,0.2678,9.7834,-0.265,0.3239,9.7977,0.0007,-0.0051,-0.0032
2303,46.542316,-1.083666,80.49,32.42,5.36,150.2,Oct-17,230246,2019-08-18 22:23:39:779,-0.1905,0.2319,9.6482,-0.2392,0.3112,9.7988,-0.0004,-0.0019,-0.0032
2304,46.542316,-1.083666,80.49,32.42,5.36,150.2,Oct-17,230346,2019-08-18 22:23:39:879,-0.2581,0.3325,9.5261,-0.1887,0.2944,9.8004,-0.0036,-0.003,-0.0053
2305,46.542316,-1.083666,80.49,32.42,5.36,150.2,Oct-17,230445,2019-08-18 22:23:39:978,-0.1881,0.3097,9.6889,-0.1555,0.2845,9.8013,-0.0046,-0.0062,-0.0053
2306,46.542316,-1.083666,80.49,32.42,5.36,150.2,Oct-17,230545,2019-08-18 22:23:40:078,-0.1432,0.3402,9.2184,-0.1152,0.2737,9.8022,-0.0014,0.0034,-0.0032
2307,46.542316,-1.083666,80.49,32.42,5.36,150.2,Oct-17,230646,2019-08-18 22:23:40:179,-0.1246,0.2097,9.8044,-0.0933,0.2662,9.8026,-0.0025,-0.0041,-0.0032
2308,46.542316,-1.083666,80.49,32.42,5.36,150.2,Oct-17,230750,2019-08-18 22:23:40:283,0.0795,0.2516,9.5751,-0.0454,0.2546,9.8032,0.0081,0.0076,-0.0064
2309,46.542316,-1.083666,80.49,32.42,5.36,150.2,Oct-17,230845,2019-08-18 22:23:40:378,-0.0372,0.1367,10.1156,-0.0296,0.2472,9.8035,-0.0025,-0.0137,-0.0053
2310,46.542316,-1.083666,80.49,32.42,5.36,150.2,Oct-17,230946,2019-08-18 22:23:40:479,-0.0193,0.4318,9.8415,-0.0109,0.2453,9.8036,0.0018,-0.0041,-0.0032
2311,46.542316,-1.083666,80.49,32.42,5.36,150.2,Oct-17,231046,2019-08-18 22:23:40:579,0.0035,0.2546,9.9798,-0.0059,0.25,9.8035,0.0071,-0.0051,-0.0021
2312,46.542316,-1.083666,80.49,32.42,5.36,150.2,Oct-17,231146,2019-08-18 22:23:40:679,0.0316,0.3612,9.799,0.0073,0.2577,9.8033,0.0071,-0.0073,0.0011
2313,46.542316,-1.083666,80.49,32.42,5.36,150.2,Oct-17,231246,2019-08-18 22:23:40:779,0.028,0.527,9.7882,0.0284,0.2903,9.8023,0.006,0.0098,0.0022
2314,46.542316,-1.083666,80.49,32.42,5.36,150.2,Oct-17,231345,2019-08-18 22:23:40:878,-0.0366,0.3402,9.6051,0.0243,0.3002,9.802,0.0007,0.0034,0.0043
2315,46.542316,-1.083666,80.49,32.42,5.36,150.2,Oct-17,231445,2019-08-18 22:23:40:978,0.1292,0.5228,9.7625,0.0198,0.3046,9.8019,-0.0036,0.0076,0.0022
2316,46.542316,-1.083666,80.49,32.42,5.36,150.2,Oct-17,231545,2019-08-18 22:23:41:078,0.0867,0.4599,10.3461,0.0223,0.323,9.8013,0.0028,-0.0137,0.0011
2317,46.542316,-1.083666,80.49,32.42,5.36,150.2,Oct-17,231646,2019-08-18 22:23:41:179,0.1244,0.4695,10.0222,0.0244,0.3266,9.8012,-0.0046,0.0002,0.0011
2318,46.542316,-1.083666,80.49,32.42,5.36,150.2,Oct-17,231746,2019-08-18 22:23:41:279,0.0657,0.3331,9.9229,0.0201,0.3253,9.8012,-0.0068,-0.003,0.0032
2319,46.542316,-1.083666,80.49,32.42,5.36,150.2,Oct-17,231846,2019-08-18 22:23:41:379,0.0334,0.4294,9.8708,0.0218,0.3305,9.8011,0.0039,-0.0009,0.0053
2320,46.542316,-1.083666,80.49,32.42,5.36,150.2,Oct-17,231945,2019-08-18 22:23:41:478,0.0346,0.5545,9.5733,0.0074,0.3575,9.8001,0.0018,0.0076,0.0053
2321,46.542316,-1.083666,80.49,32.42,5.36,150.2,Oct-17,232046,2019-08-18 22:23:41:579,0.2321,0.3378,9.8169,0.0073,0.3645,9.7999,0.006,-0.0019,0.0043
2322,46.542316,-1.083666,80.49,32.42,5.36,150.2,Oct-17,232146,2019-08-18 22:23:41:679,0.1322,0.4288,9.6446,-0.0023,0.4002,9.7985,-0.0025,0.0013,0.0032
2323,46.542316,-1.083666,80.49,32.42,5.36,150.2,Oct-17,232246,2019-08-18 22:23:41:779,0.0161,0.4138,9.9456,-0.0114,0.4219,9.7976,-0.0014,-0.0073,0.0022
2324,46.542316,-1.083666,80.49,32.42,5.36,150.2,Oct-17,232346,2019-08-18 22:23:41:879,-0.2024,0.4402,9.6541,-0.0571,0.4453,9.7964,0.006,0.0119,0.0022
2325,46.542316,-1.083666,80.49,32.42,5.36,150.2,Oct-17,232445,2019-08-18 22:23:41:978,-0.3269,0.3624,9.9001,-0.074,0.4453,9.7963,-0.0014,0.0034,0.0032
2326,46.542316,-1.083666,80.49,32.42,5.36,150.2,Oct-17,232546,2019-08-18 22:23:42:079,-0.2677,0.2792,9.5578,-0.098,0.4427,9.7962,0.006,0.0087,0.0032
2327,46.542316,-1.083666,80.49,32.42,5.36,150.2,Oct-17,232645,2019-08-18 22:23:42:178,-0.4149,0.4204,9.6153,-0.16,0.4446,9.7953,-0.0036,0.0098,0.0032
2328,46.542316,-1.083666,80.49,32.42,5.36,150.2,Oct-17,232746,2019-08-18 22:23:42:279,-0.5406,0.3163,9.4782,-0.2219,0.4354,9.7945,-0.0036,0.0013,0.0011
2329,46.542316,-1.083666,80.49,32.42,5.36,150.2,Oct-17,232845,2019-08-18 22:23:42:378,-0.4879,0.1786,9.5572,-0.2781,0.4328,9.7931,0.0007,0.013,-0.0011
2330,46.542316,-1.083666,80.49,32.42,5.36,150.2,Oct-17,232946,2019-08-18 22:23:42:479,-0.6154,0.2379,9.7691,-0.3018,0.4221,9.7929,-0.0046,-0.0019,-0.0053
2331,46.542316,-1.083666,80.49,32.42,5.36,150.2,Oct-17,233046,2019-08-18 22:23:42:579,-0.7214,0.0607,9.6601,-0.3823,0.3848,9.7916,0.0007,0.0034,-0.0053
2332,46.542316,-1.083666,80.49,32.42,5.36,150.2,Oct-17,233146,2019-08-18 22:23:42:679,-0.7986,0.1876,9.7224,-0.4748,0.3368,9.7894,-0.0046,-0.0073,-0.0032
2333,46.542316,-1.083666,80.49,32.42,5.36,150.2,Oct-17,233246,2019-08-18 22:23:42:779,-0.7285,0.254,9.796,-0.5491,0.3125,9.7863,0.006,0.0055,0.0
2334,46.542316,-1.083666,80.49,32.42,5.36,150.2,Oct-17,233345,2019-08-18 22:23:42:878,-0.8315,0.1433,10.1228,-0.5653,0.3057,9.7856,0.0039,-0.0137,-0.0011
2335,46.542316,-1.083666,80.49,32.42,5.36,150.2,Oct-17,233446,2019-08-18 22:23:42:979,-0.7298,0.1272,9.4866,-0.5602,0.299,9.7861,-0.0025,0.0002,-0.0053
2336,46.542316,-1.083666,80.49,32.42,5.36,150.2,Oct-17,233546,2019-08-18 22:23:43:079,-0.9763,0.2726,9.3764,-0.5678,0.2989,9.7856,0.0028,0.0034,-0.0042
2337,46.542316,-1.083666,80.49,32.42,5.36,150.2,Oct-17,233646,2019-08-18 22:23:43:179,-0.7441,0.2355,9.7481,-0.5711,0.2976,9.7855,-0.0014,-0.0041,-0.0021
2338,46.542316,-1.083666,80.49,32.42,5.36,150.2,Oct-17,233746,2019-08-18 22:23:43:279,-0.8046,0.1822,9.7284,-0.6054,0.2703,9.7842,0.0018,-0.003,-0.0021
2339,46.542316,-1.083666,80.49,32.42,5.36,150.2,Oct-17,233846,2019-08-18 22:23:43:379,-0.8088,0.2199,9.9379,-0.6363,0.2463,9.7829,0.0039,-0.0019,-0.0021
2340,46.542316,-1.083666,80.49,32.42,5.36,150.2,Oct-17,233946,2019-08-18 22:23:43:479,-0.8171,0.2253,9.3034,-0.6511,0.2499,9.7818,0.0007,0.0108,-0.0021
2341,46.542316,-1.083666,80.49,32.42,5.36,150.2,Oct-17,234045,2019-08-18 22:23:43:578,-0.8824,0.3163,9.5494,-0.6604,0.2471,9.7813,-0.0046,0.0002,-0.0011
2342,46.542316,-1.083666,80.49,32.42,5.36,150.2,Oct-17,234145,2019-08-18 22:23:43:678,-0.8141,0.2846,9.4387,-0.6612,0.2535,9.7811,0.0039,-0.0009,0.0022
2343,46.542316,-1.083666,80.49,32.42,5.36,150.2,Oct-17,234245,2019-08-18 22:23:43:778,-0.8004,0.3169,9.4961,-0.6613,0.2794,9.7803,0.0028,-0.003,0.0043
2344,46.542316,-1.083666,80.49,32.42,5.36,150.2,Oct-17,234346,2019-08-18 22:23:43:879,-0.8644,0.4079,9.6601,-0.6613,0.311,9.7794,0.0039,-0.0019,0.0053
2345,46.542316,-1.083666,80.49,32.42,5.36,150.2,Oct-17,234445,2019-08-18 22:23:43:978,-0.798,0.527,9.31,-0.6613,0.3729,9.7772,0.0039,0.0023,0.0075
2346,46.542316,-1.083666,80.49,32.42,5.36,150.2,Oct-17,234546,2019-08-18 22:23:44:079,-0.7968,0.5312,9.9229,-0.6638,0.3915,9.7763,-0.0014,-0.0083,0.0053
2347,46.542316,-1.083666,80.49,32.42,5.36,150.2,Oct-17,234645,2019-08-18 22:23:44:178,-0.8297,0.5497,9.4979,-0.6671,0.3945,9.776,-0.0004,0.0066,0.0022
2348,46.542316,-1.083666,80.49,32.42,5.36,150.2,Oct-17,234746,2019-08-18 22:23:44:279,-0.7788,0.5324,9.8421,-0.6578,0.3962,9.7765,-0.0036,-0.0137,0.0043
2349,46.542316,-1.083666,80.49,32.42,5.36,150.2,Oct-17,234845,2019-08-18 22:23:44:378,-0.7136,0.5407,9.4848,-0.6544,0.404,9.7764,-0.0014,0.0108,0.0085
2350,46.542316,-1.083666,80.49,32.42,5.36,150.2,Oct-17,234946,2019-08-18 22:23:44:479,-0.804,0.5078,9.9917,-0.6531,0.4154,9.7761,0.0071,-0.0009,0.0096
2351,46.542316,-1.083666,80.49,32.42,5.36,150.2,Oct-17,235045,2019-08-18 22:23:44:578,-0.625,0.6192,9.4057,-0.6351,0.4256,9.7768,0.0007,-0.0041,0.0053
2352,46.542316,-1.083666,80.49,32.42,5.36,150.2,Oct-17,235146,2019-08-18 22:23:44:679,-0.6723,0.5976,9.4147,-0.6259,0.4485,9.7764,0.0028,0.0087,0.0043
2353,46.542316,-1.083666,80.49,32.42,5.36,150.2,Oct-17,235245,2019-08-18 22:23:44:778,-0.5639,0.6509,9.4883,-0.5839,0.4838,9.7773,-0.0036,-0.0062,0.0064
2354,46.542316,-1.083666,80.49,32.42,5.36,150.2,Oct-17,235346,2019-08-18 22:23:44:879,-0.6256,0.676,9.4859,-0.568,0.5032,9.7772,-0.0025,0.0045,0.0064
2355,46.542316,-1.083666,80.49,32.42,5.36,150.2,Oct-17,235445,2019-08-18 22:23:44:978,-0.6483,0.6251,9.5243,-0.5554,0.5128,9.7775,0.0007,-0.0051,0.0085
2356,46.542316,-1.083666,80.49,32.42,5.36,150.2,Oct-17,235545,2019-08-18 22:23:45:078,-0.6711,0.7915,9.7212,-0.5547,0.5308,9.7766,0.0007,0.0045,0.0075
2357,46.542316,-1.083666,80.49,32.42,5.36,150.2,Oct-17,235645,2019-08-18 22:23:45:178,-0.6418,0.6275,9.5536,-0.5567,0.5331,9.7763,-0.0004,-0.0019,0.0075
2358,46.542316,-1.083666,80.49,32.42,5.36,150.2,Oct-17,235745,2019-08-18 22:23:45:278,-0.7896,0.7377,9.5003,-0.5686,0.5434,9.7751,-0.0004,-0.0019,0.0075
2359,46.542316,-1.083666,80.49,32.42,5.36,150.2,Oct-17,235845,2019-08-18 22:23:45:378,-0.7321,0.4635,9.4818,-0.6023,0.5527,9.7725,0.0007,0.0108,0.0075
2360,46.542316,-1.083666,80.49,32.42,5.36,150.2,Oct-17,235946,2019-08-18 22:23:45:479,-0.7603,0.5779,9.538,-0.6307,0.5562,9.7705,-0.0025,-0.0009,0.0075
2361,46.542316,-1.083666,80.49,32.42,5.36,150.2,Oct-17,236046,2019-08-18 22:23:45:579,-0.5101,0.4462,9.3734,-0.645,0.5721,9.7687,0.0018,0.013,0.0085
2362,46.542316,-1.083666,80.49,32.42,5.36,150.2,Oct-17,236146,2019-08-18 22:23:45:679,-0.7986,0.4653,9.7284,-0.6841,0.5564,9.7669,0.0039,0.0023,0.0085
2363,46.542316,-1.083666,80.49,32.42,5.36,150.2,Oct-17,236246,2019-08-18 22:23:45:779,-0.5867,0.4947,9.3704,-0.6953,0.5609,9.7659,-0.0014,0.014,0.0085
2364,46.542316,-1.083666,80.49,32.42,5.36,150.2,Oct-17,236345,2019-08-18 22:23:45:878,-0.6992,0.4336,9.6332,-0.7084,0.5629,9.7648,-0.0036,0.0076,0.0075
2365,46.542316,-1.083666,80.49,32.42,5.36,150.2,Oct-17,236446,2019-08-18 22:23:45:979,-0.6047,0.3331,9.8451,-0.7215,0.5637,9.7638,-0.0004,-0.0051,0.0053
2366,46.542316,-1.083666,80.49,32.42,5.36,150.2,Oct-17,236545,2019-08-18 22:23:46:078,-0.6705,0.3702,10.1677,-0.7238,0.5627,9.7637,0.0007,-0.0019,0.0053
2367,46.542316,-1.083666,80.49,32.42,5.36,150.2,Oct-17,236645,2019-08-18 22:23:46:178,-0.4233,0.2846,10.1198,-0.7299,0.5532,9.7638,-0.0014,-0.0169,0.0032
2368,46.542316,-1.083666,80.49,32.42,5.36,150.2,Oct-17,236746,2019-08-18 22:23:46:279,-0.4736,0.4516,9.869,-0.7276,0.5381,9.7648,-0.0036,-0.0019,0.0022
2369,46.542316,-1.083666,80.49,32.42,5.36,150.2,Oct-17,236845,2019-08-18 22:23:46:378,-0.604,0.439,9.8876,-0.7272,0.5329,9.7651,-0.0014,-0.0041,0.0022
2370,46.542316,-1.083666,80.49,32.42,5.36,150.2,Oct-17,236946,2019-08-18 22:23:46:479,-0.6675,0.3582,9.6517,-0.7219,0.5271,9.7658,-0.0025,0.0055,0.0032
2371,46.542316,-1.083666,80.49,32.42,5.36,150.2,Oct-17,237045,2019-08-18 22:23:46:578,-0.4724,0.4612,9.7978,-0.7088,0.5105,9.7677,0.0018,-0.0019,0.0064
2372,46.542316,-1.083666,80.49,32.42,5.36,150.2,Oct-17,237146,2019-08-18 22:23:46:679,-0.6208,0.4773,9.7966,-0.6995,0.5134,9.7682,-0.0014,-0.003,0.0075
2373,46.542316,-1.083666,80.49,32.42,5.36,150.2,Oct-17,237246,2019-08-18 22:23:46:779,-0.6029,0.6988,10.0444,-0.6971,0.5244,9.7678,-0.0025,0.0066,0.0075
2374,46.542316,-1.083666,80.49,32.42,5.36,150.2,Oct-17,237345,2019-08-18 22:23:46:878,-0.8171,0.6629,9.9762,-0.6991,0.5283,9.7674,0.0007,-0.0041,0.0053
2375,46.542316,-1.083666,80.49,32.42,5.36,150.2,Oct-16,237446,2019-08-18 22:23:46:979,-0.8016,0.5569,9.6344,-0.6813,0.5208,9.7691,-0.0014,0.0002,0.0032
2376,46.542316,-1.083666,80.49,32.42,5.36,150.2,Oct-16,237545,2019-08-18 22:23:47:078,-0.8495,0.6784,9.626,-0.6681,0.511,9.7705,-0.0068,-0.0073,0.0011
2377,46.542316,-1.083666,80.49,32.42,5.36,150.2,Oct-16,237645,2019-08-18 22:23:47:178,-0.7884,0.5605,9.4034,-0.6559,0.5029,9.7718,-0.0046,0.0034,0.0043
2378,46.542316,-1.083666,80.49,32.42,5.36,150.2,Oct-16,237746,2019-08-18 22:23:47:279,-0.7208,0.6335,9.4399,-0.6409,0.4955,9.7731,0.0028,0.013,0.0064
2379,46.542316,-1.083666,80.49,32.42,5.36,150.2,Oct-16,237845,2019-08-18 22:23:47:378,-0.7603,0.4671,9.3866,-0.627,0.4837,9.7746,-0.0014,-0.0083,0.0085
2380,46.542316,-1.083666,80.49,32.42,5.36,150.2,Oct-16,237946,2019-08-18 22:23:47:479,-0.7513,0.4935,9.5925,-0.6105,0.4936,9.7752,-0.0068,0.0002,0.0075
2381,46.542316,-1.083666,80.49,32.42,5.36,150.2,Oct-16,238045,2019-08-18 22:23:47:578,-0.7375,0.6952,10.0821,-0.6065,0.4953,9.7753,-0.0057,-0.0041,0.0053
2382,46.542316,-1.083666,80.49,32.42,5.36,150.2,Oct-16,238145,2019-08-18 22:23:47:678,-0.6076,0.7371,9.7308,-0.6046,0.4953,9.7755,-0.0046,0.0023,0.0032
2383,46.542316,-1.083666,80.49,32.42,5.36,150.2,Oct-16,238246,2019-08-18 22:23:47:779,-0.54,0.4737,9.7272,-0.6041,0.4929,9.7756,-0.0004,-0.0051,0.0043
2384,46.542316,-1.083666,80.49,32.42,5.36,150.2,Oct-16,238345,2019-08-18 22:23:47:878,-0.5532,0.3139,9.7649,-0.5966,0.489,9.7763,-0.0036,-0.0041,0.0064
2385,46.542316,-1.083666,80.49,32.42,5.36,150.2,Oct-16,238446,2019-08-18 22:23:47:979,-0.373,0.2804,9.8433,-0.6079,0.4865,9.7757,-0.0036,0.0172,0.0064
2386,46.542316,-1.083666,80.49,32.42,5.36,150.2,Oct-16,238546,2019-08-18 22:23:48:079,-0.5215,0.2313,10.227,-0.6504,0.4828,9.7731,-0.0025,-0.003,0.0064
2387,46.542316,-1.083666,80.49,32.42,5.36,150.2,Oct-16,238645,2019-08-18 22:23:48:178,-0.6789,0.1978,10.0965,-0.6743,0.4862,9.7713,0.0049,0.0013,0.0032
2388,46.542316,-1.083666,80.49,32.42,5.36,150.2,Oct-16,238746,2019-08-18 22:23:48:279,-0.5981,0.3971,9.6517,-0.6896,0.4655,9.7713,0.0018,-0.0105,0.0011
2389,46.542316,-1.083666,80.49,32.42,5.36,150.2,Oct-16,238845,2019-08-18 22:23:48:378,-0.9141,0.6192,9.6931,-0.6862,0.4653,9.7715,-0.0004,-0.003,0.0022
2390,46.542316,-1.083666,80.49,32.42,5.36,150.2,Oct-16,238945,2019-08-18 22:23:48:478,-0.8806,0.6886,10.1138,-0.6902,0.4562,9.7717,-0.0089,-0.003,0.0085
2391,46.542316,-1.083666,80.49,32.42,5.36,150.2,Oct-16,239046,2019-08-18 22:23:48:579,-0.8662,0.6593,10.0217,-0.684,0.4626,9.7718,0.006,-0.0094,0.0117
2392,46.542316,-1.083666,80.49,32.42,5.36,150.2,Oct-16,239145,2019-08-18 22:23:48:678,-0.8219,0.5108,8.97,-0.6889,0.482,9.7705,0.0028,0.0215,0.0128
2393,46.542316,-1.083666,80.49,32.42,5.36,150.2,Oct-16,239246,2019-08-18 22:23:48:779,-0.8118,0.7287,9.5829,-0.6935,0.49,9.7698,0.0028,0.0034,0.0117
2394,46.542316,-1.083666,80.49,32.42,5.36,150.2,Oct-16,239345,2019-08-18 22:23:48:878,-0.807,0.679,9.7218,-0.6836,0.5054,9.7697,0.0028,-0.0041,0.0128
2395,46.542316,-1.083666,80.49,32.42,5.36,150.2,Oct-16,239446,2019-08-18 22:23:48:979,-0.4933,0.8843,9.8187,-0.6828,0.5118,9.7695,-0.0025,0.0034,0.0117
2396,46.542316,-1.083666,80.49,32.42,5.36,150.2,Oct-16,239545,2019-08-18 22:23:49:078,-0.522,0.5958,9.7403,-0.6764,0.5328,9.7688,0.0018,-0.0019,0.0117
2397,46.542316,-1.083666,80.49,32.42,5.36,150.2,Oct-16,239645,2019-08-18 22:23:49:178,-0.5807,0.6275,9.8092,-0.68,0.5482,9.7677,-0.0036,0.0087,0.0128
2398,46.542316,-1.083666,80.49,32.42,5.36,150.2,Oct-16,239746,2019-08-18 22:23:49:279,-0.5011,0.6407,10.1078,-0.6915,0.5568,9.7664,0.0081,0.0023,0.0107
2399,46.542316,-1.083666,80.49,32.42,5.36,150.2,Oct-16,239845,2019-08-18 22:23:49:378,-0.807,0.7006,9.9522,-0.697,0.5606,9.7658,0.0007,-0.0051,0.0117
2400,46.542316,-1.083666,80.49,32.42,5.36,150.2,Oct-16,239946,2019-08-18 22:23:49:479,-0.8872,0.7604,9.784,-0.6926,0.5638,9.7659,-0.0046,-0.0115,0.0096
2401,46.542316,-1.083666,80.49,32.42,5.36,150.2,Oct-16,240045,2019-08-18 22:23:49:578,-0.9793,0.7526,9.6793,-0.6948,0.5754,9.7651,0.0007,-0.0094,0.0107
2402,46.542316,-1.083666,80.49,32.42,5.36,150.2,Oct-16,240145,2019-08-18 22:23:49:678,-1.0464,0.6772,9.7625,-0.7172,0.5885,9.7627,0.0007,0.0162,0.0117
2403,46.542316,-1.083666,80.49,32.42,5.36,150.2,Oct-16,240246,2019-08-18 22:23:49:779,-1.1876,0.767,9.7439,-0.7273,0.5889,9.7619,-0.0025,0.0034,0.0117
2404,46.542316,-1.083666,80.49,32.42,5.36,150.2,Oct-16,240345,2019-08-18 22:23:49:878,-1.0739,0.4719,9.4297,-0.7375,0.5879,9.7612,-0.0025,0.0045,0.0128
2405,46.542316,-1.083666,80.49,32.42,5.36,150.2,Oct-16,240445,2019-08-18 22:23:49:978,-1.0913,0.5078,9.4273,-0.7531,0.5911,9.7598,-0.0004,0.0045,0.0096
2406,46.542316,-1.083666,80.49,32.42,5.36,150.2,Oct-16,240545,2019-08-18 22:23:50:078,-1.0219,0.4073,9.7834,-0.8032,0.5897,9.7559,-0.0089,-0.0051,0.0107
2407,46.542316,-1.083666,80.49,32.42,5.36,150.2,Oct-16,240646,2019-08-18 22:23:50:179,-0.9602,0.4563,9.556,-0.8566,0.5882,9.7514,-0.0089,0.0076,0.0085
2408,46.542316,-1.083666,80.49,32.42,5.36,150.2,Oct-16,240745,2019-08-18 22:23:50:278,-1.1104,0.6401,9.7026,-0.8797,0.5843,9.7496,-0.0036,-0.0009,0.0085
2409,46.542316,-1.083666,80.49,32.42,5.36,150.2,Oct-16,240846,2019-08-18 22:23:50:379,-1.4839,0.685,9.6631,-0.9267,0.5782,9.7456,-0.0014,-0.0019,0.0096
2410,46.542316,-1.083666,80.49,32.42,5.36,150.2,Oct-16,240948,2019-08-18 22:23:50:481,-1.5198,0.5713,9.6931,-1.0075,0.5793,9.7375,0.0007,-0.0051,0.0107
2411,46.542316,-1.083666,80.49,32.42,5.36,150.2,Oct-16,241045,2019-08-18 22:23:50:578,-1.3636,0.685,9.6512,-1.0113,0.5792,9.7372,0.0039,-0.0073,0.0117
2412,46.542316,-1.083666,80.49,32.42,5.36,150.2,Oct-16,241145,2019-08-18 22:23:50:678,-1.4235,0.5216,9.6613,-1.0313,0.5756,9.7353,-0.0025,0.0076,0.0096
2413,46.542316,-1.083666,80.49,32.42,5.36,150.2,Oct-16,241246,2019-08-18 22:23:50:779,-1.439,0.4857,9.9971,-1.122,0.5663,9.7258,0.0018,0.0023,0.0075
2414,46.542316,-1.083666,80.49,32.42,5.36,150.2,Oct-16,241345,2019-08-18 22:23:50:878,-1.3666,0.4743,9.7948,-1.1852,0.5486,9.7193,-0.0078,0.0013,0.0064
2415,46.542316,-1.083666,80.49,32.42,5.36,150.2,Oct-16,241445,2019-08-18 22:23:50:978,-1.554,0.3025,10.3114,-1.2658,0.5069,9.7114,-0.0004,-0.0062,0.0043
2416,46.542316,-1.083666,80.49,32.42,5.36,150.2,Oct-16,241546,2019-08-18 22:23:51:079,-1.4923,0.4049,9.7667,-1.312,0.4781,9.7067,-0.0057,-0.0041,0.0064
2417,46.542316,-1.083666,80.49,32.42,5.36,150.2,Oct-16,241645,2019-08-18 22:23:51:178,-1.5324,0.421,9.3411,-1.3321,0.4736,9.7042,-0.0014,0.0119,0.0075
2418,46.542316,-1.083666,80.49,32.42,5.36,150.2,Oct-16,241745,2019-08-18 22:23:51:278,-1.5402,0.345,9.395,-1.3421,0.4767,9.7027,0.006,-0.0009,0.0075
2419,46.542316,-1.083666,80.49,32.42,5.36,150.2,Oct-16,241846,2019-08-18 22:23:51:379,-1.5893,0.6605,9.5398,-1.4037,0.4823,9.6937,0.0018,0.0087,0.0085
2420,46.542316,-1.083666,80.49,32.42,5.36,150.2,Oct-16,241946,2019-08-18 22:23:51:479,-1.4402,0.4498,9.7385,-1.4344,0.4751,9.6895,0.0028,0.0055,0.0075
2421,46.542316,-1.083666,80.49,32.42,5.36,150.2,Oct-16,242045,2019-08-18 22:23:51:578,-1.4731,0.3642,10.2222,-1.44,0.4728,9.6888,0.006,-0.0094,0.0053
2422,46.542316,-1.083666,80.49,32.42,5.36,150.2,Oct-16,242145,2019-08-18 22:23:51:678,-1.439,0.4174,9.6931,-1.4383,0.4741,9.689,0.0018,-0.003,0.0043
2423,46.542316,-1.083666,80.49,32.42,5.36,150.2,Oct-16,242246,2019-08-18 22:23:51:779,-0.8908,0.2672,10.0246,-1.4111,0.4656,9.6934,-0.0078,-0.0115,0.0043
2424,46.542316,-1.083666,80.49,32.42,5.36,150.2,Oct-16,242346,2019-08-18 22:23:51:879,-0.8943,0.6419,9.5243,-1.384,0.4599,9.6976,-0.01,-0.0147,0.0043
2425,46.542316,-1.083666,80.49,32.42,5.36,150.2,Oct-16,242446,2019-08-18 22:23:51:979,-0.865,0.2199,10.112,-1.345,0.4565,9.7032,0.006,-0.0169,0.0053
2426,46.542316,-1.083666,80.49,32.42,5.36,150.2,Oct-16,242545,2019-08-18 22:23:52:078,-0.877,0.5198,9.9941,-1.316,0.4617,9.707,0.0081,-0.0126,0.0064
2427,46.542316,-1.083666,80.49,32.42,5.36,150.2,Oct-16,242646,2019-08-18 22:23:52:179,-0.8519,0.6072,9.1813,-1.3109,0.4621,9.7076,-0.0057,0.0236,0.0064
2428,46.542316,-1.083666,80.49,32.42,5.36,150.2,Oct-16,242746,2019-08-18 22:23:52:279,-0.9321,0.4085,9.2364,-1.3136,0.4583,9.7075,-0.0057,0.0194,0.0064
2429,46.542316,-1.083666,80.49,32.42,5.36,150.2,Oct-16,242845,2019-08-18 22:23:52:378,-0.9362,0.6078,9.4411,-1.3008,0.4585,9.7092,-0.0014,-0.0019,0.0075
2430,46.542316,-1.083666,80.49,32.42,5.36,150.2,Oct-16,242946,2019-08-18 22:23:52:479,-0.786,0.2385,9.8511,-1.2856,0.4592,9.7112,-0.0014,-0.0009,0.0075
2431,46.542316,-1.083666,80.49,32.42,5.36,150.2,Oct-16,243045,2019-08-18 22:23:52:578,-0.9171,0.5348,9.9426,-1.2641,0.462,9.7139,0.0018,-0.0041,0.0075
2432,46.542316,-1.083666,80.49,32.42,5.36,150.2,Oct-16,243146,2019-08-18 22:23:52:679,-0.9201,0.3396,9.7727,-1.2102,0.4645,9.7206,0.0039,-0.0019,0.0064
2433,46.542316,-1.083666,80.49,32.42,5.36,150.2,Oct-16,243245,2019-08-18 22:23:52:778,-0.889,0.3708,9.614,-1.1195,0.4671,9.7313,-0.0036,0.0055,0.0064
2434,46.542316,-1.083666,80.49,32.42,5.36,150.2,Oct-16,243346,2019-08-18 22:23:52:879,-0.8866,0.3815,10.1336,-1.0723,0.4589,9.737,-0.0025,-0.0062,0.0075
2435,46.542316,-1.083666,80.49,32.42,5.36,150.2,Oct-16,243445,2019-08-18 22:23:52:978,-0.9063,0.2828,9.5105,-1.0654,0.4603,9.7377,0.0081,0.0108,0.0053
2436,46.542316,-1.083666,80.49,32.42,5.36,150.2,Oct-16,243546,2019-08-18 22:23:53:079,-1.0224,0.4988,10.024,-1.0676,0.4615,9.7374,-0.0014,0.0034,0.0064
2437,46.542316,-1.083666,80.49,32.42,5.36,150.2,Oct-16,243646,2019-08-18 22:23:53:179,-1.0165,0.4324,9.9367,-1.04,0.4581,9.7406,-0.0046,-0.0243,0.0075
2438,46.542316,-1.083666,80.49,32.42,5.36,150.2,Oct-16,243746,2019-08-18 22:23:53:279,-1.0769,0.5312,9.6464,-1.0314,0.4616,9.7413,0.0018,-0.0019,0.0075
2439,46.542316,-1.083666,80.49,32.42,5.36,150.2,Oct-16,243845,2019-08-18 22:23:53:378,-1.0356,0.5773,9.7816,-1.0458,0.4653,9.7396,0.006,0.0108,0.0096
2440,46.542316,-1.083666,80.49,32.42,5.36,150.2,Oct-16,243945,2019-08-18 22:23:53:478,-1.1787,0.4001,9.7104,-1.0443,0.4651,9.7398,-0.0025,-0.0041,0.0085
2441,46.542316,-1.083666,80.49,32.42,5.36,150.2,Oct-16,244045,2019-08-18 22:23:53:578,-0.9799,0.4133,9.486,-1.0506,0.4871,9.738,0.0039,0.014,0.0075
2442,46.542316,-1.083666,80.49,32.42,5.36,150.2,Oct-16,244145,2019-08-18 22:23:53:678,-0.9752,0.5557,10.0755,-1.0541,0.4913,9.7374,0.0028,-0.0009,0.0085
2443,46.542316,-1.083666,80.49,32.42,5.36,150.2,Oct-16,244245,2019-08-18 22:23:53:778,-0.9165,0.4402,9.7625,-1.0482,0.4867,9.7383,0.0049,-0.0073,0.0075
2444,46.542316,-1.083666,80.49,32.42,5.36,150.2,Oct-16,244345,2019-08-18 22:23:53:878,-1.2493,0.5461,9.5614,-1.059,0.4943,9.7368,0.006,0.0034,0.0064
2445,46.542316,-1.083666,80.49,32.42,5.36,150.2,Oct-16,244445,2019-08-18 22:23:53:978,-1.0482,0.4947,10.2294,-1.0549,0.491,9.7374,0.0028,-0.0105,0.0064
2446,46.542316,-1.083666,80.49,32.42,5.36,150.2,Oct-16,244546,2019-08-18 22:23:54:079,-1.0488,0.5096,10.5993,-1.0526,0.487,9.7378,-0.0057,-0.0009,0.0064
2447,46.542316,-1.083666,80.49,32.42,5.36,150.2,Oct-16,244646,2019-08-18 22:23:54:179,-1.1039,0.421,9.7852,-1.0625,0.4812,9.737,-0.0036,0.0087,0.0053
2448,46.542316,-1.083666,80.49,32.42,5.36,150.2,Oct-16,244746,2019-08-18 22:23:54:279,-1.0667,0.4803,9.5189,-1.0553,0.4781,9.738,-0.0046,-0.0158,0.0064
2449,46.542316,-1.083666,80.49,32.42,5.36,150.2,Oct-16,244846,2019-08-18 22:23:54:379,-1.0021,0.3905,9.6027,-1.0506,0.4586,9.7394,-0.0036,0.013,0.0053
2450,46.542316,-1.083666,80.49,32.42,5.36,150.2,Oct-16,244945,2019-08-18 22:23:54:478,-1.0643,0.5114,9.4991,-1.0655,0.4602,9.7377,0.0028,0.014,0.0075
2451,46.542316,-1.083666,80.49,32.42,5.36,150.2,Oct-16,245046,2019-08-18 22:23:54:579,-1.0919,0.3899,9.7978,-1.0627,0.4705,9.7375,0.0081,-0.0083,0.0096
2452,46.542316,-1.083666,80.49,32.42,5.36,150.2,Oct-16,245145,2019-08-18 22:23:54:678,-1.0949,0.4689,9.817,-1.0596,0.4674,9.738,-0.0057,0.0002,0.0085
2453,46.542316,-1.083666,80.49,32.42,5.36,150.2,Oct-16,245246,2019-08-18 22:23:54:779,-1.1044,0.4695,9.9732,-1.0764,0.4694,9.7361,0.0028,0.013,0.0053
2454,46.542316,-1.083666,80.49,32.42,5.36,150.2,Oct-16,245346,2019-08-18 22:23:54:879,-1.2361,0.3624,9.6637,-1.0728,0.4696,9.7365,-0.0057,-0.0137,0.0043
2455,46.542316,-1.083666,80.49,32.42,5.36,150.2,Oct-16,245445,2019-08-18 22:23:54:978,-1.0398,0.372,9.6224,-1.0746,0.4535,9.737,-0.0142,0.0087,0.0043
2456,46.542316,-1.083666,80.49,32.42,5.36,150.2,Oct-16,245546,2019-08-18 22:23:55:079,-1.0817,0.2888,10.2431,-1.094,0.4326,9.7358,0.0103,-0.0051,0.0064
2457,46.542316,-1.083666,80.49,32.42,5.36,150.2,Oct-16,245646,2019-08-18 22:23:55:179,-1.1805,0.5024,9.7493,-1.0904,0.4286,9.7364,-0.0025,-0.0147,0.0075
2458,46.542316,-1.083666,80.49,32.42,5.36,150.2,Oct-16,245746,2019-08-18 22:23:55:279,-1.0272,0.4294,9.5919,-1.0997,0.4168,9.7359,-0.0046,0.0098,0.0053
2459,46.542316,-1.083666,80.49,32.42,5.36,150.2,Oct-16,245845,2019-08-18 22:23:55:378,-1.0787,0.363,10.0983,-1.099,0.4199,9.7358,0.0049,-0.0083,0.0075
2460,46.542316,-1.083666,80.49,32.42,5.36,150.2,Oct-16,245945,2019-08-18 22:23:55:478,-1.105,0.4252,9.6517,-1.0865,0.4223,9.7371,-0.0004,-0.0041,0.0053
2461,46.542316,-1.083666,80.49,32.42,5.36,150.2,Oct-16,246046,2019-08-18 22:23:55:579,-1.1212,0.6216,9.7008,-1.0874,0.4179,9.7372,-0.0068,0.0098,0.0053
2462,46.542316,-1.083666,80.49,32.42,5.36,150.2,Oct-16,246146,2019-08-18 22:23:55:679,-0.9398,0.4444,9.6655,-1.0951,0.4245,9.7361,-0.0036,0.0108,0.0075
2463,46.542316,-1.083666,80.49,32.42,5.36,150.2,Oct-16,246246,2019-08-18 22:23:55:779,-1.111,0.4121,9.9349,-1.095,0.4281,9.7359,0.0081,-0.0041,0.0053
2464,46.542316,-1.083666,80.49,32.42,5.36,150.2,Oct-16,246346,2019-08-18 22:23:55:879,-0.8291,0.5078,10.0253,-1.0786,0.4236,9.7379,-0.01,-0.0073,0.0053
2465,46.538235,-1.080073,81.99,26.01,8.576,145.7,Aug-15,246445,2019-08-18 22:23:55:978,-1.0757,0.4037,10.2006,-1.0753,0.4189,9.7385,-0.011,-0.0041,0.0043
2466,46.538235,-1.080073,81.99,26.01,8.576,145.7,Aug-15,246546,2019-08-18 22:23:56:079,-1.0817,0.4534,9.5278,-1.0664,0.4111,9.7398,-0.0089,0.0087,0.0053
2467,46.538235,-1.080073,81.99,26.01,8.576,145.7,Aug-15,246645,2019-08-18 22:23:56:178,-1.1882,0.3438,9.9881,-1.0782,0.3952,9.7392,-0.0036,0.0098,0.0043
2468,46.538235,-1.080073,81.99,26.01,8.576,145.7,Aug-15,246746,2019-08-18 22:23:56:279,-1.4696,0.3271,10.133,-1.0873,0.3918,9.7383,-0.0036,-0.0051,0.0064
2469,46.538235,-1.080073,81.99,26.01,8.576,145.7,Aug-15,246846,2019-08-18 22:23:56:379,-1.3241,0.4007,9.7385,-1.0998,0.3908,9.7369,0.0018,0.0098,0.0064
2470,46.538235,-1.080073,81.99,26.01,8.576,145.7,Aug-15,246946,2019-08-18 22:23:56:479,-1.4642,0.4282,9.8128,-1.1871,0.3951,9.7265,-0.0004,0.013,0.0053
2471,46.538235,-1.080073,81.99,26.01,8.576,145.7,Aug-15,247046,2019-08-18 22:23:56:579,-1.7341,0.2343,9.8086,-1.2259,0.3959,9.7217,-0.0014,-0.0073,0.0064
2472,46.538235,-1.080073,81.99,26.01,8.576,145.7,Aug-15,247145,2019-08-18 22:23:56:678,-1.4229,0.366,9.2226,-1.2488,0.3976,9.7187,0.0007,0.0034,0.0064
2473,46.538235,-1.080073,81.99,26.01,8.576,145.7,Aug-15,247246,2019-08-18 22:23:56:779,-1.1757,0.3935,9.9151,-1.2342,0.4003,9.7204,0.0028,-0.0169,0.0064
2474,46.538235,-1.080073,81.99,26.01,8.576,145.7,Aug-15,247345,2019-08-18 22:23:56:878,-0.9345,0.3953,9.8804,-1.2001,0.4035,9.7246,-0.0014,-0.0051,0.0043
2475,46.538235,-1.080073,81.99,26.01,8.576,145.7,Aug-15,247445,2019-08-18 22:23:56:978,-0.8572,0.5593,9.8469,-1.1853,0.4008,9.7265,-0.0089,-0.0137,0.0043
2476,46.538235,-1.080073,81.99,26.01,8.576,145.7,Aug-15,247545,2019-08-18 22:23:57:078,-0.7274,0.3654,9.3854,-1.1738,0.3957,9.7281,-0.0014,0.014,0.0032
2477,46.538235,-1.080073,81.99,26.01,8.576,145.7,Aug-15,247645,2019-08-18 22:23:57:178,-0.7543,0.3277,9.556,-1.1661,0.3978,9.7289,0.006,0.0034,0.0043
2478,46.538235,-1.080073,81.99,26.01,8.576,145.7,Aug-15,247745,2019-08-18 22:23:57:278,-0.5699,0.518,9.6709,-1.0951,0.4028,9.737,-0.0057,-0.0094,0.0032
2479,46.538235,-1.080073,81.99,26.01,8.576,145.7,Aug-15,247846,2019-08-18 22:23:57:379,-0.6908,0.3277,9.8223,-0.9992,0.3984,9.7475,-0.0036,-0.0041,0.0053
2480,46.538235,-1.080073,81.99,26.01,8.576,145.7,Aug-15,247946,2019-08-18 22:23:57:479,-0.5915,0.433,10.2521,-0.9703,0.4012,9.7503,-0.0004,-0.0094,0.0085
2481,46.538235,-1.080073,81.99,26.01,8.576,145.7,Aug-15,248045,2019-08-18 22:23:57:578,-0.7603,0.5449,9.6727,-0.9621,0.4031,9.751,-0.0036,0.0066,0.0107
2482,46.538235,-1.080073,81.99,26.01,8.576,145.7,Aug-15,248145,2019-08-18 22:23:57:678,-0.5101,0.5587,9.8894,-0.9485,0.4095,9.7521,-0.0004,-0.0009,0.0107
2483,46.538235,-1.080073,81.99,26.01,8.576,145.7,Aug-15,248246,2019-08-18 22:23:57:779,-0.6382,0.5617,9.711,-0.92,0.4304,9.7539,0.0028,0.0055,0.0096
2484,46.538235,-1.080073,81.99,26.01,8.576,145.7,Aug-15,248346,2019-08-18 22:23:57:879,-0.6358,0.436,9.5979,-0.8389,0.4692,9.7594,-0.0004,0.0066,0.0117
2485,46.538235,-1.080073,81.99,26.01,8.576,145.7,Aug-15,248446,2019-08-18 22:23:57:979,-1.1996,0.4438,9.7319,-0.8362,0.5044,9.7579,0.006,0.0172,0.0117
2486,46.538235,-1.080073,81.99,26.01,8.576,145.7,Aug-15,248545,2019-08-18 22:23:58:078,-1.4247,0.4899,9.6051,-0.855,0.5041,9.7563,-0.0014,-0.0073,0.0117
2487,46.538235,-1.080073,81.99,26.01,8.576,145.7,Aug-15,248645,2019-08-18 22:23:58:178,-1.3768,0.6838,9.638,-0.8614,0.5019,9.7558,-0.011,-0.0073,0.0117
2488,46.538235,-1.080073,81.99,26.01,8.576,145.7,Aug-15,248745,2019-08-18 22:23:58:278,0.4757,0.5785,9.8002,-0.8548,0.506,9.7562,-0.0004,-0.0201,0.0117
2489,46.538235,-1.080073,81.99,26.01,8.576,145.7,Aug-15,248847,2019-08-18 22:23:58:380,0.4458,0.6245,9.4967,-0.7956,0.5107,9.761,0.0028,-0.0318,0.0107
2490,46.538235,-1.080073,81.99,26.01,8.576,145.7,Aug-15,248946,2019-08-18 22:23:58:479,0.219,0.6724,9.7786,-0.7406,0.5273,9.7644,0.0103,-0.003,0.0107
2491,46.538235,-1.080073,81.99,26.01,8.576,145.7,Aug-15,249046,2019-08-18 22:23:58:579,0.4255,0.7688,9.6877,-0.7086,0.5291,9.7667,-0.0046,0.0023,0.0096
2492,46.538235,-1.080073,81.99,26.01,8.576,145.7,Aug-15,249145,2019-08-18 22:23:58:678,0.119,0.4755,9.7134,-0.6637,0.5284,9.7699,-0.0025,-0.0051,0.0075
2493,46.538235,-1.080073,81.99,26.01,8.576,145.7,Aug-15,249247,2019-08-18 22:23:58:780,0.2603,0.4306,9.6134,-0.6282,0.5293,9.7722,-0.0036,-0.0009,0.0053
2494,46.538235,-1.080073,81.99,26.01,8.576,145.7,Aug-15,249345,2019-08-18 22:23:58:878,0.2315,0.7239,9.5865,-0.5894,0.5283,9.7747,-0.0004,0.0055,0.0064
2495,46.538235,-1.080073,81.99,26.01,8.576,145.7,Aug-15,249445,2019-08-18 22:23:58:978,0.2938,0.4719,9.7122,-0.5649,0.5335,9.7758,0.006,0.0013,0.0085
2496,46.538235,-1.080073,81.99,26.01,8.576,145.7,Aug-15,249546,2019-08-18 22:23:59:079,0.3638,0.5443,9.3968,-0.3306,0.5369,9.7864,0.0092,0.0055,0.0075
2497,46.538235,-1.080073,81.99,26.01,8.576,145.7,Aug-15,249645,2019-08-18 22:23:59:178,0.1819,0.539,9.3327,-0.1635,0.5426,9.7903,0.0039,0.0076,0.0053
2498,46.538235,-1.080073,81.99,26.01,8.576,145.7,Aug-15,249746,2019-08-18 22:23:59:279,0.3333,0.5958,9.7643,-0.0693,0.5337,9.7919,-0.0014,0.0108,0.0043
2499,46.538235,-1.080073,81.99,26.01,8.576,145.7,Aug-15,249846,2019-08-18 22:23:59:379,0.2417,0.7054,10.1354,-0.0158,0.5441,9.7915,0.0007,-0.0147,0.0043
2500,46.538235,-1.080073,81.99,26.01,8.576,145.7,Aug-15,249945,2019-08-18 22:23:59:478,0.2046,0.3432,9.8211,-0.0051,0.545,9.7915,0.0049,0.0013,0.0053
2501,46.538235,-1.080073,81.99,26.01,8.576,145.7,Aug-15,250046,2019-08-18 22:23:59:579,0.2034,0.7437,10.039,0.0386,0.5498,9.7911,0.0081,-0.0009,0.0064
2502,46.538235,-1.080073,81.99,26.01,8.576,145.7,Aug-15,250146,2019-08-18 22:23:59:679,0.1711,0.6569,10.1731,0.074,0.5446,9.7912,0.0028,-0.0083,0.0053
2503,46.538235,-1.080073,81.99,26.01,8.576,145.7,Aug-15,250246,2019-08-18 22:23:59:779,0.2758,0.4803,9.7008,0.1142,0.5421,9.791,-0.0057,0.0098,0.0053
2504,46.538235,-1.080073,81.99,26.01,8.576,145.7,Aug-15,250345,2019-08-18 22:23:59:878,0.2058,0.6395,9.7858,0.1087,0.5415,9.7911,-0.0014,0.0087,0.0053
2505,46.538235,-1.080073,81.99,26.01,8.576,145.7,Aug-15,250445,2019-08-18 22:23:59:978,0.0125,0.5605,9.887,0.1192,0.5434,9.7909,0.0028,-0.0105,0.0075
2506,46.538235,-1.080073,81.99,26.01,8.576,145.7,Aug-15,250545,2019-08-18 22:24:00:078,0.1854,0.4911,9.7864,0.1331,0.5418,9.7908,-0.0014,-0.0019,0.0075
2507,46.538235,-1.080073,81.99,26.01,8.576,145.7,Aug-15,250645,2019-08-18 22:24:00:178,0.0765,0.6144,9.8588,0.1307,0.5391,9.791,0.0018,-0.0019,0.0043
2508,46.538235,-1.080073,81.99,26.01,8.576,145.7,Aug-15,250746,2019-08-18 22:24:00:279,0.0717,0.427,9.981,0.1254,0.5305,9.7915,-0.0014,-0.0041,0.0011
2509,46.538235,-1.080073,81.99,26.01,8.576,145.7,Aug-15,250846,2019-08-18 22:24:00:379,0.1124,0.6892,9.8229,0.1032,0.5311,9.7917,-0.0025,0.0055,0.0022
2510,46.538235,-1.080073,81.99,26.01,8.576,145.7,Aug-15,250946,2019-08-18 22:24:00:479,0.1112,0.4827,9.7858,0.0967,0.5284,9.7919,-0.0014,-0.0041,0.0043
2511,46.538235,-1.080073,81.99,26.01,8.576,145.7,Aug-15,251046,2019-08-18 22:24:00:579,0.2351,0.5013,9.866,0.1166,0.5315,9.7915,-0.0014,-0.003,0.0064
2512,46.538235,-1.080073,81.99,26.01,8.576,145.7,Aug-15,251149,2019-08-18 22:24:00:682,0.216,0.451,9.5668,0.1259,0.5223,9.7919,-0.0025,0.0087,0.0075
2513,46.538235,-1.080073,81.99,26.01,8.576,145.7,Aug-15,251245,2019-08-18 22:24:00:778,0.3165,0.4007,9.7673,0.1555,0.5188,9.7917,0.0018,0.0045,0.0053
2514,46.538235,-1.080073,81.99,26.01,8.576,145.7,Aug-15,251345,2019-08-18 22:24:00:878,0.3596,0.6503,9.5763,0.1795,0.5357,9.7904,0.0049,-0.0062,0.0053
2515,46.538235,-1.080073,81.99,26.01,8.576,145.7,Aug-15,251446,2019-08-18 22:24:00:979,0.2208,0.5695,9.7014,0.1907,0.5393,9.79,0.0028,-0.0009,0.0075
2516,46.538235,-1.080073,81.99,26.01,8.576,145.7,Aug-15,251545,2019-08-18 22:24:01:078,0.3686,0.594,9.6164,0.197,0.5443,9.7895,-0.0014,-0.0019,0.0107
2517,46.538235,-1.080073,81.99,26.01,8.576,145.7,Aug-15,251646,2019-08-18 22:24:01:179,0.3848,0.6742,9.6918,0.2026,0.5528,9.789,-0.0004,0.0034,0.0096
2518,46.538235,-1.080073,81.99,26.01,8.576,145.7,Aug-15,251745,2019-08-18 22:24:01:278,0.347,0.612,9.7541,0.2464,0.5726,9.7868,0.0039,0.0002,0.0117
2519,46.538235,-1.080073,81.99,26.01,8.576,145.7,Aug-15,251846,2019-08-18 22:24:01:379,0.4578,0.6934,9.6925,0.3042,0.6371,9.7812,0.006,-0.003,0.0149
2520,46.538235,-1.080073,81.99,26.01,8.576,145.7,Aug-15,251945,2019-08-18 22:24:01:478,0.5314,1.0154,9.7727,0.3241,0.6619,9.7789,0.0071,-0.0073,0.0171
2521,46.538235,-1.080073,81.99,26.01,8.576,145.7,Aug-15,252045,2019-08-18 22:24:01:578,0.4877,0.8562,9.9738,0.3729,0.7152,9.7734,0.0028,0.0013,0.016
2522,46.538235,-1.080073,81.99,26.01,8.576,145.7,Aug-15,252146,2019-08-18 22:24:01:679,0.4871,0.8987,9.4596,0.4097,0.7562,9.7689,-0.0036,-0.0019,0.016
2523,46.538235,-1.080073,81.99,26.01,8.576,145.7,Aug-15,252245,2019-08-18 22:24:01:778,0.4979,1.0028,9.7128,0.4417,0.8033,9.7637,0.0028,0.0013,0.016
2524,46.538235,-1.080073,81.99,26.01,8.576,145.7,Aug-15,252346,2019-08-18 22:24:01:879,0.5296,0.7467,9.8271,0.4637,0.807,9.7624,0.0007,0.0076,0.0149
2525,46.538235,-1.080073,81.99,26.01,8.576,145.7,Aug-15,252446,2019-08-18 22:24:01:979,0.5673,0.8053,10.1168,0.4864,0.8178,9.7604,-0.0004,-0.0062,0.0117
2526,46.538235,-1.080073,81.99,26.01,8.576,145.7,Aug-15,252546,2019-08-18 22:24:02:079,0.5955,0.9077,9.793,0.4958,0.817,9.76,-0.0014,-0.0062,0.0128
2527,46.538235,-1.080073,81.99,26.01,8.576,145.7,Aug-15,252645,2019-08-18 22:24:02:178,0.5667,0.828,9.887,0.5173,0.8006,9.7602,-0.011,0.0045,0.0128
2528,46.538235,-1.080073,81.99,26.01,8.576,145.7,Aug-15,252745,2019-08-18 22:24:02:278,0.6984,0.5563,10.127,0.5301,0.8181,9.7581,-0.0025,-0.0051,0.0128
2529,46.538235,-1.080073,81.99,26.01,8.576,145.7,Aug-15,252846,2019-08-18 22:24:02:379,0.5416,0.688,9.617,0.5525,0.8019,9.7582,0.0007,-0.003,0.0107
2530,46.538235,-1.080073,81.99,26.01,8.576,145.7,Aug-15,252946,2019-08-18 22:24:02:479,0.6086,0.8203,9.9073,0.5676,0.7869,9.7585,-0.0057,0.0055,0.0096
2531,46.538235,-1.080073,81.99,26.01,8.576,145.7,Aug-15,253046,2019-08-18 22:24:02:579,0.5649,0.612,10.2533,0.5836,0.7722,9.7588,-0.0046,-0.0062,0.0096
2532,46.538235,-1.080073,81.99,26.01,8.576,145.7,Aug-15,253146,2019-08-18 22:24:02:679,0.6763,0.761,9.4093,0.5902,0.7714,9.7584,0.0049,-0.0009,0.0096
2533,46.538235,-1.080073,81.99,26.01,8.576,145.7,Aug-15,253245,2019-08-18 22:24:02:778,0.5619,0.6629,9.7182,0.5875,0.7681,9.7589,0.0028,0.0045,0.0107
2534,46.538235,-1.080073,81.99,26.01,8.576,145.7,Aug-15,253345,2019-08-18 22:24:02:878,0.5003,0.7185,10.0408,0.599,0.7661,9.7583,0.0071,-0.0062,0.0107
2535,46.538235,-1.080073,81.99,26.01,8.576,145.7,Aug-15,253445,2019-08-18 22:24:02:978,0.7092,0.2858,9.4674,0.6109,0.7355,9.7599,0.0028,0.0087,0.0096
2536,46.538235,-1.080073,81.99,26.01,8.576,145.7,Aug-15,253545,2019-08-18 22:24:03:078,0.6242,0.9137,9.5799,0.6127,0.7464,9.759,-0.0036,-0.0009,0.0117
2537,46.538235,-1.080073,81.99,26.01,8.576,145.7,Aug-15,253646,2019-08-18 22:24:03:179,0.5781,0.831,10.5729,0.6255,0.739,9.7587,-0.0057,-0.0137,0.0117
2538,46.538235,-1.080073,81.99,26.01,8.576,145.7,Aug-15,253746,2019-08-18 22:24:03:279,0.617,0.8502,9.6907,0.6312,0.7452,9.7579,0.0049,-0.003,0.0128
2539,46.538235,-1.080073,81.99,26.01,8.576,145.7,Aug-15,253846,2019-08-18 22:24:03:379,0.7002,0.6862,9.1693,0.6245,0.75,9.758,-0.0057,0.0087,0.0128
2540,46.538235,-1.080073,81.99,26.01,8.576,145.7,Aug-15,253946,2019-08-18 22:24:03:479,0.6637,0.9885,10.0073,0.6267,0.7532,9.7576,0.0028,0.0002,0.0139
2541,46.538235,-1.080073,81.99,26.01,8.576,145.7,Aug-15,254046,2019-08-18 22:24:03:579,0.6763,0.9119,9.8193,0.6227,0.7578,9.7575,-0.0004,0.0076,0.0171
2542,46.538235,-1.080073,81.99,26.01,8.576,145.7,Aug-15,254145,2019-08-18 22:24:03:678,0.6774,0.9873,10.0001,0.6286,0.8048,9.7533,0.0007,-0.003,0.0203
2543,46.538235,-1.080073,81.99,26.01,8.576,145.7,Aug-15,254246,2019-08-18 22:24:03:779,0.623,1.1142,9.4321,0.6439,0.8451,9.7489,0.0092,0.0034,0.0203
2544,46.538235,-1.080073,81.99,26.01,8.576,145.7,Aug-15,254346,2019-08-18 22:24:03:879,0.7463,1.1369,10.0199,0.6608,0.9033,9.7426,0.0039,-0.003,0.0192
2545,46.538235,-1.080073,81.99,26.01,8.576,145.7,Aug-15,254445,2019-08-18 22:24:03:978,0.7864,0.919,10.0013,0.6629,0.9329,9.7396,0.0049,-0.0062,0.0203
2546,46.538235,-1.080073,81.99,26.01,8.576,145.7,Aug-15,254546,2019-08-18 22:24:04:079,0.6547,0.9148,9.3543,0.6748,0.9419,9.738,0.0007,0.013,0.0181
2547,46.538235,-1.080073,81.99,26.01,8.576,145.7,Aug-15,254646,2019-08-18 22:24:04:179,0.6792,1.1531,10.0911,0.6732,0.9497,9.7373,0.0049,0.0013,0.0171
2548,46.538235,-1.080073,81.99,26.01,8.576,145.7,Aug-15,254745,2019-08-18 22:24:04:278,0.6804,1.0441,9.7691,0.6873,0.9511,9.7362,-0.0078,-0.0115,0.0171
2549,46.538235,-1.080073,81.99,26.01,8.576,145.7,Aug-15,254845,2019-08-18 22:24:04:378,0.8121,1.0603,9.9678,0.688,0.9483,9.7364,-0.0057,0.0034,0.0171
2550,46.538235,-1.080073,81.99,26.01,8.576,145.7,Aug-15,254946,2019-08-18 22:24:04:479,0.6278,0.7341,9.8684,0.6939,0.9423,9.7366,-0.0046,-0.0094,0.0117
2551,46.538235,-1.080073,81.99,26.01,8.576,145.7,Aug-15,255045,2019-08-18 22:24:04:578,0.6685,0.6772,9.6583,0.6948,0.931,9.7376,-0.0046,0.0034,0.0053
2552,46.538235,-1.080073,81.99,26.01,8.576,145.7,Aug-15,255146,2019-08-18 22:24:04:679,0.6858,0.6479,9.6374,0.6888,0.9179,9.7393,0.0007,0.0034,0.0032
2553,46.538235,-1.080073,81.99,26.01,8.576,145.7,Aug-15,255246,2019-08-18 22:24:04:779,0.9187,0.7383,9.6709,0.6969,0.8626,9.7437,-0.0068,-0.003,0.0032
2554,46.538235,-1.080073,81.99,26.01,8.576,145.7,Aug-15,255345,2019-08-18 22:24:04:878,0.7834,0.6102,9.7427,0.7196,0.764,9.7503,-0.0068,0.0034,0.0
2555,46.538235,-1.080073,81.99,26.01,8.576,145.7,Jun-14,255445,2019-08-18 22:24:04:978,0.714,0.2941,9.723,0.7276,0.7288,9.7524,0.0007,0.0013,-0.0053
2556,46.538235,-1.080073,81.99,26.01,8.576,145.7,Jun-14,255546,2019-08-18 22:24:05:079,0.7008,0.351,9.553,0.7345,0.6988,9.7541,-0.0121,-0.0009,-0.0128
2557,46.538235,-1.080073,81.99,26.01,8.576,145.7,Jun-14,255646,2019-08-18 22:24:05:179,0.6828,0.2062,9.4231,0.7278,0.6783,9.7561,-0.0078,0.0119,-0.0149
2558,46.538235,-1.080073,81.99,26.01,8.576,145.7,Jun-14,255745,2019-08-18 22:24:05:278,0.7475,0.1164,9.6942,0.7283,0.6458,9.7582,-0.0036,-0.0041,-0.0149
2559,46.538235,-1.080073,81.99,26.01,8.576,145.7,Jun-14,255845,2019-08-18 22:24:05:378,0.7128,0.1277,9.8463,0.7235,0.5416,9.7649,-0.0014,0.013,-0.0128
2560,46.538235,-1.080073,81.99,26.01,8.576,145.7,Jun-14,255945,2019-08-18 22:24:05:478,0.1986,-0.0662,10.0677,0.6941,0.5164,9.7684,0.0028,0.0098,-0.0106
2561,46.538235,-1.080073,81.99,26.01,8.576,145.7,Jun-14,256045,2019-08-18 22:24:05:578,-0.6687,0.2145,9.9151,0.636,0.5096,9.7727,0.0071,0.0289,-0.0074
2562,46.538235,-1.080073,81.99,26.01,8.576,145.7,Jun-14,256145,2019-08-18 22:24:05:678,-0.8159,0.4677,9.9379,0.5374,0.5048,9.7789,0.0081,0.0215,0.0043
2563,46.538235,-1.080073,81.99,26.01,8.576,145.7,Jun-14,256245,2019-08-18 22:24:05:778,-0.8866,0.2534,9.8906,0.4922,0.5029,9.7814,0.0049,-0.0009,0.0032
2564,46.538235,-1.080073,81.99,26.01,8.576,145.7,Jun-14,256346,2019-08-18 22:24:05:879,-0.8267,0.3648,9.4417,0.434,0.5015,9.7842,-0.0004,0.0002,0.0075
2565,46.536377,-1.077953,81.08,29.05,11.792,141.0,0 / 17,256445,2019-08-18 22:24:05:978,-0.5556,0.4581,9.7254,0.3954,0.4959,9.7861,-0.0057,0.0023,0.0085
2566,46.536377,-1.077953,81.08,29.05,11.792,141.0,0 / 17,256545,2019-08-18 22:24:06:078,-0.6962,0.4127,9.7846,0.3384,0.4987,9.7881,0.0039,0.0023,0.0064
2567,46.536377,-1.077953,81.08,29.05,11.792,141.0,0 / 17,256646,2019-08-18 22:24:06:179,-0.6783,0.3809,10.1019,0.1106,0.5091,9.7928,0.0039,-0.0083,0.0064
2568,46.536377,-1.077953,81.08,29.05,11.792,141.0,0 / 17,256745,2019-08-18 22:24:06:278,0.5284,0.6718,10.1348,-0.0369,0.5168,9.793,-0.0004,-0.0286,0.0043
2569,46.536377,-1.077953,81.08,29.05,11.792,141.0,0 / 17,256845,2019-08-18 22:24:06:378,0.4799,0.7012,10.0336,0.0055,0.5206,9.7928,0.0049,-0.0392,0.0043
2570,46.536377,-1.077953,81.08,29.05,11.792,141.0,0 / 17,256946,2019-08-18 22:24:06:479,0.5212,0.6096,9.2256,0.0271,0.5209,9.7928,-0.0089,0.0013,0.0053
2571,46.536377,-1.077953,81.08,29.05,11.792,141.0,0 / 17,257046,2019-08-18 22:24:06:579,0.3955,0.4941,9.729,0.0144,0.5155,9.7931,-0.0068,0.0172,0.0043
2572,46.536377,-1.077953,81.08,29.05,11.792,141.0,0 / 17,257145,2019-08-18 22:24:06:678,0.3836,0.4085,9.6565,0.0119,0.5192,9.7929,0.0039,0.0055,0.0043
2573,46.536377,-1.077953,81.08,29.05,11.792,141.0,0 / 17,257245,2019-08-18 22:24:06:778,0.3099,0.6006,10.2066,0.0263,0.5232,9.7926,0.0028,-0.0126,0.0032
2574,46.536377,-1.077953,81.08,29.05,11.792,141.0,0 / 17,257345,2019-08-18 22:24:06:878,0.3465,0.5515,9.9367,0.0529,0.5201,9.7927,-0.0089,-0.0073,0.0022
2575,46.536377,-1.077953,81.08,29.05,11.792,141.0,0 / 17,257446,2019-08-18 22:24:06:979,0.11,0.5605,10.0947,0.087,0.5116,9.7929,-0.0078,-0.0009,-0.0011
2576,46.536377,-1.077953,81.08,29.05,11.792,141.0,0 / 17,257545,2019-08-18 22:24:07:078,0.3752,0.5366,9.6571,0.1641,0.5042,9.7923,0.0028,0.0013,0.0
2577,46.536377,-1.077953,81.08,29.05,11.792,141.0,0 / 17,257645,2019-08-18 22:24:07:178,0.3129,0.3827,9.2866,0.2025,0.4773,9.7929,0.006,0.0045,0.0011
2578,46.536377,-1.077953,81.08,29.05,11.792,141.0,0 / 17,257746,2019-08-18 22:24:07:279,0.5488,0.4677,10.1408,0.2088,0.48,9.7927,0.0018,-0.0062,0.0032
2579,46.536377,-1.077953,81.08,29.05,11.792,141.0,0 / 17,257845,2019-08-18 22:24:07:378,0.7972,0.7933,10.4718,0.2291,0.4787,9.7923,-0.0068,-0.0094,0.0053
2580,46.536377,-1.077953,81.08,29.05,11.792,141.0,0 / 17,257945,2019-08-18 22:24:07:478,0.4117,0.5862,9.699,0.2327,0.4788,9.7922,-0.0046,0.0045,0.0085
2581,46.536377,-1.077953,81.08,29.05,11.792,141.0,0 / 17,258046,2019-08-18 22:24:07:579,0.3207,0.6491,9.6775,0.2296,0.482,9.7921,-0.0068,0.0098,0.0075
2582,46.536377,-1.077953,81.08,29.05,11.792,141.0,0 / 17,258145,2019-08-18 22:24:07:678,0.1154,0.5802,9.2938,0.2246,0.4892,9.7919,0.0049,0.0098,0.0085
2583,46.536377,-1.077953,81.08,29.05,11.792,141.0,0 / 17,258246,2019-08-18 22:24:07:779,0.5332,0.9962,9.8642,0.2442,0.5102,9.7903,0.0071,-0.0147,0.0107
